﻿web-scraper-order,web-scraper-start-url,link,link-href,Caffeine,Flavor,Description,Ingredients,item_ID,Steeping,Image-src,Price,Name,Type
"1636385775-309","https://www.davidstea.com/us_en/tea/tea-by-type/rooibos/","Lemon Lullaby Organic","https://www.davidstea.com/us_en/tea/tea-by-type/rooibos/organic-lemon-lullaby/10883US01VAR0067423.html?cgid=rooibos-tea","Caffeine-free","How it tastes
Light & refreshing base with a mellow lemon twist.","A good night’s sleep is everything, now more than ever. For this tea, we sourced some of the world’s most calming ingredients: Vervain is a flowering herb used in folk medicine for its super relaxing effects while valerian root is popularly known as nature’s valium. We fused these sleep supporters with fresh lemon grass, lemon oil, & green rooibos – for a mellow yet intensely relaxing organic blend. Bonne nuit.
What makes it great

 Crafted with citrusy vervain & valerian root – two ingredients traditionally used for their calming and relaxing properties. 
 In aromatherapy lemon grass is used for its relaxing vibes.
 The perfect blending of lemon that’s not too sweet.","Organic green rooibos, Organic apple, Organic vervain leaf, Organic licorice root, Organic lemongrass, Organic lemon peel, Organic valerian root, Organic lemon oil, Organic marigold blossoms.

view more
view less","10883US01VAR0067423","Steep for 4-5 minutes","https://www.davidstea.com/dw/image/v2/BBXZ_PRD/on/demandware.static/-/Sites-davidstea-master-catalog/default/dwecbd6070/productimages/10883DT01VAR0088435-10883US01VAR0067423-BI-1.jpg?sw=450&sh=450&sm=fit","$10.98","Lemon Lullaby Organic","Rooibos"
"1636385780-310","https://www.davidstea.com/us_en/tea/tea-by-type/rooibos/","Bee the Change","https://www.davidstea.com/us_en/tea/tea-by-type/rooibos/bee-the-change/10804US01VAR0058847.html?cgid=rooibos-tea","Caffeine-free","Sweet and fragrant honey flavour with subtle floral notes of clover and rose","Good for you & the bees in the ecosystem. Embrace the invigorating powers of this vibrant floral honey rooibos. Strewn with defence-boosting echinacea, naturally sweet honeybush and aromatic rose, clover & marigolds, it’s a soothing caffeine-free infusion you’ll love to sip both hot and iced. 


What makes it great

When you purchase any Bee the Change product, 10% of the overall proceeds will go towards The Bee Conservancy.
Made with traditional wellness ingredients like defence-boosting echinacea and throat-soothing clover.
It’s caffeine-free – meaning it won’t keep you up at night or give you the jitters commonly associated with caffeine.
 Shared by the NY POST as an impactful eco-friendly gift.","Rosehips, Apple, Rooibos, Honeybush, Echinacea, Natural honey flavouring, Rose petals, Marigold flowers, Pink cornflower blossoms, Cornflower petals, Natural flavouring with stevia extract, Fenugreek seeds, Red clover flower.

view more
view less","10804US01VAR0058847","Steep for 4-5 minutes","https://www.davidstea.com/dw/image/v2/BBXZ_PRD/on/demandware.static/-/Sites-davidstea-master-catalog/default/dw159aedd5/productimages/10804DT01VAR0077543-10804US01VAR0058847-BI-1.jpg?sw=450&sh=450&sm=fit","$9.98","Bee the Change","Rooibos"
"1636385804-314","https://www.davidstea.com/us_en/tea/tea-by-type/rooibos/","Super Ginger Organic","https://www.davidstea.com/us_en/tea/tea-by-type/rooibos/organic-super-ginger/10396US01VAR0017123.html?cgid=rooibos-tea","Caffeine-free","How it tastes
Very potent and soothing
Sweet hot ginger taste, with extra spice from the peppercorns","This potent herbal infusion of anti-inflammatory ginger, green rooibos and peppercorns is so soothing, you might even say it has superpowers. It’s the spiciest, most comforting tisane imaginable – the perfect ginger tea to reach for when you’re fighting a cold or sore throat. The best part? It’s caffeine-free, so you can heal fast and still enjoy a good night's sleep.
What makes it great

Ginger is an ancient Chinese digestive remedy, so this is a great option after a heavy meal.
It's the ultimate throat soother – and it’s caffeine-free so you can drink it at night and still get your rest.","Organic ginger, Organic green rooibos*, Organic black pepper, Organic white pepper, Organic pink peppercorn, Natural flavouring with stevia extract.","10396US01VAR0017123","Steep for 4-5 minutes","https://www.davidstea.com/dw/image/v2/BBXZ_PRD/on/demandware.static/-/Sites-davidstea-master-catalog/default/dw7f0594a2/productimages/10396DT01VAR0016488-10396US01VAR0017123-BI-1.jpg?sw=450&sh=450&sm=fit","$9.98","Super Ginger Organic","Rooibos"
"1636385864-326","https://www.davidstea.com/us_en/tea/tea-by-type/rooibos/","Cranberry Cheer","https://www.davidstea.com/us_en/tea/tea-by-type/rooibos/cranberry-cheer/10939US01VAR0071485.html?cgid=rooibos-tea","Caffeine-free","How it tastes
 Fruity and warming, with the bright tartness of cranberry.","Detoxifying, invigorating & everything in between. Cleanse & rehydrate your body with this tart & spicy caffeine-free cranberry tea featuring naturally sweet rooibos and dandelion root – a wonder herb said to help get over hangovers. With a fresh burst of juicy cranberries, this herbal staple is a multifunction plant-based powerhouse you’ll want to sip morning, noon & night.
What makes it great

 With detoxifying dandelion root & hydrating rooibos, this cranberry tea is the perfect way to cleanse & rehydrate your body – especially after a night of overindulging.
 Used as a medicinal herb for centuries, dandelion root has been known to help get over hangovers thanks to its purifying properties.","Hibiscus, Rosehips, Rooibos, Cranberries, Dandelion root, Cinnamon, Natural cranberry flavouring, Oat straw, Natural lemon flavouring.","10939US01VAR0071485","Steep for 4-5 minutes","https://www.davidstea.com/dw/image/v2/BBXZ_PRD/on/demandware.static/-/Sites-davidstea-master-catalog/default/dwf7b8fba7/productimages/10939DT01VAR0093961-10939US01VAR0071485-BI-1.jpg?sw=450&sh=450&sm=fit","$10.98","Cranberry Cheer","Rooibos"
"1636385785-311","https://www.davidstea.com/us_en/tea/tea-by-type/rooibos/","Chamomile Dreamland Organic","https://www.davidstea.com/us_en/tea/tea-by-type/rooibos/organic-chamomile-dreamland/10887US01VAR0067726.html?cgid=rooibos-tea","Caffeine-free","How it tastes
A beautiful balance of chamomile & lavender with lemon for a touch of complexity.","Calling all chamomile fans. We blended this delicate caffeine-free rooibos with a handful of soothing chamomile buds to bring you a new bedtime favourite. To make it even dreamier, we added lavender accents that help relax the mind & lemon balm which is known to help induce sleep. We think you’ll also appreciate that we’ve added no flavouring to this blend. Just the perfect mix of sweet, sleepy ingredients.
What makes it great

 A dreamy blend of soothing chamomile & aromatic lavender.
 In aroma therapy Lemon balms citrusy scent used to help release tension.
 This organic blend features no added flavouring","Organic rooibos, Organic fennel seeds, Organic rosehip peel, Organic chamomile blossoms, Organic lemon balm leaves, Organic lemon peel, Organic lavender blossoms, Organic rose petals.

view more
view less","10887US01VAR0067726","Steep for 4-5 minutes","https://www.davidstea.com/dw/image/v2/BBXZ_PRD/on/demandware.static/-/Sites-davidstea-master-catalog/default/dwb8041954/productimages/10887DT01VAR0088800-10887US01VAR0067726-BI-1.jpg?sw=450&sh=450&sm=fit","$10.98","Chamomile Dreamland Organic","Rooibos"
"1636385765-307","https://www.davidstea.com/us_en/tea/tea-by-type/rooibos/","Organic Lemon Lullaby Sachets","https://www.davidstea.com/us_en/tea/tea-by-type/rooibos/organic-lemon-lullaby-sachets/961546US01VAR0075416.html?cgid=rooibos-tea","Caffeine-free","null","A good night’s sleep is everything, now more than ever. For this tea, we sourced some of the world’s most calming ingredients: Vervain is a flowering herb used in folk medicine for its super relaxing effects while valerian root is popularly known as nature’s valium. We fused these sleep supporters with fresh lemongrass, lemon oil, & green rooibos – for a mellow yet intensely relaxing organic blend. Bonne nuit.
What makes it great

Contains 15 ready-to-steep sachets – the easiest and quickest way to make a cup of tea when you’re in a hurry. Plus, our sachets are plant-based and biodegradable, for a more sustainable steeping experience.","Organic green rooibos, Organic apple, Organic vervain leaf, Organic licorice root, Organic lemongrass, Organic lemon peel, Organic valerian root, Organic lemon oil, Organic marigold blossoms.

view more
view less","961546US01VAR0075416","Steep for 4-5 minutes","https://www.davidstea.com/dw/image/v2/BBXZ_PRD/on/demandware.static/-/Sites-davidstea-master-catalog/default/dwe5595c3f/productimages/961546DT01VAR0090295-961546US01VAR0075416-BI-1.jpg?sw=450&sh=450&sm=fit","$9.00","Organic Lemon Lullaby Sachets","Rooibos"
"1636385869-327","https://www.davidstea.com/us_en/tea/tea-by-type/rooibos/","Butterscotch Chai","https://www.davidstea.com/us_en/tea/tea-by-type/rooibos/butterscotch-chai/10842US01VAR0064457.html?cgid=rooibos-tea","Caffeine-free","How it tastes
Sweet caramel with a hint of creamy butter & spices topped off by a rich, nutty rooibos finish.","When the temperature drops, is there anything more satisfying than comfort food? Comfort TEA. Add a dose of sweet caramel to your evening with this nutty caffeine-free rooibos – think flavourful & delicate spices, cardamom, cinnamon & creamy butter. Inspired by our favourite caramel hard candy.
What makes it great

 A sweet upgrade on the chai flavours you love
 It’s caffeine-free, so you can treat yourself to a mugful before bed
 The unexpected mix of sweet caramel with warming cinnamon & aromatic cardamom","Rooibos, Apple, Sugar, Ginger, Pineapple (pineapple, sugar), Mango (mango, sugar), Cardamom, Cinnamon, Papaya (papaya, sugar), Sweet blackberry leaves, Black pepper, Natural (caramel, butter, biscuit) flavouring with stevia extract.

view more
view less","10842US01VAR0064457","Steep for 4-5 minutes","https://www.davidstea.com/dw/image/v2/BBXZ_PRD/on/demandware.static/-/Sites-davidstea-master-catalog/default/dw0a2c93d6/productimages/10842DT01VAR0084490-10842US01VAR0064457-BI-1.jpg?sw=450&sh=450&sm=fit","$10.98","Butterscotch Chai","Rooibos"
"1636385823-318","https://www.davidstea.com/us_en/tea/tea-by-type/rooibos/","Jasmine Rooibos","https://www.davidstea.com/us_en/tea/tea-by-type/rooibos/jasmine-rooibos/10907US01VAR0069185.html?cgid=rooibos-tea","Caffeine-free","How it tastes
A classic jasmine flavour with a pinch of citrus and floral orange blossom.","Florals for spring that are actually ground-breaking. The trend forecasts have arrived, and they're saying caffeine-free is in. So naturally, we’ve created an uplifting jasmine rooibos that's free of all caffeine. Breathe in hints of floral orange blossoms and invigorate your senses with a zesty hint of citrus. This blissful blend is perfect for an afternoon zen moment.
What makes it great

 A naturally caffeine-free option for a jasmine scented tea.
 Fresh spring flavors to invigorate your senses.
 Uplift your mood with an awakening aroma.","Apple, Green and red rooibos, Lemongrass, Natural jasmine flavouring, White hibiscus buds, Rose petals, Orange blossoms, Marigold blossoms, Cornflower blossoms.","10907US01VAR0069185","Steep for 4-5 minutes","https://www.davidstea.com/dw/image/v2/BBXZ_PRD/on/demandware.static/-/Sites-davidstea-master-catalog/default/dw11ddf647/productimages/10907DT01VAR0090691-10907US01VAR0069185-BI-1.jpg?sw=450&sh=450&sm=fit","$9.98","Jasmine Rooibos","Rooibos"
"1636385809-315","https://www.davidstea.com/us_en/tea/tea-by-type/rooibos/","Earl Grey Rooibos Organic","https://www.davidstea.com/us_en/tea/tea-by-type/rooibos/organic-earl-grey-rooibos/10778US01VAR0057060.html?cgid=rooibos-tea","Caffeine-free","null","Sometimes when that midnight craving hits, nothing will do but a nice cup of Earl Grey. So when our customers asked us for a decaffeinated version, we happily obliged. We came up with a light and fruity blend of red rooibos with oil of bergamot and mandarin, great on its own or with a splash of milk and sugar. It’s naturally caffeine-free and packed with tons of amazing health perks. So now you can enjoy a tea party any time you want, night or day.","Organic rooibos, Organic rosehips, Organic apple, Organic rose petals, Natural (bergamot, mandarin) oil.","10778US01VAR0057060","Steep for 4-5 minutes","https://www.davidstea.com/dw/image/v2/BBXZ_PRD/on/demandware.static/-/Sites-davidstea-master-catalog/default/dw7a0b2fad/productimages/10778DT01VAR0074345-10778US01VAR0057060-BI-1.jpg?sw=450&sh=450&sm=fit","$9.98","Earl Grey Rooibos Organic","Rooibos"
"1636385836-321","https://www.davidstea.com/us_en/tea/tea-by-type/rooibos/","Confetti Cupcake","https://www.davidstea.com/us_en/tea/tea-by-type/rooibos/confetti-cupcake/10925US01VAR0070477.html?cgid=rooibos-tea","Low Caffeine","How it tastes
Creamy vanilla cake with lightly whipped frosting","This blend is serving serious funfetti vibes. Enjoy unbridled fun and wonder in every bite of this light green rooibos that tastes like the best vanilla birthday cake ever. Better yet, this one has no artificial colours or flavours. You’re never too old to have your cake and sip it too.
What makes it great

Made with no artificial flavours or colours.
White chocolate chips and sprinkles add a party to every cup.
Green rooibos adds subtle sweetness and antioxidants.","Apple, Sprinkles (cane sugar, palm oil, corn starch, natural colouring [from beet juice, vegetable juice, annato extract, spirulina extract, turmeric, beta-kerotene, paprika oleoresin], sunflower lecithin, maltodextrin, carnauba wax, cellulose gum), Chocolates (sugar, cocoa butter, whole milk powder, nonfat dry milk, whey powder, milk fat, lactose, soy lecithin, sunflower lecithin, cocoa mass, natural vanilla extract, natural colouring (beetroot), natural flavouring), Natural vanilla flavouring, Green rooibos, Calendula.

view more
view less","10925US01VAR0070477","Steep for 4-5 minutes","https://www.davidstea.com/dw/image/v2/BBXZ_PRD/on/demandware.static/-/Sites-davidstea-master-catalog/default/dw99e5613b/productimages/10925DT01VAR0092395-10925US01VAR0070477-BI-1.jpg?sw=450&sh=450&sm=fit","$8.98","Confetti Cupcake","Rooibos"
"1636385841-322","https://www.davidstea.com/us_en/tea/tea-by-type/rooibos/","Cotton Candy","https://www.davidstea.com/us_en/tea/tea-by-type/rooibos/cotton-candy/10441US01VAR0017451.html?cgid=rooibos-tea","Caffeine-free","How it tastes
Smooth and sweet – it really tastes like cotton candy!","This caffeine-free rooibos is ridiculously fun. Why? It tastes just like cotton candy! Developed with our favourite carnival treat in mind, this dessert tea combines nut brittle, candied mango and cotton candy sprinkles with a smooth, sweet base of green rooibos. The result? All the fun and flavour of fairy floss, minus the sugar high. It’s a carnival in a cup.
What makes it great

This fairground fave is guaranteed to please kids and grownups alike.
Our favourite way to drink it? Iced with two scoops of vanilla ice cream. Pure bliss.","Green rooibos, Sprinkles (sugar, salt, artificial flavouring, FD&C Red 3, FD&C Blue 1), Mango (mango, sugar, citric acid, sulfur dioxide), Brittle (sugar, hazelnuts, invert sugar), Natural and artificial cotton candy flavouring.

view more
view less","10441US01VAR0017451","Steep for 4-5 minutes","https://www.davidstea.com/dw/image/v2/BBXZ_PRD/on/demandware.static/-/Sites-davidstea-master-catalog/default/dw0dd43317/productimages/10441DT01VAR0021958-10441US01VAR0017451-BI-1.jpg?sw=450&sh=450&sm=fit","$8.98","Cotton Candy","Rooibos"
"1636385799-313","https://www.davidstea.com/us_en/tea/tea-by-type/rooibos/","Cinnamon Rooibos Chai Organic","https://www.davidstea.com/us_en/tea/tea-by-type/rooibos/organic-cinnamon-rooibos-chai/10063US01VAR0012971.html?cgid=rooibos-tea","Caffeine-free","How it tastes
The combo of cinnamon and rooibos is naturally very sweet and not too spicy","Organic rooibos tea and cinnamon are a powerhouse combination. According to aromatherapy principles, cinnamon enhances your ability to concentrate. Plus it has a clean and refreshing taste your breath will thank you for. And rooibos is super hydrating and bursting with vitamins and minerals. Your new favourite caffeine-free chai also contains sweet apple. Delicious.
What makes it great

Cinnamon is an even better breath-freshener than mint!
Cinnamon is great for concentration… making this an excellent caffeine-free option for a late night movie or cram sesh.
Craving a chai before bedtime? One sip is all it takes to satisfy your craving.
 Loved by REAL HOMES for the cozy factor: “No matter if I'm cold, tired, or just in need of some TLC, this cinnamon tea is a staple in my kitchen.”","Organic rooibos*, Organic apple, Organic cinnamon, Natural cinnamon flavouring.","10063US01VAR0012971","Steep for 4-5 minutes","https://www.davidstea.com/dw/image/v2/BBXZ_PRD/on/demandware.static/-/Sites-davidstea-master-catalog/default/dwa12ba2e7/productimages/10063DT01VAR003951-10063US01VAR0012971-BI-1.jpg?sw=450&sh=450&sm=fit","$9.98","Cinnamon Rooibos Chai Organic","Rooibos"
"1636385761-306","https://www.davidstea.com/us_en/tea/tea-by-type/rooibos/","Organic Super Ginger Sachets","https://www.davidstea.com/us_en/tea/tea-by-type/rooibos/organic-super-ginger-sachets/960468US01.html?cgid=rooibos-tea","Caffeine-free","null","This potent herbal infusion of anti-inflammatory ginger, green rooibos and peppercorns is so soothing, you might even say it has superpowers. It’s the spiciest, most comforting tisane imaginable – the perfect ginger tea to reach for when you’re fighting a cold or sore throat. The best part? It’s caffeine-free, so you can heal fast and still enjoy a good night's sleep. 
What makes it great

Contains 15 ready-to-steep sachets – the easiest and quickest way to make a cup of tea when you’re in a hurry. Plus, our sachets are plant-based and biodegradable, for a more sustainable steeping experience.","Organic ginger, Organic green rooibos*, Organic black pepper, Organic white pepper, Organic pink peppercorn, Natural flavouring with stevia extract.","960468US01","Steep for 4-5 minutes","https://www.davidstea.com/dw/image/v2/BBXZ_PRD/on/demandware.static/-/Sites-davidstea-master-catalog/default/dw10dda614/productimages/960468DT01-960468US01-BI-1.jpg?sw=450&sh=450&sm=fit","$9.00","Organic Super Ginger Sachets","Rooibos"
"1636385851-324","https://www.davidstea.com/us_en/tea/tea-by-type/rooibos/","Coco Chai Rooibos","https://www.davidstea.com/us_en/tea/tea-by-type/rooibos/coco-chai-rooibos/10066US01VAR0012973.html?cgid=rooibos-tea","Caffeine-free","How it tastes
 A sweet spiced chai with a rich, creamy touch of coconut.","Chai lovers, this one’s for you. This rich and spicy tea has a smooth base of caffeine-free rooibos, and a satisfying kick of cinnamon, ginger, cardamom and piquant pink peppercorns. There’s even a creamy hint of coconut. Try it straight up or infused in hot milk for a truly fabulous chai latte. It’s the kind of thing you get addicted to. 
 What makes it great

 A great caffeine-free option for chai lovers.
 Pink peppercorns are surprisingly mild and sweet.","Rooibos*, Ginger, Cinnamon, Coconut flake, Cardamom, Pink peppercorn, Clove, Natural (coconut, cinnamon, ginger, vanilla) flavouring.","10066US01VAR0012973","Steep for 4-5 minutes","https://www.davidstea.com/dw/image/v2/BBXZ_PRD/on/demandware.static/-/Sites-davidstea-master-catalog/default/dwb2c5d298/productimages/10066DT01VAR003953-10066US01VAR0012973-BI-1.jpg?sw=450&sh=450&sm=fit","$8.98","Coco Chai Rooibos","Rooibos"
"1636385769-308","https://www.davidstea.com/us_en/tea/tea-by-type/rooibos/","Hibiscus Healer Sachets","https://www.davidstea.com/us_en/tea/tea-by-type/rooibos/hibiscus-healer-sachets/961540US01VAR0068889.html?cgid=rooibos-tea","null","null","At DAVIDsTEA, we’re big on the benefits of hibiscus. It’s a long-standing obsession we always look forward to sharing with our wellness tea fans. This time we’re bringing you a fusion of purifying hibiscus, tummy-friendly ginger & hydrating rooibos for a berry-forward yet mellow flavour – topped with a pinch of chili pepper. The spiciness of the pepper & ginger sneak up on you as you come to the end of your cup – a warming hit of heat that’s not intense or overpowering but incredibly comforting. Drink it hot or iced.
What makes it great

Contains 15 ready-to-steep sachets – the easiest and quickest way to make a cup of tea when you’re in a hurry. Plus, our sachets are plant-based and biodegradable, for a more sustainable steeping experience.","null","961540US01VAR0068889","null","https://www.davidstea.com/dw/image/v2/BBXZ_PRD/on/demandware.static/-/Sites-davidstea-master-catalog/default/dwf5bcf8c3/productimages/961540DT01VAR0090276-961540US01VAR0068889-BI-1.jpg?sw=450&sh=450&sm=fit","$8.99","Hibiscus Healer Sachets","null"
"1636385832-320","https://www.davidstea.com/us_en/tea/tea-by-type/rooibos/","Mango No. 5","https://www.davidstea.com/us_en/tea/tea-by-type/rooibos/mango-no.-5/10930US01VAR0070829.html?cgid=rooibos-tea","Caffeine-free","How it tastes
A fruity blend with refreshing mint, infused with mango and melon.","Ladies and gentlemen, this is Mango Number Five. Fresh as they come, this hydrating green rooibos is infused with mellow mango, melon and a splash of mint. Have some fun with this fruity blend served on ice or warmed up. Monica, Erica and Tina agree, a little bit of you makes me your tea.
What makes it great

 Hydrating green rooibos keeps your thirst quenched.
 Tropical fruity flavors add dimension and zing to every sip.
 Minty and refreshing aftertaste that lasts.","Apple (apple, citric acid), Green rooibos, Lemongrass, Peppermint, Natural (mango, melon) flavouring, Candied mango (mango, sugar), Melon, Stevia extract.","10930US01VAR0070829","Steep for 4-5 minutes","https://www.davidstea.com/dw/image/v2/BBXZ_PRD/on/demandware.static/-/Sites-davidstea-master-catalog/default/dwefdb7b74/productimages/10930DT01VAR0092834-10930US01VAR0070829-BI-1.jpg?sw=450&sh=450&sm=fit","$9.98","Mango No. 5","Rooibos"
"1636385792-312","https://www.davidstea.com/us_en/tea/tea-by-type/rooibos/","Tahitian Vanilla","https://www.davidstea.com/us_en/tea/tea-by-type/rooibos/tahitian-vanilla/10891US01VAR0068006.html?cgid=rooibos-tea","Caffeine-free","How it tastes
Baked yellow sheet cake with vanilla frosting, topped with sesame.","Live every day like it’s your birthday. This tea is the taste-twin to yellow sheet cake with vanilla frosting, but better. Unwrap a rich Tahitian vanilla & rooibos blend sprinkled with sweet brittle pieces, sesame seeds, almonds and quinoa. We think everyone deserves a little cake in their mug.
What makes it great

 Real vanilla is hand-pollinated & the second most expensive spice in the world.
 Although vanilla is originally from Mexico, Tahitian vanilla is loved for its sweet and aroma.
 The first time we use sesame seeds in a blend.","Apple, Rooibos, Brittle pieces (sugar, hazelnut), Roasted chicory root, Artificial vanilla cake flavouring, Bean peel, Sesame seed, Almond flakes, Quinoa, Vanilla, Stevia extract.

view more
view less","10891US01VAR0068006","Steep for 4-5 minutes","https://www.davidstea.com/dw/image/v2/BBXZ_PRD/on/demandware.static/-/Sites-davidstea-master-catalog/default/dwa39fd1e5/productimages/10891DT01VAR0089228-10891US01VAR0068006-BI-1.jpg?sw=450&sh=450&sm=fit","$9.98","Tahitian Vanilla","Rooibos"
"1636385846-323","https://www.davidstea.com/us_en/tea/tea-by-type/rooibos/","Toasted Marshmallow","https://www.davidstea.com/us_en/tea/tea-by-type/rooibos/toasted-marshmallow/10937US01VAR0071336.html?cgid=rooibos-tea","Low Caffeine","How it tastes
Nostalgic flavours of melted milk chocolate and gooey burnt sugar","Gather around the fire and pour yourself the perfect marshmallow. Warm yourself with the nostalgic flavour of melted milk chocolate and a gooey, slightly burnt marshmallow. Like a s’more without the graham cracker, this tea smells of burnt sugar and tastes like a campfire.
What makes it great

A rooibos take on our famous S’mores Chai.
Gooey vegan marshmallows add real-life nostalgia to every sip.
 Our decadent chocolate is nothing short of a fine-dining s’mores experience.","Apple, Cocoa, Chocolate (sugar, cocoa mass, low fat cocoa powder, cocoa butter, dextrose, sunflower lecithin), Rosehip peel, Artificial cocoa butter flavouring,  Roasted chicory root, White chocolate (sugar, cocoa butter, whole milk powder, sunflower lecithin), Rooibos, Cocoa peel, Licorice root, Marshmallows (glucose-fructose syrup, sugar, water, carrageenan, dextrose, corn starch, hydrolyzed rice protein, sodium hexametaphosphate, natural flavouring, titanium dioxide), Stevia extract.

view more
view less","10937US01VAR0071336","Steep for 4-5 minutes","https://www.davidstea.com/dw/image/v2/BBXZ_PRD/on/demandware.static/-/Sites-davidstea-master-catalog/default/dw3d85c285/productimages/10937DT01VAR0093680-10937US01VAR0071336-BI-1.jpg?sw=450&sh=450&sm=fit","$9.98","Toasted Marshmallow","Rooibos"
"1636385814-316","https://www.davidstea.com/us_en/tea/tea-by-type/rooibos/","Lavender Buttercream","https://www.davidstea.com/us_en/tea/tea-by-type/rooibos/lavender-buttercream/10753US01VAR0055395.html?cgid=rooibos-tea","Caffeine-free","How it tastes
Sweet, creamy, decadent and floral – like vanilla cake with lavender buttercream frosting","Dessert is served! Sweet, creamy and laced with aromatic lavender, this decadent caffeine-free rooibos tea tastes just like a slice of vanilla cake with floral buttercream frosting. Sound delicious? Kick it up a notch by whipping it into a frothy iced latte, then pair it with your fave sponge cake for the ultimate sweet treat.
What makes it great

Craving dessert? Get your fix any time of day with this sweet rooibos tea laced with a floral pop of lavender.
Amazing as a caffeine-free iced latte.","Rooibos, Rosehips, Candied pineapple (pineapple, sugar), Sugar, Apple, Natural vanilla flavouring, Lavender, Natural (biscuit, butter) flavouring with stevia extract.","10753US01VAR0055395","Steep for 4-5 minutes","https://www.davidstea.com/dw/image/v2/BBXZ_PRD/on/demandware.static/-/Sites-davidstea-master-catalog/default/dwc1507e88/productimages/10753DT01VAR0072350-10753US01VAR0055395-BI-1.jpg?sw=450&sh=450&sm=fit","$9.98","Lavender Buttercream","Rooibos"
"1636385756-305","https://www.davidstea.com/us_en/tea/tea-by-type/rooibos/","Organic Cinnamon Rooibos Chai Sachets","https://www.davidstea.com/us_en/tea/tea-by-type/rooibos/organic-cinnamon-rooibos-chai-sachets/960458US01.html?cgid=rooibos-tea","Caffeine-free","null","Organic rooibos tea and cinnamon are a powerhouse combination. According to aromatherapy principles, cinnamon enhances your ability to concentrate. Plus it has a clean and refreshing taste your breath will thank you for. And rooibos is bursting with vitamins and minerals. Your new favourite caffeine-free tea also contains Zanzibar cloves and citrus oil. Delicious. 
What makes it great

Contains 15 ready-to-steep sachets – the easiest and quickest way to make a cup of tea when you’re in a hurry. Plus, our sachets are plant-based and biodegradable, for a more sustainable steeping experience.","Organic rooibos*, Organic apple, Organic cinnamon, Natural cinnamon flavouring.","960458US01","Steep for 4-5 minutes","https://www.davidstea.com/dw/image/v2/BBXZ_PRD/on/demandware.static/-/Sites-davidstea-master-catalog/default/dw358b2e30/productimages/960458DT01-960458US01-BI-1.jpg?sw=450&sh=450&sm=fit","$9.00","Organic Cinnamon Rooibos Chai Sachets","Rooibos"
"1636385858-325","https://www.davidstea.com/us_en/tea/tea-by-type/rooibos/","Carrot Cupcake","https://www.davidstea.com/us_en/tea/tea-by-type/rooibos/carrot-cupcake/10573US01VAR0025562.html?cgid=rooibos-tea","Caffeine-free","How it tastes
 Carrot cake with warming spices and a sweet creamy finish","This decadently creamy rooibos blend tastes just like your favourite carrot dessert. You’ll love its natural carrot sweetness and the extra zing of warmth from cinnamon and ginger. Plus it’s caffeine, so you can sip it all day every day. With rich cocoa shells and the delicious flavour of whipped cream, this is one dessert tea that’ll have you coming back for seconds. 
What makes it great

 This caffeine-free rooibos chai is a delicious dessert alternative.
 With warming ginger and cinnamon, this spiced rooibos tea is extra comforting as a latte. 
 Made with naturally sweet ingredients like rooibos and carrots, so you can skip the sweetener.","Carrot, Rooibos, Cocoa shells, Cinnamon, Apple, Ginger, Licorice root, Natural (whipped cream, apple) flavouring.","10573US01VAR0025562","Steep for 4-5 minutes","https://www.davidstea.com/dw/image/v2/BBXZ_PRD/on/demandware.static/-/Sites-davidstea-master-catalog/default/dw353612a7/productimages/10573DT01VAR0033330-10573US01VAR0025562-BI-1.jpg?sw=450&sh=450&sm=fit","$8.98","Carrot Cupcake","Rooibos"
"1636385874-328","https://www.davidstea.com/us_en/tea/tea-by-type/rooibos/","Wild Grown Rooibos","https://www.davidstea.com/us_en/tea/tea-by-type/rooibos/wild-grown-rooibos/10816US01VAR0059707.html?cgid=rooibos-tea","Caffeine-free","How it tastes
Sweet wild honey laced with the rich nuttiness of hazelnuts & almonds, and a light mineral note","An exquisitely smooth wild grown tea – discover a rare and refined South African rooibos with sweet wild honey & earthy notes, punctuated with a rich & nutty aroma of hazelnuts & almonds. Produced by a local farmer, this naturally hydrating and caffeine-free infusion is perfect hot or iced with lemon or milk, and made to be sipped at all hours of the day or night.
What makes it great

Made with a base of wild grown rooibos – a South African shrub touted for its hydrating properties.
Naturally sweet & caffeine-free.
This wild grown rooibos was produced by Izak, a local farmer, and processed by Johan – a South African tea producer who supports small scale farmers like Izak in the Cederberg mountains, often flying medicine to remote areas.","Wild grown rooibos from South Africa.","10816US01VAR0059707","Steep for 4-5 minutes","https://www.davidstea.com/dw/image/v2/BBXZ_PRD/on/demandware.static/-/Sites-davidstea-master-catalog/default/dwf94b0ffd/productimages/10816DT01VAR0079136-10816US01VAR0059707-BI-1.jpg?sw=450&sh=450&sm=fit","$8.98","Wild Grown Rooibos","Rooibos"
"1636385828-319","https://www.davidstea.com/us_en/tea/tea-by-type/rooibos/","Turmeric Chai Organic","https://www.davidstea.com/us_en/tea/tea-by-type/rooibos/organic-turmeric-chai/10888US01VAR0067789.html?cgid=rooibos-tea","Caffeine-free","How it tastes
Fragrant but mellow notes of turmeric, cardamom & ginger layer harmoniously over the sweet rooibos base.","Our fans have been asking for a turmeric chai tea, and we think we’ve nailed it. First, we started with a hydrating organic rooibos base and blended it with soothing organic ingredients like aromatic cardamom & warming ginger. It’s a unique caffeine-free tea that’s both fragrant & smooth – pure chai goodness.
What makes it great

 Sunset orange colour with aromas of sweet rooibos and hints of turmeric & ginger.
 Known as the “King of spice”, Turmeric is believed to be great for the skin & body. 
 Ginger has been used in traditional medicine for centuries to aid digestion & soothe colds. 
 Bright, aromatic & citrusy, Cardamom is traditionally used as a natural breath freshener & digestive aid.","Organic rooibos, Organic ginger, Organic Turmeric, Organic cinnamon, Organic cardamom, Organic cloves.","10888US01VAR0067789","Steep for 4-5 minutes","https://www.davidstea.com/dw/image/v2/BBXZ_PRD/on/demandware.static/-/Sites-davidstea-master-catalog/default/dwbe522392/productimages/10888DT01VAR0088875-10888US01VAR0067789-BI-1.jpg?sw=450&sh=450&sm=fit","$10.98","Turmeric Chai Organic","Rooibos"
"1636385818-317","https://www.davidstea.com/us_en/tea/tea-by-type/rooibos/","Headache Halo","https://www.davidstea.com/us_en/tea/tea-by-type/rooibos/headache-halo/10764US01VAR0056066.html?cgid=rooibos-tea","Caffeine-free","How it tastes
Smooth, creamy and cooling, with a light herbal note","Help calm a headache the natural way. This heavenly caffeine-free rooibos features soothing willow bark, comforting passionflower, cooling nana mint and relaxing lavender. The result? A smooth, fresh and creamy infusion designed to help melt away tension and ease the mind – morning, noon and night.
What makes it great

This calming, premium rooibos is like an all-natural headache soother.
Made with traditional ingredients like soothing willow bark and relaxing lavender to help melt away tension and ease the mind.
Trouble sleeping? This caffeine-free tea contains passionflower – a plant known for its sleep-friendly properties.","Rooibos, Nana mint, Lemongrass, Willow bark, Nettle leaves, Lavender, Passionflower, Vervain leaves, Rose petals, Mallow blossoms.","10764US01VAR0056066","Steep for 4-5 minutes","https://www.davidstea.com/dw/image/v2/BBXZ_PRD/on/demandware.static/-/Sites-davidstea-master-catalog/default/dwf8958a12/productimages/10764DT01VAR0073185-10764US01VAR0056066-BI-1.jpg?sw=450&sh=450&sm=fit","$9.98","Headache Halo","Rooibos"
