﻿web-scraper-order,web-scraper-start-url,link,link-href,Caffeine,Flavor,Description,Ingredients,item_ID,Steeping,Image-src,Price,Name,Type
"1636383590-196","https://www.davidstea.com/us_en/tea/tea-by-type/green/","Gyokuro Yamashiro Organic","https://www.davidstea.com/us_en/tea/tea-by-type/green/organic-gyokuro-yamashiro/10230US01VAR0013089.html?cgid=green-tea","High Caffeine","How it tastes
Mellow flavour combo of sweet grass and lightly roasted chestnuts","An organic green tea unlike any other, Gyokuro Yamashiro (“Jade Dew”) is shaded for 6-7 weeks prior to plucking, so it’s dark, extra-energizing and extremely rare outside of Japan. We love its tea oil and chlorophyll notes. And its lengthy time out of the sun gives it an intensely rich flavour – think dark, leafy greens mingled with buttery sweetness. So. Good.
What makes it great

A very rare and sought-after tea – only very small quantities are imported from Japan.
Shaded during the final growing period, which increases chlorophyll in the leaves and gives this energizing tea a sweeter, grassier taste and a deeper green liquor.","Organic steamed green tea from Kagoshima, Japan.","10230US01VAR0013089","Steep for 1-2 minutes","https://www.davidstea.com/dw/image/v2/BBXZ_PRD/on/demandware.static/-/Sites-davidstea-master-catalog/default/dwda5aefaa/productimages/10230DT01VAR004069-10230US01VAR0013089-BI-1.jpg?sw=450&sh=450&sm=fit","$24.98","Gyokuro Yamashiro Organic","Green Tea"
"1636383558-191","https://www.davidstea.com/us_en/tea/tea-by-type/green/","Southern Peach Cold Brew Soda Can","https://www.davidstea.com/us_en/tea/tea-by-type/green/southern-peach-cold-brew-soda-can/961589US01.html?cgid=green-tea","Low Caffeine","How it tastesSweet, cripsy & oh so peachy","Craving some southern hospitality? Brew this peachy green tea in cold water for maximum flavour with no bitterness. It’s sweet, crisp and bursting with juicy summer peaches. Best of all, you don’t need to use a kettle to enjoy its fresh fruity flavours to the fullest. Total gamechanger. With this quick cold brew tea by your side, that sunny veranda is just a sip away.



This loose leaf tea comes packed in a resealable tin, so it stays fresher longer.
What makes it great

Comes in a resealable soda can.
Steep directly in cold water for a quicker iced tea.","Green tea, Papaya (papaya, sugar), Apple, Artificial peach flavouring, Peach, Stevia extract.","961589US01","Steep for 1.5 hours at room temperature or 2 hours in fridge","https://www.davidstea.com/dw/image/v2/BBXZ_PRD/on/demandware.static/-/Sites-davidstea-master-catalog/default/dwf91dc01f/productimages/961589DT01VAR0091568-961589US01VAR0072452-BI-1.jpg?sw=450&sh=450&sm=fit","$19.00","Southern Peach Cold Brew Soda Can","Green Tea"
"1636383638-205","https://www.davidstea.com/us_en/tea/tea-by-type/green/","Mom's Apple Pie","https://www.davidstea.com/us_en/tea/tea-by-type/green/mom-s-apple-pie/10299US01VAR0013157.html?cgid=green-tea","Medium Caffeine","How it tastes
Sweet apples with a hint of cinnamon & refreshing green tea","This tea will bring you right back to your childhood. Thanks to the spicy aroma of cinnamon, the sweet smell of apples baking in the oven and the fresh green tea blend. Don’t remember that last part? Okay, so we added the green tea. It’s a great way to bring all the nostalgic flavour of mom’s dessert right to your mug. So wherever you go, you’ve got the warm memories…but not the sugar. Mom would approve.
What makes it great

 It's like sipping a cup of fall comfort.
 According to aromatherapy principles, cinnamon enhances your ability to concentrate.
 The perfect dose of nostalgia.","Green tea, Apple, Cinnamon, Artificial (apple, cinnamon) flavouring.","10299US01VAR0013157","Steep for 3-4 minutes","https://www.davidstea.com/dw/image/v2/BBXZ_PRD/on/demandware.static/-/Sites-davidstea-master-catalog/default/dw449c1de1/productimages/10299DT01VAR004137-10299US01VAR0013157-BI-1.jpg?sw=450&sh=450&sm=fit","$8.98","Mom's Apple Pie","Green Tea"
"1636383651-208","https://www.davidstea.com/us_en/tea/tea-by-type/green/","Elf Help Tea","https://www.davidstea.com/us_en/tea/tea-by-type/green/elf-help-tea/10877US01VAR0066838.html?cgid=green-tea","High Caffeine","How it tastes:
Smooth citrus, festive cranberry and creamy coconut tastes like a fruitcake you’ll actually like!","Ever wonder what the elves are sipping while they wrap your gifts? Elf Help, of course! This green tea blend is made with zesty and fresh orange peel, festive cranberry and creamy coconut. Inspired by the nostalgic flavours of traditional fruitcake, this holiday tea will have you grinning all season long saying: “I just like to smile, smiling is my favourite!”
What makes it great:

This blend tastes like a traditional fruitcake dessert – minus the stuffy candied fruit.
Its caffeinated green tea base makes it the perfect wrap-a-thon sipping companion.
Buddy the Elf-approved.","Green tea, Black currants, Orange peel, Papaya (papaya, cane sugar, citric acid, sulfur dioxide), Apple, Cranberries, Coconut, Natural (orange, cranberry, cream, macadamia) flavouring.

view more
view less","10877US01VAR0066838","Steep for 3-4 minutes","https://www.davidstea.com/dw/image/v2/BBXZ_PRD/on/demandware.static/-/Sites-davidstea-master-catalog/default/dw9a68e1e8/productimages/10877DT01VAR0087425-10877US01VAR0066838-BI-1.jpg?sw=450&sh=450&sm=fit","$9.98","Elf Help Tea","Green Tea"
"1636383646-207","https://www.davidstea.com/us_en/tea/tea-by-type/green/","Eggnog Matcha","https://www.davidstea.com/us_en/tea/tea-by-type/green/eggnog-matcha/10933US01VAR0075638.html?cgid=green-tea","Low Caffeine","How it tastes: 
Enjoy nostalgic eggnog flavours of velvety vanilla and warm spices, tied together with a matcha taste.","Sit back and breathe in the nostalgic comforts of a rich and velvety glass of eggnog. This matcha naturally boosts your energy, making it perfect for a winter’s day pick-me-up. Swirling with warm vanilla and spiced cinnamon notes, this new holiday classic is simply too good to egg-nore.
What makes it great:

Matcha’s natural energy-boosting properties give you a midday pick-me-up while keeping your mind clear and focused.
Our take on this traditional holiday drink features a nice touch of warm cinnamon.
Froth or steam milk to make an Eggnog Matcha Latte! Perfect for curling up by the fire and watching the snow fall.","Cane sugar, Dry whole milk powder, Matcha green tea, Natural (eggnog, cinnamon roll) flavouring.","10933US01VAR0075638","Whisk until frothy","https://www.davidstea.com/dw/image/v2/BBXZ_PRD/on/demandware.static/-/Sites-davidstea-master-catalog/default/dwfd2142c3/productimages/10933DT01VAR0099360-10933US01VAR0075638-BI-1.jpg?sw=450&sh=450&sm=fit","$10.98","Eggnog Matcha","Matcha Drink Mix"
"1636383642-206","https://www.davidstea.com/us_en/tea/tea-by-type/green/","Movie Night","https://www.davidstea.com/us_en/tea/tea-by-type/green/movie-night/10287US01VAR0013145.html?cgid=green-tea","Low Caffeine","How it tastes
Like a blend of caramel corn and apple – sweet, fruity and buttery","This popcorn tea is better than the real thing. First of all, it has real popcorn. Second of all, it’s sweetened with apple. Third of all, it has green tea, which studies (well, ok, experience) say is the ideal brew for keeping you quietly alert throughout a late-night flick. Great for thrillers, dramas, westerns or comedies. Drink it at home or smuggle it into the theatre.
What makes it great

It’s got all the deliciousness of your favourite movie-going snack, plus an energizing dose of feel-good green tea.
This is our only blend with real pieces of popcorn in it.
It’s been served at countless movie screenings and premieres – including the Toronto International Film Festival!","Apple, Green tea, Popped corn, Artificial (sweet maple, popcorn) flavouring.","10287US01VAR0013145","Steep for 3-4 minutes","https://www.davidstea.com/dw/image/v2/BBXZ_PRD/on/demandware.static/-/Sites-davidstea-master-catalog/default/dw59a4fd55/productimages/10287DT01VAR004125-10287US01VAR0013145-BI-1.jpg?sw=450&sh=450&sm=fit","$8.98","Movie Night","Green Tea"
"1636383605-199","https://www.davidstea.com/us_en/tea/tea-by-type/green/","Matcha Ice Cream","https://www.davidstea.com/us_en/tea/tea-by-type/green/matcha-ice-cream/10660US01VAR0044435.html?cgid=green-tea","Low Caffeine","How it tastes
Like creamy white chocolate mixed with a fresh pop of matcha and a nutty hint of raw almond","We sneakily boosted this creamy blend of green tea, white chocolate and almonds with a double scoop of matcha powder for added energy and benefits. It’s deliciously sweet and nutty, without being over-the-top decadent – perfect for satisfying your dessert cravings. And with its refreshing matcha green tea flavour, you can have your ice cream and sip it too.
What makes it great

It’s a healthy and delicious way to satisfy your dessert cravings.
We boosted this green tea blend with matcha powder for added energy and benefits.","Green tea, Almonds, Black currants, Sugar pearls, Matcha green tea, White chocolate curls (sugar, cocoa butter, milk powder, whey powder, lactose, soy lecithin,  natural vanilla), Stevia extract, Natural (white chocolate mousse, cream, almond) flavouring.

view more
view less","10660US01VAR0044435","Steep for 3-4 minutes","https://www.davidstea.com/dw/image/v2/BBXZ_PRD/on/demandware.static/-/Sites-davidstea-master-catalog/default/dw7c527743/productimages/10660DT01VAR0056921-10660US01VAR0044435-BI-1.jpg?sw=450&sh=450&sm=fit","$11.98","Matcha Ice Cream","Green Tea"
"1636383633-204","https://www.davidstea.com/us_en/tea/tea-by-type/green/","Green Passionfruit","https://www.davidstea.com/us_en/tea/tea-by-type/green/green-passionfruit/10854US01VAR0065250.html?cgid=green-tea","Low Caffeine","How it tastes
Very fruity with slight sharpness from the passion fruit","Calling all passion fruit lovers! This fresh tropical green tea will become your new obsession. With sweet pineapple, pretty flower petals and a big hit of tangy passion fruit essence, this juicy and energizing blend is a delicious way to get your fix. Try it as a refreshingly fruity iced tea or infused into your next martini.
What makes it great

Passion fruits are super refreshing.
Makes an amazing caffeinated iced tea thanks to its energizing green tea base.
Ultra thirstquenching after a hard workout.","Pineapple (pineapple, sugar), Green tea, Currants, Natural pineapple flavouring, Cornflower petals, Marigold petals, Natural (passion fruit, mango) flavouring with stevia extract.

view more
view less","10854US01VAR0065250","Steep for 3-4 minutes","https://www.davidstea.com/dw/image/v2/BBXZ_PRD/on/demandware.static/-/Sites-davidstea-master-catalog/default/dw64f96139/productimages/10854DT01VAR0085447-10854US01VAR0065250-BI-1.jpg?sw=450&sh=450&sm=fit","$10.98","Green Passionfruit","Green Tea"
"1636383573-193","https://www.davidstea.com/us_en/tea/tea-by-type/green/","Sicilian Lemon","https://www.davidstea.com/us_en/tea/tea-by-type/green/sicilian-lemon/10853US01VAR0065187.html?cgid=green-tea","Low Caffeine","Green tea with fresh lemon & a peppermint finish.","A bright & refreshing green tea of fresh lemon with a hint of peppermint – a curated blend with strong Sicilian lemon flavour.
What makes it great

 Tastes even better over ice
 Refreshing and bright lemon iced tea to beat the midday slump
 We love the brightness that comes from the natural lemon oil in the blend that evokes the flavour of Sicilian lemon.","Pineapple (pineapple, sugar, citric acid), Lemon, Green tea, Peppermint, Natural Mojito flavouring, Natural lemon oil, Sugar powder.","10853US01VAR0065187","Steep for 3-4 minutes","https://www.davidstea.com/dw/image/v2/BBXZ_PRD/on/demandware.static/-/Sites-davidstea-master-catalog/default/dwc8a9dc5c/productimages/10853DT01VAR0085378-10853US01VAR0065187-BI-1.jpg?sw=450&sh=450&sm=fit","$10.98","Sicilian Lemon","Green Tea"
"1636383611-200","https://www.davidstea.com/us_en/tea/tea-by-type/green/","Anji Green Organic","https://www.davidstea.com/us_en/tea/tea-by-type/green/organic-anji-green/10803US01VAR0058788.html?cgid=green-tea","Low Caffeine","How it tastes
Fresh, buttery and invigorating, with vegetal notes of artichoke, asparagus and a hint of roasted corn","Invigorating freshness you’ll want to embrace. Grown in the cool, misty foothills of China’s Nine Dragons mountain, this luxuriously rich organic green tea from Anji county steeps ethereal notes of artichokes and asparagus with hints of roasted corn. Plus it’s packed with all the energizing and detoxifying benefits green tea is known for. No wonder this this Chinese tea is a real hit among green tea lovers. 
What makes it great

Packed with all the energizing and detoxifying benefits green tea is known for.
This premium organic green tea can only be produced in Anji, a region in China’s Zhejiang Province famous for its bamboo forests and fresh mountain air.","Organic green tea from Anji area, Zhejiang province, China.","10803US01VAR0058788","Steep for 2-3 minutes","https://www.davidstea.com/dw/image/v2/BBXZ_PRD/on/demandware.static/-/Sites-davidstea-master-catalog/default/dwfdc36745/productimages/10803DT01VAR0077478-10803US01VAR0058788-BI-1.jpg?sw=450&sh=450&sm=fit","$25.98","Anji Green Organic","Green Tea"
"1636383584-195","https://www.davidstea.com/us_en/tea/tea-by-type/green/","North African Mint Organic","https://www.davidstea.com/us_en/tea/tea-by-type/green/organic-north-african-mint/10006US01VAR0012944.html?cgid=green-tea","Low Caffeine","How it tastes
Complex, sweet and minty – with a spicy finish from the ginger and cardamom","Explore Northern Africa, from its souks to its deserts, with our soothing and lightly spiced mint green tea. It combines fresh peppermint with comforting cardamom, ginger, licorice root and fennel – spices well-loved for their digestive properties. Deliciously aromatic with all the romance of the Maghreb, it’s the perfect way to unwind after a heavy meal.
What makes it great

Mint, ginger and fennel are all great digestive aids. With an added energy boost from green tea, this is the perfect blend after a heavy meal.
It's the ultimate comfort tea if you're feeling under the weather or having tummy troubles.","Organic green tea, Organic ginger, Organic peppermint, Organic cardamom, Organic licorice root, Organic fennel, Organic clove, Organic black pepper.","10006US01VAR0012944","Steep for 3-4 minutes","https://www.davidstea.com/dw/image/v2/BBXZ_PRD/on/demandware.static/-/Sites-davidstea-master-catalog/default/dwbf86b60f/productimages/10006DT01VAR003924-10006US01VAR0012944-BI-1.jpg?sw=450&sh=450&sm=fit","$9.98","North African Mint Organic","Green Tea"
"1636383579-194","https://www.davidstea.com/us_en/tea/tea-by-type/green/","Blood Orange Boost","https://www.davidstea.com/us_en/tea/tea-by-type/green/blood-orange-boost/10818US01VAR0062818.html?cgid=green-tea","Low Caffeine","How it tastes
Smooth with a clean bright citrus taste that’s perfectly balanced by deep blood orange notes, aromatic rosemary and a lingering floral finish","Flavours you’ll remember forever. From bright & clean citrus notes to distinctive blood orange, memory-friendly rosemary topped with a floral finish, this smooth L-theanine-rich green tea is all you need to feel instantly replenished and focused. Refreshing hot or iced, every sip is a memory in the making.
What makes it great

Made with GABA green tea, a next-level green tea known to boost mental focus and promote a greater sense of well-being and mindfulness.
Contains rosemary – and aromatic herb that’s been hailed for its memory-boosting benefits. Say hello to your new study buddy!
Made with invigorating, L-theanine-rich green tea, which has been said to help promote relaxation, as well as help improve focus.","Apple (apple, citric acid), Green tea, Hibiscus blossoms, Natural blood orange flavouring, Orange peel, Rosemary, Roasted chicory root, GABA green tea, Olive leaves, Stevia extract.

view more
view less","10818US01VAR0062818","Steep for 3-4 minutes","https://www.davidstea.com/dw/image/v2/BBXZ_PRD/on/demandware.static/-/Sites-davidstea-master-catalog/default/dw1a7d3300/productimages/10818DT01VAR0082288-10818US01VAR0062818-BI-1.jpg?sw=450&sh=450&sm=fit","$10.98","Blood Orange Boost","Green Tea"
"1636383539-187","https://www.davidstea.com/us_en/tea/tea-by-type/green/","Organic David's Detox Sachets","https://www.davidstea.com/us_en/tea/tea-by-type/green/organic-david-s-detox-sachets/961536US01VAR0068780.html?cgid=green-tea","null","null","We decided it was time to give our signature blend a nice new glow-up. By adding a pinch more ingredients famous for their cleansing benefits, we’ve transformed this cleansing tea into a full-on detox dream. David’s Detox is a lemony rooibos blend wrapped inside a green tea blend with a sprinkling of purifying dandelion root, super herb ginkgo, superfood spirulina and a pinch of ginger. Best of all, for a detox blend, it goes down real smooth.
What makes it great

Contains 15 ready-to-steep sachets – the easiest and quickest way to make a cup of tea when you’re in a hurry.
Made with the same premium tea and whole ingredients you know and love.
Perfect for on the go.
We increased the number of sachets per box and reduced the price and packaging, so you get more for less – plus a more sustainable steeping experience.","null","961536US01VAR0068780","null","https://www.davidstea.com/dw/image/v2/BBXZ_PRD/on/demandware.static/-/Sites-davidstea-master-catalog/default/dwbf58b998/productimages/961536DT01VAR0090153-961536US01VAR0068780-BI-1.jpg?sw=450&sh=450&sm=fit","$9.00","Organic David's Detox Sachets","null"
"1636383554-190","https://www.davidstea.com/us_en/tea/tea-by-type/green/","Blood Orange Boost Tea Sachets Pack of 25","https://www.davidstea.com/us_en/tea/tea-by-type/green/blood-orange-boost-tea-sachets-pack-of-25/961882US01VAR0075725.html?cgid=green-tea","Low Caffeine","null","Flavors you’ll remember forever. From bright & clean citrus notes to distinctive blood orange, memory-friendly rosemary topped with a floral finish, this smooth L-theanine-rich green tea is all you need to feel instantly replenished and focused. Refreshing hot or iced, every sip is a memory in the making.
Contains 25 ready-to-steep tea sachets – the easiest and quickest way to make a cup of tea when you’re in a hurry.","Apple (apple, citric acid), Green tea, Hibiscus blossoms, Natural blood orange flavouring, Orange peel, Rosemary, Roasted chicory root, GABA green tea, Olive leaves, Stevia extract.

view more
view less","961882US01VAR0075725","Steep for 3-4 minutes","https://www.davidstea.com/dw/image/v2/BBXZ_PRD/on/demandware.static/-/Sites-davidstea-master-catalog/default/dwc5bf6143/productimages/961882DT01VAR0099488-961882US01VAR0075725-BI-1.jpg?sw=450&sh=450&sm=fit","$20.00","Blood Orange Boost Tea Sachets Pack of 25","Green Tea"
"1636383550-189","https://www.davidstea.com/us_en/tea/tea-by-type/green/","Echinacea Shield Sachets Pack of 25","https://www.davidstea.com/us_en/tea/tea-by-type/green/echinacea-shield-sachets-pack-of-25/961748US01VAR0074609.html?cgid=green-tea","Medium Caffeine","null","When cold season attacks, defend yourself with this revitalizing echinacea green tea. It’s fruity, energizing and overflowing with popular immune-boosting ingredients we love – from antioxidant-rich berries like goji and elderberries to natural cold-fighting staples like echinacea and ginseng. With this powerhouse green tea in your arsenal, cold season doesn’t stand a chance.
 Contains 25 ready-to-steep sachets – the easiest and quickest way to make a cup of tea when you’re in a hurry.","Green tea, Rosehips, Candied pineapple (pineapple, sugar), Elderberries, Natural (mango, berry) flavouring, Sage leaves, Goji berries, Echinacea, Raspberries, Ginseng.","961748US01VAR0074609","Steep for 3-4 minutes","https://www.davidstea.com/dw/image/v2/BBXZ_PRD/on/demandware.static/-/Sites-davidstea-master-catalog/default/dw37b26808/productimages/961748DT01VAR0095610-961748US01VAR0074609-BI-1.jpg?sw=450&sh=450&sm=fit","$18.00","Echinacea Shield Sachets Pack of 25","Green Tea"
"1636383628-203","https://www.davidstea.com/us_en/tea/tea-by-type/green/","Butterfly Jasmine","https://www.davidstea.com/us_en/tea/tea-by-type/green/butterfly-jasmine/10023US01VAR0012953.html?cgid=green-tea","Low Caffeine","null","Delicately floral, with a sweet seductive aroma, this jasmine green tea is perfection. Handpicked tea leaves from the Fujian region in China are layered with fresh jasmine petals for a sweet floral aroma, then shaped into pretty little butterflies that unfurl as they steep. It’s a rare reserve green tea that might be the finest jasmine we've ever tasted. Treat yourself.","Chinese green tea from Fujian Province, scented with jasmine flowers.","10023US01VAR0012953","Steep for 2-3 minutes","https://www.davidstea.com/dw/image/v2/BBXZ_PRD/on/demandware.static/-/Sites-davidstea-master-catalog/default/dw0b9d7003/productimages/10023DT01VAR003933-10023US01VAR0012953-BI-1.jpg?sw=450&sh=450&sm=fit","$24.98","Butterfly Jasmine","Green Tea"
"1636383600-198","https://www.davidstea.com/us_en/tea/tea-by-type/green/","David's Detox Organic","https://www.davidstea.com/us_en/tea/tea-by-type/green/organic-david-s-detox/10902US01VAR0068770.html?cgid=green-tea","Low Caffeine","How it tastes
 Bright lemon layered over the flavour of the herbs, plus a hint of ginger.","We decided it was time to give our signature blend a nice new glow-up. By adding a pinch more ingredients famous for their cleansing benefits, we’ve transformed this cleansing tea into a full-on detox dream. David’s Detox is a lemony rooibos blend wrapped inside a green tea blend with a sprinkling of purifying dandelion root, super herb ginkgo, superfood spirulina and a pinch of ginger. Best of all, for a detox blend, it goes down real smooth.
What makes it great

 Crafted on a base of hydrating rooibos and green tea (the og detox tea).
 Dandelion root & burdock root are traditionally used in folk medicine for their cleansing & purifying benefits.
 Ginkgo has recently gained attention for its touted antioxidant & circulation benefits.","Organic rooibos, Organic green tea, Organic lemongrass, Organic ginger, Organic juniper berries, Organic lemon oil, Organic ginkgo, Organic nettle leaves, Organic spirulina, Natural lemon flavouring, Organic dandelion root, Organic burdock root.

view more
view less","10902US01VAR0068770","Steep for 3-4 minutes","https://www.davidstea.com/dw/image/v2/BBXZ_PRD/on/demandware.static/-/Sites-davidstea-master-catalog/default/dw3a0a0ced/productimages/10902DT01VAR0090148-10902US01VAR0068770-BI-1.jpg?sw=450&sh=450&sm=fit","$10.98","David's Detox Organic","Green Tea"
"1636383621-202","https://www.davidstea.com/us_en/tea/tea-by-type/green/","Silk Dragon Jasmine Organic","https://www.davidstea.com/us_en/tea/tea-by-type/green/organic-silk-dragon-jasmine/10046US01VAR0012963.html?cgid=green-tea","Medium Caffeine","How it tastes
A bold green tea with strong floral notes","This premium spring-plucked green tea with jasmine is a real treasure. To create it, night-blooming jasmine is gathered in the morning and kept cool all day. In the evening, when the flowers burst open and release their scent, they’re placed with the tea leaves. This is repeated with fresh flowers over five nights, infusing the green tea with a most magical jasmine flavour.
What makes it great

A great choice if you prefer full-bodied green teas.
The tea is plucked in the spring, then stored until the jasmine flowers come into bloom in the summer.
Jasmine teas are scented by layering the tea leaves with freshly picked jasmine flowers.","Organic chinese green tea from Jiangxi and Fujian Provinces, scented with jasmine flowers.","10046US01VAR0012963","Steep for 2-3 minutes","https://www.davidstea.com/dw/image/v2/BBXZ_PRD/on/demandware.static/-/Sites-davidstea-master-catalog/default/dw81ffd636/productimages/10046DT01VAR003943-10046US01VAR0012963-BI-1.jpg?sw=450&sh=450&sm=fit","$9.98","Silk Dragon Jasmine Organic","Green Tea"
"1636383533-186","https://www.davidstea.com/us_en/tea/tea-by-type/green/","Green Passionfruit Sachets","https://www.davidstea.com/us_en/tea/tea-by-type/green/green-passionfruit-sachets/960463US01.html?cgid=green-tea","Low Caffeine","null","Calling all passion fruit lovers! This fresh tropical green tea will become your new obsession. With sweet pineapple, pretty flower petals and a big hit of tangy passion fruit essence, this juicy and energizing blend is a delicious way to get your fix. Try it as a refreshingly fruity iced tea or infused into your next martini.
What makes it great

Contains 15 ready-to-steep sachets – the easiest and quickest way to make a cup of tea when you’re in a hurry. Plus, our sachets are plant-based and biodegradable, for a more sustainable steeping experience.","Pineapple (pineapple, sugar), Green tea, Currants, Natural pineapple flavouring, Marigold flowers, Natural passion fruit flavouring, Cornflower petals, Safflower, Natural mango flavouring with stevia extract.

view more
view less","960463US01","Steep for 3-4 minutes","https://www.davidstea.com/dw/image/v2/BBXZ_PRD/on/demandware.static/-/Sites-davidstea-master-catalog/default/dw10fc446c/productimages/960463DT01-960463US01-BI-1_NewWeight.jpg?sw=450&sh=450&sm=fit","$9.00","Green Passionfruit Sachets","Green Tea"
"1636383595-197","https://www.davidstea.com/us_en/tea/tea-by-type/green/","Japanese Sencha Organic","https://www.davidstea.com/us_en/tea/tea-by-type/green/organic-japanese-sencha/10057US01VAR0012968.html?cgid=green-tea","High Caffeine","How it tastes
Fresh vegetal flavour with a subtle hint of seaweed","Sencha green tea is Japan's most popular drink. It's not hard to see why – steamed sencha tastes rich, refreshing and crisp. What's not to love? Sip on this energizing and detoxifying organic green tea hot or iced, any time of the day. Whether you love it for its antioxidants or just plain love it, our organic Japanese Sencha has your back.
What makes it great

From Shizuoka Prefecture in Japan, known for its excellent senchas.
It's one of our fan favourite traditional teas!","Organic steamed green tea from Mount Fuji, Japan.","10057US01VAR0012968","Steep for 1-2 minutes","https://www.davidstea.com/dw/image/v2/BBXZ_PRD/on/demandware.static/-/Sites-davidstea-master-catalog/default/dwc5d03ef9/productimages/10057DT01VAR003948-10057US01VAR0012968-BI-1.jpg?sw=450&sh=450&sm=fit","$10.98","Japanese Sencha Organic","Green Tea"
"1636383567-192","https://www.davidstea.com/us_en/tea/tea-by-type/green/","Rhubarb Fizz","https://www.davidstea.com/us_en/tea/tea-by-type/green/rhubarb-fizz/10850US01VAR0064998.html?cgid=green-tea","Medium Caffeine","Juicy & refreshing rhubarb with notes of spearmint.","From refreshingly juicy rhubarb to crisp & cooling spearmint notes – discover our standout & warm weather blend you’ll adore.
What makes it great

 Inspired by fizzy & fruity summer drinks
 Even better with soda water or sparkling wine
 Pairs well with fresh rhubarb recipes 
 Perfect for for a fresh afternoon pick-me-up","Green tea, Apple, Hibiscus, Nana mint, Natural (rhubarb, mint) flavouring, Rose buds, Strawberry, Rhubarb, Stevia extract.","10850US01VAR0064998","Steep for 3-4 minutes","https://www.davidstea.com/dw/image/v2/BBXZ_PRD/on/demandware.static/-/Sites-davidstea-master-catalog/default/dwa6a89553/productimages/10850DT01VAR0085157-10850US01VAR0064998-BI-1.jpg?sw=450&sh=450&sm=fit","$10.98","Rhubarb Fizz","Green Tea"
"1636383527-185","https://www.davidstea.com/us_en/tea/tea-by-type/green/","Organic North African Mint Sachets","https://www.davidstea.com/us_en/tea/tea-by-type/green/organic-north-african-mint-sachets/961556US01VAR0068906.html?cgid=green-tea","Low Caffeine","null","Explore Northern Africa, from its souks to its deserts, with our soothing and lightly spiced mint green tea. It combines fresh peppermint with comforting cardamom, ginger, licorice root and fennel – spices well-loved for their digestive properties. Deliciously aromatic with all the romance of the Maghreb, it’s the perfect way to unwind after a heavy meal.
What makes it great

Contains 15 ready-to-steep sachets – the easiest and quickest way to make a cup of tea when you’re in a hurry. Plus, our sachets are plant-based and biodegradable, for a more sustainable steeping experience.","Organic green tea, Organic ginger, Organic peppermint, Organic cardamom, Organic licorice root, Organic fennel, Organic clove, Organic black pepper.","961556US01VAR0068906","Steep for 3-4 minutes","https://www.davidstea.com/dw/image/v2/BBXZ_PRD/on/demandware.static/-/Sites-davidstea-master-catalog/default/dw13f02864/productimages/961556DT01VAR0090326-961556US01VAR0068906-BI-1.jpg?sw=450&sh=450&sm=fit","$9.00","Organic North African Mint Sachets","Green Tea"
"1636383544-188","https://www.davidstea.com/us_en/tea/tea-by-type/green/","Organic Japanese Sencha Bag of 65 Sachets","https://www.davidstea.com/us_en/tea/tea-by-type/green/organic-japanese-sencha-bag-of-65-sachets/961666US01VAR0075717.html?cgid=green-tea","null","null","Sencha green tea is Japan's most popular drink. It's not hard to see why – steamed sencha tastes rich, refreshing and crisp. What's not to love? Sip on this energizing and detoxifying organic green tea hot or iced, any time of the day. Whether you love it for its antioxidants or just plain love it, our organic Japanese Sencha has your back.
Contains 65 ready-to-steep sachets – the easiest and quickest way to make a cup of tea when you’re in a hurry.","null","961666US01VAR0075717","null","https://www.davidstea.com/dw/image/v2/BBXZ_PRD/on/demandware.static/-/Sites-davidstea-master-catalog/default/dw846fe604/productimages/961666DT01VAR0093062-BI-1.jpg?sw=450&sh=450&sm=fit","$35.00","Organic Japanese Sencha Bag of 65 Sachets","null"
"1636383616-201","https://www.davidstea.com/us_en/tea/tea-by-type/green/","Emerald Jade Organic","https://www.davidstea.com/us_en/tea/tea-by-type/green/organic-emerald-jade/10800US01VAR0058606.html?cgid=green-tea","Medium Caffeine","null","Plucked from a family-owned organic tea garden in the Suizhou prefecture, this classic Chinese green tea is a daily ritual you’re going to love. It’s fresh, energizing and super easy to drink – perfect for tea newbies and connoisseurs alike. Packed with all the natural feel-good benefits green tea has to offer, this pure leaf blend is a delicious way to wake up in the morning.","Organic green tea from Hubei Province, China.","10800US01VAR0058606","Steep for 2-3 minutes","https://www.davidstea.com/dw/image/v2/BBXZ_PRD/on/demandware.static/-/Sites-davidstea-master-catalog/default/dw9d370c80/productimages/10800DT01VAR0077245-10800US01VAR0058606-BI-1.jpg?sw=450&sh=450&sm=fit","$10.98","Emerald Jade Organic","Green Tea"
