﻿web-scraper-order,web-scraper-start-url,link,link-href,Caffeine,Flavor,Description,Ingredients,item_ID,Steeping,Image-src,Price,Name,Type
"1636385197-271","https://www.davidstea.com/us_en/tea/tea-by-type/herbal/","Strawberry Moringa Organic","https://www.davidstea.com/us_en/tea/tea-by-type/herbal/strawberry-moringa-%28organic%29/10906US01VAR0069122.html?cgid=herbal-tea","Caffeine-free","How it tastes
Sweet strawberries keep this cleansing tea as fruity as it is hydrating","In a tea drought? Not for long. This hydra-ting infusion can quench even the strongest of thirsts. Packed with miracle-leaf moringa, a drought-resistant tree, this blend will keep you thirst-free all day long. Featuring clean-sing dandelion root and organic sweet strawberries, staying hydrated never tasted so good.
What makes it great

Moringa is a super trendy feel-good ingre-dient that is popular for its health benefits.
Dandelion has been traditionally used for its cleansing properties.
We use organic strawberries so you can feel good about this sweet treat","Organic apple (apple, citric acid), Organic raisin, Organic carrot, Organic hibiscus blossom, Organic beetroot, Organic moringa leaf, Natural strawberry flavouring, Organic dandelion, Organic strawberry.

view more
view less","10906US01VAR0069122","Steep for 5+ minutes","https://www.davidstea.com/dw/image/v2/BBXZ_PRD/on/demandware.static/-/Sites-davidstea-master-catalog/default/dw40e38974/productimages/10906DT01VAR0090622-10906US01VAR0069122-BI-1.jpg?sw=450&sh=450&sm=fit","$10.98","Strawberry Moringa Organic","Herbal Tea"
"1636385127-259","https://www.davidstea.com/us_en/tea/tea-by-type/herbal/","Tropicalia","https://www.davidstea.com/us_en/tea/tea-by-type/herbal/tropicalia/10352US01VAR0025849.html?cgid=herbal-tea","Caffeine-free","How it tastes
Refreshing tropical notes of juicy fruit and creamy coconut","Want to go somewhere really exotic this summer? Just ice yourself a cup of this mouthwatering caffeine-free fruit infusion. You’ll flip over its refreshing tropical flavours, like juicy pineapple and creamy coconut. We even sprinkled in some pretty safflower and marigold blossoms. Not only does it taste just like a piña colada, it makes you feel as happy as one too.
What makes it great

This caffeine-free treat makes a delicious iced tea for kids.
Hosting a soirée? Whip it up as a piña colada. Just add rum and serve iced.","Apple, Candied pineapple (pineapple, sugar), Coconut, Artificial (coconut, pineapple) flavouring, Pineapple, Rose petals, Marigold blossoms.","10352US01VAR0025849","Steep for 5+ minutes","https://www.davidstea.com/dw/image/v2/BBXZ_PRD/on/demandware.static/-/Sites-davidstea-master-catalog/default/dw0d62a947/productimages/10352DT01VAR0015246-10352US01VAR0025849-BI-1.jpg?sw=450&sh=450&sm=fit","$9.98","Tropicalia","Herbal Tea"
"1636385183-268","https://www.davidstea.com/us_en/tea/tea-by-type/herbal/","Peanut Butter Cup","https://www.davidstea.com/us_en/tea/tea-by-type/herbal/peanut-butter-cup/10846US01VAR0064738.html?cgid=herbal-tea","Low Caffeine","How it tastes
Just like the name says! This blend perfectly captures the taste of a peanut butter cup","Whether you’re looking for an afternoon pick-me-up or an on-the-go treat, nothing beats this sweet, rich and satisfying dessert-inspired tea. Our favourite part? This super nutty blend is magically peanut-free. With almonds, cocoa beans and chocolate chips, it tastes just like a peanut butter cup. Try it with frothed chocolate milk for a gamechanging tea latte. You heard it here first…
What makes it great

There are no peanuts in this super nutty blend.
Two words: iced latte. Trust us on this one.","Apple, Cocoa peel, Cocoa bits, Almonds, Chocolate chips (sugar, cocoa mass, cocoa powder, soy lecithin), Artificial (peanut, chocolate) flavouring.","10846US01VAR0064738","Steep for 5+ minutes","https://www.davidstea.com/dw/image/v2/BBXZ_PRD/on/demandware.static/-/Sites-davidstea-master-catalog/default/dw9c7924c7/productimages/10846DT01VAR0084839-10846US01VAR0064738-BI-1.jpg?sw=450&sh=450&sm=fit","$9.98","Peanut Butter Cup","Herbal Tea"
"1636385236-279","https://www.davidstea.com/us_en/tea/tea-by-type/herbal/","Prancer’s Punch Tea","https://www.davidstea.com/us_en/tea/tea-by-type/herbal/prancer%E2%80%99s-punch-tea/10951US01VAR0072300.html?cgid=herbal-tea","Caffeine-free","How it tastes: Cooked fruit with festive cinnamon & molasses.","This is Prancer’s moment. Taste why this blend sleighs with its ensemble of baked apple and raisin, accompanied by natural flavours of warm cinnamon, maple and molasses. Enjoy this cozy treat with a bit of holiday magic.
What makes it great:

This caffeine-free tea is the ideal post-dinner dessert. High in holiday cheer, low on late-night jitters.
Inspired by European style holiday fruitcakes, minus the stuffy candied fruit, we wanted to give a playful edge to our fan fave Sleigh Ride.
Strong, alluring holiday aromas appear as this blend is steeping. Fill the room with warm scents for some extra cheer.","Apple (apple, citric acid), Lemongrass, Candied pineapple (pineapple, sugar), Candied papaya (papaya, Sugar), Raisin, Licorice root, Natural (cinnamon, maple) flavouring, Cinnamon bark, Coconut chip (coconut, sugar), Rosehip peel, Roasted almond (almonds, caramelized sugar), Popcorn, Stevia extract.

view more
view less","10951US01VAR0072300","Steep for 5+ minutes","https://www.davidstea.com/dw/image/v2/BBXZ_PRD/on/demandware.static/-/Sites-davidstea-master-catalog/default/dw331a3eea/productimages/10951DT01VAR0094895-10951US01VAR0072300-BI-1.jpg?sw=450&sh=450&sm=fit","$10.98","Prancer’s Punch Tea","Herbal Tea"
"1636385214-275","https://www.davidstea.com/us_en/tea/tea-by-type/herbal/","Magic Potion","https://www.davidstea.com/us_en/tea/tea-by-type/herbal/magic-potion/10927US01VAR0070604.html?cgid=herbal-tea","Caffeine-free","How it tastes
 Nostalgic blue raspberry taste with a touch of tart cranberry.","Double, double toil and trouble. This potion is bubbling with blue raspberry flavours made of butterfly pea flower, cranberry and special dwarf everlasting blossoms. This blend is like an eerie evening stroll. From a foggy mist to a haunting hue, you never know what you're going to get.
What makes it great

 This festive favourite has been revamped with new ingredients.
 This blend steeps as unpredictably as a Halloween night - from a haunting hue to a foggy mist, you never know what you're going to get.
 This potion is delicious as an iced tea, and oh so drinkable.","Apple, Rosehip, Raisin, Coconut rasp, Natural berry flavouring, Butterfly pea flower, Popped rice, Rose petal, Dwarf everlast blossom, Cranberry, Stevia extract.","10927US01VAR0070604","Steep for 5+ minutes","https://www.davidstea.com/dw/image/v2/BBXZ_PRD/on/demandware.static/-/Sites-davidstea-master-catalog/default/dw3348eb94/productimages/10927DT01VAR0092537-10927US01VAR0070604-BI-1.jpg?sw=450&sh=450&sm=fit","$10.98","Magic Potion","Herbal Tea"
"1636385188-269","https://www.davidstea.com/us_en/tea/tea-by-type/herbal/","Blueberry Pancakes","https://www.davidstea.com/us_en/tea/tea-by-type/herbal/blueberry-pancakes/10924US01VAR0070413.html?cgid=herbal-tea","Caffeine-free","How it tastes
Fresh blueberry pancakes drizzled with golden maple syrup","Memories are made of homemade pancakes on a beautifully slow Sunday morning. Soak up all the brunch feels in this decadent tea that tastes exactly like a stack of fresh blueberry flapjacks drizzled with golden Canadian maple syrup. And did we mention the maple leaf sprinkles? Brb, it’s nap time.
What makes it great

Reminiscent of a slow Sunday brunch.
Butterfly pea flower helps give this blend its beautiful purple hue.
Features sweet blueberries and syrupy maple leaf sprinkles.

Tea Guide Tip: This tea contains hibiscus, which means it won’t mix well with milk.","Apple, Raisin, Hibiscus blossom, Lemongrass, Rosehip peel, Artificial (blueberry, maple) flavouring, Blueberry leaf, Maple leaf sprinkles (sugar, rice flour, cocoa butter, potato starch), Butterfly pea blossom, Nettle leaf, Black currant, Blueberry, Stevia extract

view more
view less","10924US01VAR0070413","Steep for 5+ minutes","https://www.davidstea.com/dw/image/v2/BBXZ_PRD/on/demandware.static/-/Sites-davidstea-master-catalog/default/dwdbd073f0/productimages/10924DT01VAR0092305-10924US01VAR0070413-BI-1.jpg?sw=450&sh=450&sm=fit","$9.98","Blueberry Pancakes","Herbal Tea"
"1636385122-258","https://www.davidstea.com/us_en/tea/tea-by-type/herbal/","Midsummer Night's Dream","https://www.davidstea.com/us_en/tea/tea-by-type/herbal/midsummer-night-s-dream/10914US01VAR0069644.html?cgid=herbal-tea","Caffeine-free","How it tastes
Sweet, tart gooseberry balanced by fresh mint and citrus
Refreshing orange sherbet taste","This citrusy-mint herbal tea is refreshingly magical, with sweet apples, cool spearmint, tart gooseberries, and petals of marigold and rose. But before you take a sip, we should probably warn you that it’s a bit of a love potion. For some people, this caffeine-free infusion seems to turn regular summer evenings into dreamlike nights of romance and enchantment. Ice it and see what happens.
What makes it great

Gooseberries are a super unique ingredient and taste amazing in tea.
If you like citrus, this is a great citrusy caffeine-free option.
Hello Giggles loves it as part of a healthy evening routine.","Apple, Apple (apple, citric acid), Gooseberry, Spearmint, Artificial (orange, grapefruit) flavouring, Marigold petal, Rose petal.","10914US01VAR0069644","Steep for 5+ minutes","https://www.davidstea.com/dw/image/v2/BBXZ_PRD/on/demandware.static/-/Sites-davidstea-master-catalog/default/dw9ec40bdf/productimages/10914DT01VAR0091224-10914US01VAR0069644-BI-1.jpg?sw=450&sh=450&sm=fit","$9.98","Midsummer Night's Dream","Herbal Tea"
"1636385193-270","https://www.davidstea.com/us_en/tea/tea-by-type/herbal/","Apple Cider","https://www.davidstea.com/us_en/tea/tea-by-type/herbal/apple-cider/10451US01VAR0017505.html?cgid=herbal-tea","Caffeine-free","How it tastes
Sweet, fresh apple taste, with a hint of creaminess","Craving a hot cup of old-fashioned apple cider? Curl up with this fresh caffeine-free apple tea inspired our favourite seasonal beverage. With a sweet, clean apple taste and a hint of creaminess, this fruit infusion is the perfect way to warm up when the cold weather sets in. The only thing missing is the cinnamon stick.
What makes it great

Inspired by classic apple cider, this fruity caffeine-free infusion is a delicious way to warm up on a chilly day.
Try it hot with a cinnamon stick and a splash of brandy.","Apple, Apple pomace (apple pomace, citric acid), Sweet blackberry leaves, Apple flavouring (artificial apple flavouring, concentrated apple juice), Artificial (vanilla, cream) flavouring.

view more
view less","10451US01VAR0017505","Steep for 5+ minutes","https://www.davidstea.com/dw/image/v2/BBXZ_PRD/on/demandware.static/-/Sites-davidstea-master-catalog/default/dwcb1e16e7/productimages/10451DT01VAR0022764-10451US01VAR0017505-BI-1.jpg?sw=450&sh=450&sm=fit","$8.98","Apple Cider","Herbal Tea"
"1636385132-260","https://www.davidstea.com/us_en/tea/tea-by-type/herbal/","Dragonfruit Aloe","https://www.davidstea.com/us_en/tea/tea-by-type/herbal/dragonfruit-aloe/10794US01VAR0058249.html?cgid=herbal-tea","Caffeine-free","How it tastes
Tart and floral with a red berry sweetness and a creamy aloe finish","A cleanse to remember. This tropical caffeine-free tea combines beautifying & digestive-friendly dragonfruit with tart hibiscus, sweet red berries, creamy coconut pieces and a splash of refreshing aloe vera. The result? A soothing & ultra-hydrating detox tea you’ll want to reach for time and again.
What makes it great

This detox tea is made with dragonfruit – a tropical fruit touted for its beauty & digestive benefits.
Includes aloe vera, which is said to be super hydrating & soothing.
It’s caffeine-free! The perfect tea to add to your morning or nighttime beauty routine.","Apple, Candied pineapple (pineapple, sugar), Hibiscus blossoms, Dragonfruit, Natural berry flavouring, Coconut shreds, Rock sugar, Raspberries, Aloe vera powder.","10794US01VAR0058249","Steep for 5+ minutes","https://www.davidstea.com/dw/image/v2/BBXZ_PRD/on/demandware.static/-/Sites-davidstea-master-catalog/default/dw3e158982/productimages/10794DT01VAR0076719-10794US01VAR0058249-BI-1.jpg?sw=450&sh=450&sm=fit","$9.98","Dragonfruit Aloe","Herbal Tea"
"1636385153-263","https://www.davidstea.com/us_en/tea/tea-by-type/herbal/","Strawberry Rhubarb Parfait","https://www.davidstea.com/us_en/tea/tea-by-type/herbal/strawberry-rhubarb-parfait/10376US01VAR0017171.html?cgid=herbal-tea","Caffeine-free","How it tastes
Like a slice of strawberry rhubarb pie – tart and sweet with a slight hint of creaminess","Love rhubarb and strawberries? Try this sweet and tart caffeine-free infusion. It blends all the bright and juicy flavour of fresh-picked berries with a tart rhubarb punch and a hint of yogurt creaminess. Refreshingly fruity, it steeps up a satisfying deep red and is equally amazing hot or iced. Now that’s a beautiful thing.
What makes it great

This tea steeps a beautiful bright red colour, thanks in part to the beetroot.
Great iced tea for kids and adults.","Apple, Hibiscus, Raisins, Carrot, Artificial (strawberry, rhubarb) flavouring, Beetroot, Yogurt bits (skim milk yogurt powder, sugar, maltodextrin, modified starch, citric acid), Strawberry, Rhubarb.

view more
view less","10376US01VAR0017171","Steep for 5+ minutes","https://www.davidstea.com/dw/image/v2/BBXZ_PRD/on/demandware.static/-/Sites-davidstea-master-catalog/default/dw53e9e982/productimages/10376DT01VAR0016162-10376US01VAR0017171-BI-1.jpg?sw=450&sh=450&sm=fit","$8.98","Strawberry Rhubarb Parfait","Herbal Tea"
"1636385159-264","https://www.davidstea.com/us_en/tea/tea-by-type/herbal/","9 Berries Organic","https://www.davidstea.com/us_en/tea/tea-by-type/herbal/organic-9-berries/10879US01VAR0067143.html?cgid=herbal-tea","Caffeine-free","How it tastes
Tart flavour of muddled dark berries with a sweet balance.","How many berries can you name? Off the top of our heads – strawberries, blueberries, raspberries, elderberries, juniper, buckthorn, goji, aronia & black currant. Coincidentally, these are also the NINE berries featured in this organic herbal tea. Nine super berries with the power to rock your detox, hydrate & give you that glow. Sip it hot or iced for a berry exquisite experience.
What makes it great

 Elderberries are popular in alternative medicine for their cold-fighting benefits.
 We love it both hot and as an iced tea.
 If you love Bear Trap, this tea should be on your sip list.","Organic elderberries, Organic aronia berries, Organic hibiscus, Organic juniper berries, Organic sweet blackberry leaves, Organic chicory root, Organic strawberries, Organic black currants, Organic sea buckthorn berries, Natural berry flavouring, Organic raspberries, Organic goji berries, Organic blueberries.

view more
view less","10879US01VAR0067143","Steep for 5+ minutes","https://www.davidstea.com/dw/image/v2/BBXZ_PRD/on/demandware.static/-/Sites-davidstea-master-catalog/default/dwca35b6ef/productimages/10879DT01VAR0088109-10879US01VAR0067143-BI-1.jpg?sw=450&sh=450&sm=fit","$10.98","9 Berries Organic","Herbal Tea"
"1636385240-280","https://www.davidstea.com/us_en/tea/tea-by-type/herbal/","Caramel Shortbread","https://www.davidstea.com/us_en/tea/tea-by-type/herbal/caramel-shortbread/10643US01VAR0043019.html?cgid=herbal-tea","Caffeine-free","How it tastes
Sweet, nutty and buttery, with notes of baked shortbread and creamy caramel","Find satisfaction in this caffeine-free dessert tea. It’s got all the melt-in-your-mouth richness of shortbread baked into a blend of willow bark, brown sugar, almond and cherry. Sweet, buttery and deliciously satisfying, you’re gonna want to sip this holiday blend with your favourite teatime treats. Resistance is futile. 
What makes it great

 Willow bark (aka “nature’s aspirin”) contains an active ingredient called salicin – a natural chemical similar to aspirin that’s been used for centuries to relieve pain.
Pair this melt-in-your-mouth herbal tea with your favourite holiday cookies for the perfect afternoon indulgence.","Apple (apple, citric acid), Raisins, Brown sugar, Natural and artificial (almond, hazelnut) flavouring, Elderberries, Willow bark, Almonds (almonds, sugar), Hazelnuts, Sour cherries, Raspberries, Stevia extract.

view more
view less","10643US01VAR0043019","Steep for 5+ minutes","https://www.davidstea.com/dw/image/v2/BBXZ_PRD/on/demandware.static/-/Sites-davidstea-master-catalog/default/dw08e73cc5/productimages/10643DT01VAR0044084-10643US01VAR0043019-BI-1.jpg?sw=450&sh=450&sm=fit","$9.98","Caramel Shortbread","Herbal Tea"
"1636385178-267","https://www.davidstea.com/us_en/tea/tea-by-type/herbal/","Melon Drop","https://www.davidstea.com/us_en/tea/tea-by-type/herbal/melon-drop/10489US01VAR0021448.html?cgid=herbal-tea","Caffeine-free","How it tastes
A sweet mix of kiwi and honeydew melon.","With their soft green colour, naturally sweet taste and cool, juicy flesh, honeydew melons are basically made for spring. In fact, this delicately perfumed fruit has been a popular standby at spring picnics and dinner parties everywhere from the south of France to ancient Rome. So when we mixed luscious honeydew with tangy kiwi and a hint of papaya, we knew it was gonna be good. Light, fruity and totally satisfying, it’s a fresh new way to sweeten up your spring.
What makes it great

 Honeydew is the sweetest of the melons – bringing a lot of natural sweetness to this tea. 
 The kiwifruit’s name comes from its resemblance to the kiwi bird of New Zealand.","Apple, Candied honeydew (honeydew melon, sugar, fructose syrup), Candied papaya (papaya, sugar), Watermelon, Artificial (kiwi, melon) flavouring, Kiwi.","10489US01VAR0021448","Steep for 5+ minutes","https://www.davidstea.com/dw/image/v2/BBXZ_PRD/on/demandware.static/-/Sites-davidstea-master-catalog/default/dw796da996/productimages/10489DT01VAR0027378-10489US01VAR0021448-BI-1.jpg?sw=450&sh=450&sm=fit","$10.98","Melon Drop","Herbal Tea"
"1636385201-272","https://www.davidstea.com/us_en/tea/tea-by-type/herbal/","Peach Zing","https://www.davidstea.com/us_en/tea/tea-by-type/herbal/peach-zing/10849US01VAR0064935.html?cgid=herbal-tea","Caffeine-free","Sweet & fruity peach with a zing of ginger","Hydrate from the inside out with a modern melange of invigorating ginger & flavourfully ripe peaches. Sweet yet sharp, this super-smooth iced tea smells as good as it tastes.
What makes it great

 Perfect iced or even hot
 Pairs perfectly with all of your fresh peach recipes
 With only 1 g of sugar per cup, it's a great alternative to sugary juices
 Naturally caffeine-free so you (or your kids) can enjoy it all day long","Candied ginger (sugar, ginger, citric acid), Apple, Ginger, Hibiscus blossoms, Natural peach flavouring, Peach.","10849US01VAR0064935","Steep for 5+ minutes","https://www.davidstea.com/dw/image/v2/BBXZ_PRD/on/demandware.static/-/Sites-davidstea-master-catalog/default/dwaf0e791d/productimages/10849DT01VAR0085088-10849US01VAR0064935-BI-1.jpg?sw=450&sh=450&sm=fit","$9.98","Peach Zing","Herbal Tea"
"1636385225-277","https://www.davidstea.com/us_en/tea/tea-by-type/herbal/","Baked Apple Chai","https://www.davidstea.com/us_en/tea/tea-by-type/herbal/baked-apple-chai/10782US01VAR0057308.html?cgid=herbal-tea","Caffeine-free","How it tastes
 Cooked apple flavours with sweet, warming spices","A warm hug in a mug. Laced with cinnamon and star anise, this sweet and spicy infusion of apple, figs and chai spices is a comforting caffeine-free tisane that brings back memories of apple picking, hot cider and fresh-from-the-oven pies. Whether you pair it with a good book or great company, this apple-packed chai will leave you feeling cozy and satisfied.
What makes it great

 Just like a spiced apple cider, this caffeine-free chai is the perfect way to warm up on a chilly night.
 Try infusing it into oatmeal, muffins or a spice cake for a deliciously autumnal treat.","Apple (apple, citric acid), Cinnamon, Natural (apple, spice) flavouring, Aniseed, Chicory, Fig pieces (figs, rice flour), Cloves, Black pepper, Cardamom.","10782US01VAR0057308","Steep for 5+ minutes","https://www.davidstea.com/dw/image/v2/BBXZ_PRD/on/demandware.static/-/Sites-davidstea-master-catalog/default/dwc18aa49a/productimages/10782DT01VAR0074672-10782US01VAR0057308-BI-1.jpg?sw=450&sh=450&sm=fit","$9.98","Baked Apple Chai","Herbal Tea"
"1636385146-262","https://www.davidstea.com/us_en/tea/tea-by-type/herbal/","Guava Cadabra","https://www.davidstea.com/us_en/tea/tea-by-type/herbal/guava-cadabra/10409US01VAR0017063.html?cgid=herbal-tea","Caffeine-free","How it tastes
Sweet, delicate and tropical - guava is the prominent flavour.","This tropical fruit infusion is seriously magical. Don’t believe us? Just ice yourself a cup. First it enchants you with its irresistible aromas of ripe mango and guava. Then you take your first spellbinding sip. And before you know it… Guava Cabadra! You’ve completely fallen for its magic charms. Tart, sweet and refreshing, this fruity caffeine-free tea is the potion of choice for sorcerers in the know.
What makes it great

 This is an all-fruit blend!
 Guavas are said to be high in antioxidants – and the redder they are, the better they are for you.
 Guava “agua fresca” is a popular drink in Mexico – try blending this tea with fresh guava for a super-refreshing summer drink.","Candied mango (mango, sugar), Apple, Hibiscus blossom, Elderberry, Guava crunchy (guava puree, concentrated apple puree with ascorbic acid, concentrated apple juice), Artificial (guava, mango) flavouring, Beetroot, Rosehip peel.

view more
view less","10409US01VAR0017063","Steep for 5+ minutes","https://www.davidstea.com/dw/image/v2/BBXZ_PRD/on/demandware.static/-/Sites-davidstea-master-catalog/default/dwc0d70336/productimages/10409DT01VAR0017786-10409US01VAR0017063-BI-1.jpg?sw=450&sh=450&sm=fit","$9.98","Guava Cadabra","Herbal Tea"
"1636385210-274","https://www.davidstea.com/us_en/tea/tea-by-type/herbal/","Honeycomb Chai","https://www.davidstea.com/us_en/tea/tea-by-type/herbal/honeycomb-chai/10931US01VAR0070901.html?cgid=herbal-tea","Caffeine-free","How it tastes
A sweet and warming chai with gooey honey, light ginger and notes of cinnamon","Even the busiest bees need a moment of indulgence. Enjoy a simply sweet honey taste and mouth-coating texture with notes of light ginger. Chai’s signature cinnamon accent boosts honey flavours, making this the queen bee of honey teas. Manuka honey helps soothe colds and skin so you can feel your best even on the coldest days.
What makes it great

Manuka honey is often used for fighting colds, soothing sore throats and skincare.
The cinnamon finish boosts honey flavours.
Sticky sweet taste without the gooey fingers","Apple (apple, citric acid), Liquorice, Ginger, Rosehip peel, Candied ginger, Cinnamon, Natural (manuka honey, ginger) flavouring, Manuka honey (manuka honey, maltodextrin), Lemon peel, Clove, Mallow blossom, Marigold blossom.

view more
view less","10931US01VAR0070901","Steep for 5+ minutes","https://www.davidstea.com/dw/image/v2/BBXZ_PRD/on/demandware.static/-/Sites-davidstea-master-catalog/default/dw67dca4ca/productimages/10931DT01VAR0092986-10931US01VAR0070901-BI-1.jpg?sw=450&sh=450&sm=fit","$10.98","Honeycomb Chai","Herbal Tea"
"1636385166-265","https://www.davidstea.com/us_en/tea/tea-by-type/herbal/","Just Peachy","https://www.davidstea.com/us_en/tea/tea-by-type/herbal/just-peachy/10436US01VAR0016991.html?cgid=herbal-tea","Caffeine-free","How it tastes
This is our peachiest tea ever – it tastes just like a ripe juicy peach!","It took us years to find the perfect peach iced tea – but this sweet, summery infusion is so peachy, it tastes like it’s fresh from the orchard. It’s amazing blended with frozen strawberries and white rum. Or served chilled with a splash of Prosecco. But our favourite way to drink it is straight up with a touch of agave. Hot or iced, this blend is a real peach.
What makes it great

One of the best iced teas of all time!
Makes an amazing base for your favourite fruity cocktails.","Apple, Apple pomace, Sweet blackberry leaf, Citric acid, Peach (peach, corn starch), Artificial (peach, apricot) flavouring, Natural sweet flavouring with stevia extract.

view more
view less","10436US01VAR0016991","Steep for 5+ minutes","https://www.davidstea.com/dw/image/v2/BBXZ_PRD/on/demandware.static/-/Sites-davidstea-master-catalog/default/dw4e548b13/productimages/10436DT01VAR0021275-10436US01VAR0016991-BI-1.jpg?sw=450&sh=450&sm=fit","$8.98","Just Peachy","Herbal Tea"
"1636385117-257","https://www.davidstea.com/us_en/tea/tea-by-type/herbal/","Goji Pop","https://www.davidstea.com/us_en/tea/tea-by-type/herbal/goji-pop/10261US01VAR0013120.html?cgid=herbal-tea","Caffeine-free","Sweet, fruity and super refreshing – like red Kool Aid","Pop it like it’s hot with this vibrant pink caffeine-free iced tea filled with rosehips, melon, hibiscus and sweet goji berries – little red superfruits loved for their delicious health benefits. Try this fruit infusion as an iced tea with a splash of club soda for a beauty pop that’ll keep you hydrated and feeling fabulous all summer long.
What makes it great

Contains goji berries – little red superfruits loved for their antioxidant content.
Brew it extra-strong, pour it over ice and top it up with club soda.
This fruit infusion is caffeine-free! Perfect for kids and adults alike.","Apple, Goji berries, Hibiscus blossoms, Honeydew melon (honeydew melon, sugar, fructose syrup), Rosehips, Artificial (melon, goji berry) flavouring, Marigold petals.","10261US01VAR0013120","Steep for 5+ minutes","https://www.davidstea.com/dw/image/v2/BBXZ_PRD/on/demandware.static/-/Sites-davidstea-master-catalog/default/dwd24ea64c/productimages/10261DT01VAR004100-10261US01VAR0013120-BI-1.jpg?sw=450&sh=450&sm=fit","$9.98","Goji Pop","Herbal Tea"
"1636385230-278","https://www.davidstea.com/us_en/tea/tea-by-type/herbal/","Sleigh Ride","https://www.davidstea.com/us_en/tea/tea-by-type/herbal/sleigh-ride/10316US01VAR0017421.html?cgid=herbal-tea","Caffeine-free","How it tastes
Fruity and lightly spiced, with a hint of naturally sweet beetroot and toasty popped rice","The ultimate holiday punch. With cinnamon, apples, almonds, hibiscus and beetroot, this sweet, tart and lightly spiced caffeine-free herbal tea is as nice and rosy as a caroler’s cheeks. Feeling the chill? Add a splash of brandy for a drink that’ll warm you from the inside out. It’s the perfect blend to snuggle up with while watching the snow fall.
What makes it great

This herbal tea is caffeine-free! Perfect for nighttime snuggles by fireplace.
Makes a great holiday punch – try it with honey and a splash of brandy.","Apple (apple, citric acid), Candied pineapple (pineapple, sugar), Hibiscus blossoms, Candied papaya (papaya, sugar), Beetroot, Cinnamon, Artificial (cinnamon, almond, apple) flavouring, Raisins, Coconut rasps, Roasted almonds (almonds, sugar), Popped rice.

view more
view less","10316US01VAR0017421","Steep for 5+ minutes","https://www.davidstea.com/dw/image/v2/BBXZ_PRD/on/demandware.static/-/Sites-davidstea-master-catalog/default/dw8b86edcb/productimages/10316DT01VAR0015260-10316US01VAR0017421-BI-2.jpg?sw=450&sh=450&sm=fit","$8.98","Sleigh Ride","Herbal Tea"
"1636385172-266","https://www.davidstea.com/us_en/tea/tea-by-type/herbal/","Sunny C","https://www.davidstea.com/us_en/tea/tea-by-type/herbal/sunny-c/10819US01VAR0062894.html?cgid=herbal-tea","Caffeine-free","null","Need a little immune booster? This vibrant tea is bursting with freshly squeezed orange, sight saving carrot and a sunny dose of Vitamin C. With hints of hydrating hibiscus and tart lemon, it’s a citrusy tonic that’ll leave you feeling bright-eyed and bushy-tailed after one sip. Did we mention it’s amazing hot and iced? Go ahead and C for yourself.","Apple (apple, citric acid), Hibiscus blossoms, Carrots, Candied pineapple (pineapple, sugar), Orange peel, Natural (orange, carrot) flavouring, Lemon peel, Rose  pepper, Ascorbic acid.

view more
view less","10819US01VAR0062894","Steep for 5+ minutes","https://www.davidstea.com/dw/image/v2/BBXZ_PRD/on/demandware.static/-/Sites-davidstea-master-catalog/default/dwff86a48c/productimages/10819DT01VAR0082414-10819US01VAR0062894-BI-1.jpg?sw=450&sh=450&sm=fit","$9.98","Sunny C","Herbal Tea"
"1636385139-261","https://www.davidstea.com/us_en/tea/tea-by-type/herbal/","Caribbean Crush","https://www.davidstea.com/us_en/tea/tea-by-type/herbal/caribbean-crush/10556US01VAR0024597.html?cgid=herbal-tea","Caffeine-free","How it tastes
Refreshingly sweet and fruity, with a hint of tang – just like a tropical fruit punch","Dreaming of palm trees and soft white sand? Escape to paradise with this tropical fruit infusion of pineapple, papaya, cranberry and hibiscus. Refreshing, juicy and slightly tart, it’s got all the vibrant, crowdpleasing flavours of a perfect summer fruit punch. The only thing missing is a little paper umbrella…
What makes it great

Steeps a pretty pink colour thanks to a touch of hibiscus.
It's the perfect drink to serve your guests at your next backyard cookout.","Apple, Hibiscus, Natural sweet flavouring with stevia extract, Papaya, Cranberry, Pineapple (pineapple, maltodextrin), Artificial (strawberry, cream, red fruit)  flavouring.

view more
view less","10556US01VAR0024597","Steep for 5+ minutes","https://www.davidstea.com/dw/image/v2/BBXZ_PRD/on/demandware.static/-/Sites-davidstea-master-catalog/default/dw24b2b5ac/productimages/10556DT01VAR0031960-10556US01VAR0024597-BI-1.jpg?sw=450&sh=450&sm=fit","$8.98","Caribbean Crush","Herbal Tea"
"1636385206-273","https://www.davidstea.com/us_en/tea/tea-by-type/herbal/","Blackberry Ginger","https://www.davidstea.com/us_en/tea/tea-by-type/herbal/blackberry-ginger/10920US01VAR0070161.html?cgid=herbal-tea","Caffeine-free","How it tastes
 Like a fizzy blackberry ginger ale with blackberries","Think back to the time you first laid taste buds on a sweet purple soda. That’s the feeling we’re trying to recreate with this tea. Like drinking a fizzy blackberry ginger ale – imagine refreshing & juicy blackberries, soothing ginger and tart elderberries. Hot or iced, it’s a drink you’ll love berry much.
What makes it great

 We even nailed that tingling sensation synonymous with real soda.
 Breathe in the aroma of zingy ginger ale & fresh muddled blackberries.
 The elderberries featured in this tea are trending for their feel-good properties.

 Tea Guide Tip: Try it as a TeaPop.","Ginger, Candied ginger (sugar, ginger, citric acid), Hibiscus, Natural (blackberry, lemon) flavouring, Elderberry, Sweet blackberry leaf, Blackberry, Blackberry  leaf.

view more
view less","10920US01VAR0070161","Steep for 5+ minutes","https://www.davidstea.com/dw/image/v2/BBXZ_PRD/on/demandware.static/-/Sites-davidstea-master-catalog/default/dwc06db9d1/productimages/10920DT01VAR0092029-10920US01VAR0070161-BI-1.jpg?sw=450&sh=450&sm=fit","$9.98","Blackberry Ginger","Herbal Tea"
"1636385219-276","https://www.davidstea.com/us_en/tea/tea-by-type/herbal/","Sleepy Lychee","https://www.davidstea.com/us_en/tea/tea-by-type/herbal/sleepy-lychee/10884US01VAR0067486.html?cgid=herbal-tea","Caffeine-free","How it tastes
Flavours of slightly sweet preserved lychee with a strong jasmine finish.","It’s time to upgrade your bedtime routine. This delicate & fruity gold blend is rooted in sweet lychee with a myriad of floral jasmine notes. If you’re familiar with jasmine, we think you’ll agree that the scent alone brings a sense of calm. We then mixed in delectable lime tree blossoms & relaxing lemongrass. Nighty night, tea fam.
What makes it great

 This sleepy-time infusion features lime tree blossom, rose blossoms and aromatic & floral lychee.
 Lime tree blossoms, also known as linden, are loved for their relaxing properties.
 Intoxicating aromas of sweet lychee & floral jasmine.","Apple (apple, citric acid), Lemongrass, Carrot, Bean peel, Candied pineapple (pineapple, sugar), Apple (apple, ascorbic acid, salt, citric acid), Sweet blackberry leaves, Natural (lychee, jasmine) flavouring, Lime tree blossoms, Rose petals, Marigold blossoms, Lychee.

view more
view less","10884US01VAR0067486","Steep for 5+ minutes","https://www.davidstea.com/dw/image/v2/BBXZ_PRD/on/demandware.static/-/Sites-davidstea-master-catalog/default/dw1b8f0e60/productimages/10884DT01VAR0088504-10884US01VAR0067486-BI-1.jpg?sw=450&sh=450&sm=fit","$9.98","Sleepy Lychee","Herbal Tea"
