﻿web-scraper-order,web-scraper-start-url,link,link-href,Caffeine,Flavor,Description,Ingredients,item_ID,Steeping,Image-src,Price,Name,Type
"1636385026-250","https://www.davidstea.com/us_en/tea/tea-by-type/white/","Zen Pearls Organic","https://www.davidstea.com/us_en/tea/tea-by-type/white/organic-zen-pearls/10691US01VAR0046626.html?cgid=white-tea","High Caffeine","How it tastes
A sweet jasmine flavour that’s delicate, floral and crisp","Here’s a floral-scented pearl of wisdom: Hand-rolling tea is a tradition that began over 1300 years ago, when a Chinese emperor wanted to give an original gift of love. Our gift to you is this organic white tea, lightly scented with jasmine flowers and hand-rolled into delicate pearls that gently unfurl as they steep. Breathe deeply and let your mind – and pearls – expand.
What makes it great

This white tea is hand-rolled into little pearls. Infuse them in hot water and watch them gently unfurl in your cup.
Feeling stressed? The jasmine aroma is said to help soothe and relax the mind.","Organic rolled white tea from Fujian Province, scented with jasmine flowers.","10691US01VAR0046626","Steep for 3-5 minutes","https://www.davidstea.com/dw/image/v2/BBXZ_PRD/on/demandware.static/-/Sites-davidstea-master-catalog/default/dwc4f4712a/productimages/10691DT01VAR0059833-10691US01VAR0046626-BI-1.jpg?sw=450&sh=450&sm=fit","$20.98","Zen Pearls Organic","White Tea"
"1636385006-246","https://www.davidstea.com/us_en/tea/tea-by-type/white/","Pomegrateful Sachets Pack of 25","https://www.davidstea.com/us_en/tea/tea-by-type/white/pomegrateful-sachets-pack-of-25/961460US01VAR0066864.html?cgid=white-tea","Low Caffeine","null","What are we grateful for? Let’s start with this purifying tea made with juicy pomegranates. Not only is it amazing hot or iced, it's also uber healthy. Made with antioxidant-packed white tea, nutrient-rich pomegranates and hydrating hibiscus blossoms, it’s a fruity blend that basically breathes wellbeing. Take one sip and count your blessings – life’s a pretty sweet fruit.
 Contains 25 ready-to-steep sachets – the easiest and quickest way to make a cup of tea when you’re in a hurry.","Apple (apple, citric acid), Pineapple (pineapple, sugar), Hibiscus blossoms, White tea, Natural (pomegranate, cream) flavouring, Pomegranate seeds and blossoms,  Rose petals, Stevia extract.

view more
view less","961460US01VAR0066864","Steep for 3-5 minutes","https://www.davidstea.com/dw/image/v2/BBXZ_PRD/on/demandware.static/-/Sites-davidstea-master-catalog/default/dwde3c64d6/productimages/961460DT01VAR0087480-961460US01VAR0066864-BI-1.jpg?sw=450&sh=450&sm=fit","$20.00","Pomegrateful Sachets Pack of 25","White Tea"
"1636385031-251","https://www.davidstea.com/us_en/tea/tea-by-type/white/","Lemon Cayenne Cleanse","https://www.davidstea.com/us_en/tea/tea-by-type/white/lemon-cayenne-cleanse/10654US01VAR0043973.html?cgid=white-tea","Low Caffeine","How it tastes
Tart and lemony, with a subtle warmth from the cayenne pepper","With tart lemon and a hint of cayenne pepper, this detoxifying white tea blend is the master of all cleansing teas. It’s got a bright citrusy kick that’ll leave you feeling fresh, revitalized and ready to seize the day. Plus a subtle warmth and spiciness to get your senses tingling. We love to sip it first thing in the morning – especially after a wild night of overindulging.
What makes it great

We took two of the most popular detoxifying ingredients and turned them into the master of all cleansing teas.
With its cayenne pepper heat, this blend is a great way to boost metabolism.
 Loved by BUZZFEED for its “perfect blend of sour and spicy.”","Apple (apple, citric acid), White tea, Lemon peel, Carrot, Rosehip peel, Lime pieces, Natural lemon flavouring, Chili peppers, Sunflower blossoms.","10654US01VAR0043973","Steep for 3-5 minutes","https://www.davidstea.com/dw/image/v2/BBXZ_PRD/on/demandware.static/-/Sites-davidstea-master-catalog/default/dwa6a6acbb/productimages/10654DT01VAR0045427-10654US01VAR0043973-BI-1.jpg?sw=450&sh=450&sm=fit","$13.98","Lemon Cayenne Cleanse","White Tea"
"1636385000-245","https://www.davidstea.com/us_en/tea/tea-by-type/white/","Lemon Cayenne Cleanse Sachets","https://www.davidstea.com/us_en/tea/tea-by-type/white/lemon-cayenne-cleanse-sachets/960645US01.html?cgid=white-tea","Low Caffeine","null","With tart lemon and a hint of cayenne pepper, this detoxifying white tea blend is the master of all cleansing teas. It’s got a bright citrusy kick that’ll leave you feeling fresh, revitalized and ready to seize the day. Plus a subtle warmth and spiciness to get your senses tingling. We love to sip it first thing in the morning – especially after a wild night of overindulging. 
What makes it great

Contains 15 ready-to-steep sachets – the easiest and quickest way to make a cup of tea when you’re in a hurry. Plus, our sachets are plant-based and biodegradable, for a more sustainable steeping experience.","Apple (apple, citric acid), White tea, Lemon peel, Carrot, Rosehip peel, Lime pieces, Natural lemon flavouring, Chili peppers, Sunflower blossoms.","960645US01","Steep for 3-5 minutes","https://www.davidstea.com/dw/image/v2/BBXZ_PRD/on/demandware.static/-/Sites-davidstea-master-catalog/default/dw9bf18322/productimages/960645DT01-960645US01-BI-1.jpg?sw=450&sh=450&sm=fit","$9.00","Lemon Cayenne Cleanse Sachets","White Tea"
"1636385020-249","https://www.davidstea.com/us_en/tea/tea-by-type/white/","Pomegrateful","https://www.davidstea.com/us_en/tea/tea-by-type/white/pomegrateful/10696US01VAR0047090.html?cgid=white-tea","Low Caffeine","How it tastes
Creamy with the fruity sweetness of pomegranate juice","What are we grateful for? Let’s start with this purifying tea made with juicy pomegranates. Not only is it amazing hot or iced, it's also uber healthy. Made with antioxidant-packed white tea, nutrient-rich pomegranates and hydrating hibiscus blossoms, it’s a fruity blend that basically breathes wellbeing. Take one sip and count your blessings – life’s a pretty sweet fruit.
What makes it great

Need a feel-good boost between holiday feasts? This fresh red blend is packed with superfood deliciousness – from antioxidant-rich pomegranates to beautifying white tea.
We love it as an iced tea.","Apple (apple, citric acid), Pineapple (pineapple, sugar), Hibiscus blossoms, White tea, Natural (pomegranate, cream) flavouring, Pomegranate seeds and blossoms,  Rose petals, Stevia extract.

view more
view less","10696US01VAR0047090","Steep for 3-5 minutes","https://www.davidstea.com/dw/image/v2/BBXZ_PRD/on/demandware.static/-/Sites-davidstea-master-catalog/default/dwae799acf/productimages/10696DT01VAR0060700-10696US01VAR0047090-BI-1.jpg?sw=450&sh=450&sm=fit","$12.98","Pomegrateful","White Tea"
"1636384985-243","https://www.davidstea.com/us_en/tea/tea-by-type/white/","Buddha’s Blend Sachets","https://www.davidstea.com/us_en/tea/tea-by-type/white/buddha%E2%80%99s-blend-sachets/960456US01.html?cgid=white-tea","Medium Caffeine","null","We’re pretty sure we found the key to achieving nirvana, and it all starts with this fresh, delicate mix of white and green tea. What makes it so heavenly? We sprinkled in some jasmine pearls for their sweet floral perfume. Then we added the unexpected fruity aroma of white hibiscus blossoms. Just sit back, relax and take a sip. Pure bliss.
What makes it great

Contains 15 ready-to-steep sachets – the easiest and quickest way to make a cup of tea when you’re in a hurry.
We increased the number of sachets per box and reduced the price and packaging, so you get more for less – plus a more sustainable steeping experience.","White tea, Green tea, Jasmine pearls, Artificial peach flavouring, White hibiscus blossoms.","960456US01","Steep for 1-2 minutes","https://www.davidstea.com/dw/image/v2/BBXZ_PRD/on/demandware.static/-/Sites-davidstea-master-catalog/default/dwb0be8c56/productimages/960456DT01-960456US01-BI-1_NewWeight.jpg?sw=450&sh=450&sm=fit","$9.00","Buddha’s Blend Sachets","White Tea"
"1636385011-247","https://www.davidstea.com/us_en/tea/tea-by-type/white/","White Peach Sachets","https://www.davidstea.com/us_en/tea/tea-by-type/white/white-peach-sachets/961581US01VAR0075616.html?cgid=white-tea","null","null","What’s more irresistible than sweet peaches and cream? With its complexion-saving white tea base, this beautifully light and juicy blend is about to become your forever love. It’s packed with mouthwatering peaches so it’s fruity, refreshing and just a little bit creamy. Plus it tastes amazing hot and iced. How peachy is that? 
What makes it great

Contains 15 ready-to-steep sachets – the easiest and quickest way to make a cup of tea when you’re in a hurry.
We increased the number of sachets per box and reduced the price and packaging, so you get more for less – plus a more sustainable steeping experience.","null","961581US01VAR0075616","null","https://www.davidstea.com/dw/image/v2/BBXZ_PRD/on/demandware.static/-/Sites-davidstea-master-catalog/default/dw8d133463/productimages/961581DT01VAR0091538-961581US01-BI-1.jpg?sw=450&sh=450&sm=fit","$9.00","White Peach Sachets","null"
"1636384972-241","https://www.davidstea.com/us_en/tea/tea-by-type/white/","Tulsi Tranquility Sachets","https://www.davidstea.com/us_en/tea/tea-by-type/white/tulsi-tranquility-sachets/960998US01VAR0056696.html?cgid=white-tea","null","null","Need to relax? Chill out with this fruity caffeine-free tulsi tea. It’s overflowing with uber calming ingredients like rosehips, rose petals, strawberries and tulsi, aka holy basil – a sweet and aromatic herb thought to relieve anxiety and stress. With its refreshing red berry taste, it’s the perfect blend to reach for when tea hits the fan. 
What makes it great

Contains 15 ready-to-steep sachets – the easiest and quickest way to make a cup of tea when you’re in a hurry. Plus, our sachets are plant-based and biodegradable, for a more sustainable steeping experience.","null","960998US01VAR0056696","null","https://www.davidstea.com/dw/image/v2/BBXZ_PRD/on/demandware.static/-/Sites-davidstea-master-catalog/default/dw39f1339a/productimages/960998DT01VAR0073878-960998US01VAR0056696-BI-1.jpg?sw=450&sh=450&sm=fit","$9.00","Tulsi Tranquility Sachets","null"
"1636384948-237","https://www.davidstea.com/us_en/tea/tea-by-type/white/","Grapefully Yours Pitcher Pack","https://www.davidstea.com/us_en/tea/tea-by-type/white/grapefully-yours-pitcher-pack/961271US01VAR0072727.html?cgid=white-tea","Low Caffeine","null","Punch up your iced tea game with a wave of juicy black grapes and a hint of tart berry. Beautifully blended with delicate white tea for a balanced finish, this mouth-watering refresher is the perfect way to add a touch of sophistication to your summer sipping. Our favourite part? It steeps a vibrant purple thanks to butterfly pea and hibiscus.



And in this convenient, pre-portioned loose leaf tea pitcher pack, you can brew iced tea for a crowd with no measuring required.","White tea, Apple (apple, citric acid), Raisins, Hibiscus blossoms, Natural (wildberry, grape) flavouring, Blue butterfly pea blossoms, Grape seeds, Black currants, Pink cornflower blossoms, Stevia extract.

view more
view less","961271US01VAR0072727","Steep for 3-5 minutes","https://www.davidstea.com/dw/image/v2/BBXZ_PRD/on/demandware.static/-/Sites-davidstea-master-catalog/default/dwf9a9d4b0/productimages/961271DT01VAR0082336-961271US01VAR0062834-BI-1.jpg?sw=450&sh=450&sm=fit","$5.00","Grapefully Yours Pitcher Pack","White Tea"
"1636385036-252","https://www.davidstea.com/us_en/tea/tea-by-type/white/","Buddha's Blend","https://www.davidstea.com/us_en/tea/tea-by-type/white/buddha-s-blend/10348US01VAR0017249.html?cgid=white-tea","Medium Caffeine","How it tastes
Perfectly balanced mix of fruity and floral","We’re pretty sure we found the key to achieving nirvana, and it all starts with this fresh, delicate mix of white and green tea. What makes it so heavenly? We sprinkled in some jasmine pearls for their sweet floral perfume. Then we added the unexpected fruity aroma of white hibiscus blossoms. Just sit back, relax and take a sip. Pure bliss.
What makes it great

You can't get a tea more zen than this!
It's our twist on a classic jasmine tea, with a hint of peach and beautiful jasmine pearls.
This tea is easy to oversteep… make sure you keep the steep time short. Done right, it’s pure heaven.","White tea, Green tea, Jasmine pearls, Artificial peach flavouring, White hibiscus blossoms.","10348US01VAR0017249","Steep for 1-2 minutes","https://www.davidstea.com/dw/image/v2/BBXZ_PRD/on/demandware.static/-/Sites-davidstea-master-catalog/default/dw9395af90/productimages/10348DT01VAR0015204-10348US01VAR0017249-BI-1.jpg?sw=450&sh=450&sm=fit","$12.98","Buddha's Blend","White Tea"
"1636384943-236","https://www.davidstea.com/us_en/tea/tea-by-type/white/","Buddha’s Blend Iconic Tin","https://www.davidstea.com/us_en/tea/tea-by-type/white/buddha%E2%80%99s-blend-iconic-tin/960481US01.html?cgid=white-tea","Medium Caffeine","null","We’re pretty sure we found the key to achieving nirvana, and it all starts with this fresh, delicate mix of white and green tea. What makes it so heavenly? We sprinkled in some jasmine pearls for their sweet floral perfume. Then we added the unexpected fruity aroma of white hibiscus blossoms. Just sit back, relax and take a sip. Pure bliss.


This loose leaf tea is packed in a giftable tin.","White tea, Green tea, Jasmine pearls, Artificial peach flavouring, White hibiscus blossoms.","960481US01","Steep for 1-2 minutes","https://www.davidstea.com/dw/image/v2/BBXZ_PRD/on/demandware.static/-/Sites-davidstea-master-catalog/en_US/dw497f3649/productimages/960481DT01-960481US01-BI-1.jpg?sw=450&sh=450&sm=fit","$15.00","Buddha’s Blend Iconic Tin","White Tea"
"1636385054-256","https://www.davidstea.com/us_en/tea/tea-by-type/white/","Silver Bell Oolong Tea","https://www.davidstea.com/us_en/tea/tea-by-type/white/silver-bell-oolong-tea/10940US01VAR0071548.html?cgid=white-tea","High Caffeine","How it tastes: 
Smooth, creamy & buttery with a delicate floral finish.","Ring-a-ling, hear them sing, it’s oolong time in the city. Enjoy this traditional blend dressed in creamy, buttery holiday style with a light floral finish. Dotted with rolled oolong pearls, this is the perfect holiday tea for all generations.
What makes it great:

Delicate and smooth, this oolong is a perfect traditional tea for holidays past, present and future.
This blend is inspired by the rural Chinese tradition of “monk’s blend,” where several teas are combined into one.
Smooth, creamy & buttery texture with floral aromas linger for a fresh feeling after every sip.","White tea, Milk oolong tea with natural milk flavouring (derived from lactose), Jasmine green tea pearls.","10940US01VAR0071548","Steep for 4-5 minutes","https://www.davidstea.com/dw/image/v2/BBXZ_PRD/on/demandware.static/-/Sites-davidstea-master-catalog/default/dwfacfb0af/productimages/10940DT01VAR0094030-10940US01VAR0071548-BI-1.jpg?sw=450&sh=450&sm=fit","$13.98","Silver Bell Oolong Tea","Oolong tea"
"1636384960-239","https://www.davidstea.com/us_en/tea/tea-by-type/white/","Merry Mistletoe Tea Large Solo","https://www.davidstea.com/us_en/tea/tea-by-type/white/merry-mistletoe-tea-large-solo/961653US01VAR0074031.html?cgid=white-tea","Low Caffeine","null","Kissing under the mistletoe is a holiday tradition that dates back thousands of years. During the Roman period, enemies at war would settle their differences under mistletoe. Today, we’ve put that same sentiment of peace & love into Merry Mistletoe. Feel merry & bright with a tart & juicy white tea strewn with soothing mistletoe, wholesome red cranberries & a kiss of cinnamon warmth.
This white tea blend comes prepacked in a cute extra-large giftable box. It's perfect for gifting or keeping for yourself and enjoying all season long.","Apple pieces (apple, citric acid), Raisins, Hibiscus blossoms, Natural (cranberry, apple) flavouring, Clove, Cinnamon, Mistletoe, White tea, Rose petals, Cranberry pieces, Stevia extract.

view more
view less","961653US01VAR0074031","Steep for 3-5 minutes","https://www.davidstea.com/dw/image/v2/BBXZ_PRD/on/demandware.static/-/Sites-davidstea-master-catalog/default/dw9226744d/productimages/961653DT01VAR0092735-961653US01VAR0074031-BI-1.jpg?sw=450&sh=450&sm=fit","$19.00","Merry Mistletoe Tea Large Solo","White Tea"
"1636384931-234","https://www.davidstea.com/us_en/tea/tea-by-type/white/","Pomegrateful Iconic Tin","https://www.davidstea.com/us_en/tea/tea-by-type/white/pomegrateful-iconic-tin/961028US01VAR0057010.html?cgid=white-tea","Low Caffeine","null","What are we grateful for? Let’s start with this purifying tea made with juicy pomegranates. Not only is it amazing hot or iced, it's also uber healthy. Made with antioxidant-packed white tea, nutrient-rich pomegranates and hydrating hibiscus blossoms, it’s a fruity blend that basically breathes wellbeing. Take one sip and count your blessings – life’s a pretty sweet fruit.
This loose leaf tea is packed in a giftable tin.","Apple (apple, citric acid), Pineapple (pineapple, sugar), Hibiscus blossoms, White tea, Natural (pomegranate, cream) flavouring, Pomegranate seeds and blossoms,  Rose petals, Stevia extract.

view more
view less","961028US01VAR0057010","Steep for 3-5 minutes","https://www.davidstea.com/dw/image/v2/BBXZ_PRD/on/demandware.static/-/Sites-davidstea-master-catalog/default/dw168cfef1/productimages/961028DT01VAR0074283-961028US01VAR0057010-BI-1.jpg?sw=450&sh=450&sm=fit","$20.00","Pomegrateful Iconic Tin","White Tea"
"1636384979-242","https://www.davidstea.com/us_en/tea/tea-by-type/white/","Pomegrateful Sachets","https://www.davidstea.com/us_en/tea/tea-by-type/white/pomegrateful-sachets/960996US01VAR0056694.html?cgid=white-tea","null","null","What are we grateful for? Let’s start with this purifying tea made with juicy pomegranates. Not only is it amazing hot or iced, it's also uber healthy. Made with antioxidant-packed white tea, nutrient-rich pomegranates and hydrating hibiscus blossoms, it’s a fruity blend that basically breathes wellbeing. Take one sip and count your blessings – life’s a pretty sweet fruit.
What makes it great

Contains 15 ready-to-steep sachets – the easiest and quickest way to make a cup of tea when you’re in a hurry. Plus, our sachets are plant-based and biodegradable, for a more sustainable steeping experience.","null","960996US01VAR0056694","null","https://www.davidstea.com/dw/image/v2/BBXZ_PRD/on/demandware.static/-/Sites-davidstea-master-catalog/default/dw904bdf2c/productimages/960996DT01VAR0073874-960996US01VAR0056694-BI-1.jpg?sw=450&sh=450&sm=fit","$9.00","Pomegrateful Sachets","null"
"1636384967-240","https://www.davidstea.com/us_en/tea/tea-by-type/white/","Lemon Cayenne Cleanse Sachets Pack of 25","https://www.davidstea.com/us_en/tea/tea-by-type/white/lemon-cayenne-cleanse-sachets-pack-of-25/961453US01VAR0066856.html?cgid=white-tea","Low Caffeine","null","With tart lemon and a hint of cayenne pepper, this detoxifying white tea blend is the master of all cleansing teas. It’s got a bright citrusy kick that’ll leave you feeling fresh, revitalized and ready to seize the day. Plus a subtle warmth and spiciness to get your senses tingling. We love to sip it first thing in the morning – especially after a wild night of overindulging.
 Contains 25 ready-to-steep sachets – the easiest and quickest way to make a cup of tea when you’re in a hurry.","Apple (apple, citric acid), White tea, Lemon peel, Carrot, Rosehip peel, Lime pieces, Natural lemon flavouring, Chili peppers, Sunflower blossoms.","961453US01VAR0066856","Steep for 3-5 minutes","https://www.davidstea.com/dw/image/v2/BBXZ_PRD/on/demandware.static/-/Sites-davidstea-master-catalog/default/dwc24c31fd/productimages/961453DT01VAR0087466-961453US01VAR0066856-BI-1.jpg?sw=450&sh=450&sm=fit","$20.00","Lemon Cayenne Cleanse Sachets Pack of 25","White Tea"
"1636385050-255","https://www.davidstea.com/us_en/tea/tea-by-type/white/","Merry Mistletoe","https://www.davidstea.com/us_en/tea/tea-by-type/white/merry-mistletoe/10868US01VAR0075634.html?cgid=white-tea","Low Caffeine","How it tastes
 Tart cranberry with notes of baked apple and hints of warming clove & cinnamon.","Kissing under of mistletoe is a holiday tradition that dates back thousands of years. During the Roman period, enemies at war would settle their differences under mistletoe. Today, we’ve put that same sentiment of peace & love into Merry Mistletoe. Feel merry & bright with a tart & juicy white tea strewn with soothing mistletoe, wholesome red cranberries & a kiss of cinnamon warmth.
What makes it great

 A deliciously fruity tea with wholesome cranberries & soothing mistletoe.
 Made with real mistletoe.
 If you like Pomegrateful, this is another wellness holiday blend you need to add to your tea wish list.","Apple pieces (apple, citric acid), Raisins, Hibiscus blossoms, Natural (cranberry, apple) flavouring, Clove, Cinnamon, Mistletoe, White tea, Rose petals, Cranberry pieces, Stevia extract.

view more
view less","10868US01VAR0075634","Steep for 3-5 minutes","https://www.davidstea.com/dw/image/v2/BBXZ_PRD/on/demandware.static/-/Sites-davidstea-master-catalog/default/dwa2727d15/productimages/10868DT01VAR0099330-10868US01VAR0075634-BI-1.jpg?sw=450&sh=450&sm=fit","$11.98","Merry Mistletoe","White Tea"
"1636384994-244","https://www.davidstea.com/us_en/tea/tea-by-type/white/","Buddha’s Blend Sachets Pack of 25","https://www.davidstea.com/us_en/tea/tea-by-type/white/buddha%E2%80%99s-blend-sachets-pack-of-25/961123US01VAR0058111.html?cgid=white-tea","Medium Caffeine","null","We’re pretty sure we found the key to achieving nirvana, and it all starts with this fresh, delicate mix of white and green tea. What makes it so heavenly? We sprinkled in some jasmine pearls for their sweet floral perfume. Then we added the unexpected fruity aroma of white hibiscus blossoms. Just sit back, relax and take a sip. Pure bliss.
Contains 25 ready-to-steep sachets – the easiest and quickest way to make a cup of tea when you’re in a hurry.","White tea, Green tea, Jasmine pearls, Artificial peach flavouring, White hibiscus blossoms.","961123US01VAR0058111","Steep for 1-2 minutes","https://www.davidstea.com/dw/image/v2/BBXZ_PRD/on/demandware.static/-/Sites-davidstea-master-catalog/default/dwd09ff000/productimages/961123DT01VAR0076455-961123US01VAR0058111-BI-1.jpg?sw=450&sh=450&sm=fit","$20.00","Buddha’s Blend Sachets Pack of 25","White Tea"
"1636385046-254","https://www.davidstea.com/us_en/tea/tea-by-type/white/","White Pumpkin","https://www.davidstea.com/us_en/tea/tea-by-type/white/white-pumpkin/10960US01VAR0073000.html?cgid=white-tea","Low Caffeine","How it tastes
 Delicate pumpkin with notes of cream, coconut and a whisper of spice","Let’s dabble in fall, shall we? Before you take the plunge into a full-blown PSL, dip your toes in this delicate and approachable pumpkin blend with only a touch of spice. On a white tea base, discover notes of cooked cream, white chocolate, coconut and pumpkin seeds seamlessly blended in this demure autumnal staple.
What makes it great

Want the pumpkin spice feeling without the in-your-face flavour? This is the blend for you. Light spice and soft pumpkin gives you fall vibes without overpowering your palate.
 Great alternative to Pumpkin Chai – a bit less intense, while serving all your fave fall time flavours.
Add a splash of milk and a sprinkle of cinnamon for a decadent treat, perfect in a tumbler for a walk through the pumpkin patch.","Apple, Coconut rasp, White chocolate (sugar, cocoa butter, whole milk powder, sunflower lecithin), White tea, Carrot, Natural (pumpkin pie, white chocolate) flavouring, Bean peel, Pumpkin, Pumpkin seed, Sea buckthorn, Stevia extract.

view more
view less","10960US01VAR0073000","Steep for 3-5 minutes","https://www.davidstea.com/dw/image/v2/BBXZ_PRD/on/demandware.static/-/Sites-davidstea-master-catalog/default/dwb9ff79d5/productimages/10960DT01VAR0095948-10960US01VAR0073000-BI-1.jpg?sw=450&sh=450&sm=fit","$11.98","White Pumpkin","White Tea"
"1636384925-233","https://www.davidstea.com/us_en/tea/tea-by-type/white/","Bai Hao Yin Zhen","https://www.davidstea.com/us_en/tea/tea-by-type/white/bai-hao-yin-zhen/10110US01VAR0013001.html?cgid=white-tea","High Caffeine","How it tastes
Smooth sweetness of pure sugarcane juice without any astringency","White tea at its finest, Bai Hao Yin Zhen is revered as one of the top teas in China. Our silver needle white tea uses only the first leaves and silvery, unopened buds of the tea plant, plucked by hand during the April harvest. You’ll love this tea’s pure, delicate taste and sweet complexity, not to mention the underlying grassy notes no tea lover can resist.
What makes it great

White tea is the least processed tea, meaning all the skin-loving antioxidants found in the leaf aren't broken down.
Comes from a small family-owned garden that has been making tea for over 5 generations.
To make this tea, the buds are plucked by hand in early April, when the mornings are still cold but it doesn’t rain every day.","High-grown white tea from the mountains of Fujian Province, China.","10110US01VAR0013001","Steep for 3-5 minutes","https://www.davidstea.com/dw/image/v2/BBXZ_PRD/on/demandware.static/-/Sites-davidstea-master-catalog/default/dw8ee668bd/productimages/10110DT01VAR003981-10110US01VAR0013001-BI-1.jpg?sw=450&sh=450&sm=fit","$24.98","Bai Hao Yin Zhen","White Tea"
"1636385041-253","https://www.davidstea.com/us_en/tea/tea-by-type/white/","White Peach","https://www.davidstea.com/us_en/tea/tea-by-type/white/white-peach/10684US01VAR0046172.html?cgid=white-tea","Low Caffeine","How it tastes
Deliciously light and creamy, with the sweet juiciness of fresh peaches","What’s more irresistible than sweet peaches and cream? With its complexion-saving white tea base, this beautifully light and juicy blend is about to become your forever love. It’s packed with mouthwatering peaches so it’s fruity, refreshing and just a little bit creamy. Plus it tastes amazing hot and iced. How peachy is that?
What makes it great

Craving a refreshing treat? This satisfying blend is like peaches and cream in a cup.
With its base of antioxidant-rich white tea, this complexion-loving blend is about to become your new beauty essential.","Apple, Artificial peach flavouring, White tea, Apple pomace (apple, citric acid), Artificial cream flavouring, Marigold flowers, Stevia extract, Peach (peach, rice flour), Artificial apricot flavouring.

view more
view less","10684US01VAR0046172","Steep for 3-5 minutes","https://www.davidstea.com/dw/image/v2/BBXZ_PRD/on/demandware.static/-/Sites-davidstea-master-catalog/default/dwd5405025/productimages/10684DT01VAR0059340-10684US01VAR0046172-BI-1.jpg?sw=450&sh=450&sm=fit","$11.98","White Peach","White Tea"
"1636385015-248","https://www.davidstea.com/us_en/tea/tea-by-type/white/","Merry Mistletoe Tea Sachets Pack of 15","https://www.davidstea.com/us_en/tea/tea-by-type/white/merry-mistletoe-tea-sachets-pack-of-15/961638US01VAR0070083.html?cgid=white-tea","null","null","Kissing under the mistletoe is a holiday tradition that dates back thousands of years. During the Roman period, enemies at war would settle their differences under mistletoe. Today, we’ve put that same sentiment of peace & love into Merry Mistletoe. Feel merry & bright with a tart & juicy white tea strewn with soothing mistletoe, wholesome red cranberries & a kiss of cinnamon warmth.
Contains 15 ready-to-steep tea sachets – the easiest and quickest way to make a cup of tea when you’re in a hurry.","null","961638US01VAR0070083","null","https://www.davidstea.com/dw/image/v2/BBXZ_PRD/on/demandware.static/-/Sites-davidstea-master-catalog/default/dw357dee27/productimages/961638DT01VAR0091894-961638US01VAR0070083-BI-1.jpg?sw=450&sh=450&sm=fit","$9.00","Merry Mistletoe Tea Sachets Pack of 15","null"
"1636384936-235","https://www.davidstea.com/us_en/tea/tea-by-type/white/","Pomegrateful – Limited Edition printed tin","https://www.davidstea.com/us_en/tea/tea-by-type/white/pomegrateful-%E2%80%93-limited-edition-printed-tin/961316US01VAR0063927.html?cgid=white-tea","Low Caffeine","null","What are we grateful for? Let’s start with this purifying tea made with juicy pomegranates. Not only is it amazing hot or iced, it's also uber healthy. Made with antioxidant-packed white tea, nutrient-rich pomegranates and hydrating hibiscus blossoms, it’s a fruity blend that basically breathes wellbeing. Take one sip and count your blessings – life’s a pretty sweet fruit.



This loose leaf tea is packed in a giftable tin.","Apple (apple, citric acid), Pineapple (pineapple, sugar), Hibiscus blossoms, White tea, Natural (pomegranate, cream) flavouring, Pomegranate seeds and blossoms,  Rose petals, Stevia extract.

view more
view less","961316US01VAR0063927","Steep for 3-5 minutes","https://www.davidstea.com/dw/image/v2/BBXZ_PRD/on/demandware.static/-/Sites-davidstea-master-catalog/default/dwa1293b45/productimages/961316DT01VAR0083611-961316US01VAR0063927-BI-1.jpg?sw=450&sh=450&sm=fit","$19.00","Pomegrateful – Limited Edition printed tin","White Tea"
"1636384955-238","https://www.davidstea.com/us_en/tea/tea-by-type/white/","White Peach Iconic Tin","https://www.davidstea.com/us_en/tea/tea-by-type/white/white-peach-iconic-tin/961601US01.html?cgid=white-tea","Low Caffeine","null","What’s more irresistible than sweet peaches and cream? With its complexion-saving white tea base, this beautifully light and juicy blend is about to become your forever love. It’s packed with mouthwatering peaches so it’s fruity, refreshing and just a little bit creamy. Plus it tastes amazing hot and iced. How peachy is that?
This tea comes packed in a giftable tin.","Apple, Artificial peach flavouring, White tea, Apple pomace (apple, citric acid), Artificial cream flavouring, Marigold flowers, Stevia extract, Peach (peach, rice flour), Artificial apricot flavouring.

view more
view less","961601US01","Steep for 3-5 minutes","https://www.davidstea.com/dw/image/v2/BBXZ_PRD/on/demandware.static/-/Sites-davidstea-master-catalog/default/dw33925de1/productimages/961601DT01-961601US01-BI-1.jpg?sw=450&sh=450&sm=fit","$20.00","White Peach Iconic Tin","White Tea"
