﻿web-scraper-order,web-scraper-start-url,link,link-href,Caffeine,Flavor,Description,Ingredients,item_ID,Steeping,Image-src,Price,Name,Type
"1636385394-295","https://www.davidstea.com/us_en/tea/tea-by-type/matcha/","Peach Matcha","https://www.davidstea.com/us_en/tea/tea-by-type/matcha/peach-matcha/10532US01VAR0022876.html?cgid=matcha-tea","Medium Caffeine","How it tastes
Fruity, sweet and creamy, with the tea flavour of matcha in the background","We're taking antioxidant-rich matcha to new heights. An all-natural blend of matcha green tea powder, pure cane sugar and fruity notes of peach, this Peach Matcha will make you totally rethink your morning smoothie. Try it as an iced matcha latte for a perfect balance of creamy goodness, juicy peach and green tea benefits.
What makes it great

Great for matcha beginners.
Made using only young green tea leaves from Aichi, Japan and natural flavouring.
Add a spoonful to your next smoothie, latte or baked goods.","Cane sugar, Matcha green tea, Natural peach flavouring.","10532US01VAR0022876","Whisk until frothy","https://www.davidstea.com/dw/image/v2/BBXZ_PRD/on/demandware.static/-/Sites-davidstea-master-catalog/default/dwcf2619a1/productimages/10532DT01VAR0029691-10532US01VAR0022876-BI-1.jpg?sw=450&sh=450&sm=fit","$10.98","Peach Matcha","Matcha Drink Mix"
"1636385343-284","https://www.davidstea.com/us_en/tea/tea-by-type/matcha/","Mocha Matcha","https://www.davidstea.com/us_en/tea/tea-by-type/matcha/mocha-matcha/10478US01VAR0021252.html?cgid=matcha-tea","Medium Caffeine","Creamy, bold & crisp with a lingering coconut flavour.","This all-natural blend of stone-ground matcha and pure coconut nectar is the easiest, most convenient way to make your favourite green tea drinks. It’s already sweetened, so all you need to do is decide what you want to make. You can blend it with milk and ice for an amazing smoothie, froth it with milk for a latte, or add a spoonful to your next milkshake for a real treat. Looks like you’ve got some seriously tasty experimenting to do.
What makes it great

 Made with our premium Matcha Matsu & natural flavouring.
 Matcha is loved for its sustained energy boost.
 A creamy mocha matcha sweetened with coconut nectar.
 Makes an awesome latte.","Coconut nectar, Matcha green tea, Natural mocha flavouring","10478US01VAR0021252","Whisk until frothy","https://www.davidstea.com/dw/image/v2/BBXZ_PRD/on/demandware.static/-/Sites-davidstea-master-catalog/default/dwe0274a80/productimages/10478DT01VAR0026419-10478US01VAR0021252-BI-1.jpg?sw=450&sh=450&sm=fit","$10.98","Mocha Matcha","Matcha Drink Mix"
"1636385338-283","https://www.davidstea.com/us_en/tea/tea-by-type/matcha/","Mango Matcha","https://www.davidstea.com/us_en/tea/tea-by-type/matcha/mango-matcha/10533US01VAR0022899.html?cgid=matcha-tea","Medium Caffeine","How it tastes
Sweet, tropical and refreshing, with a touch of fruity mango","Elevate your matcha ritual. Made with a base of finely ground energizing green tea powder, pure cane sugar and juicy mango, this natural-flavoured matcha is a refreshing way to treat yourself while sipping the whole leaf benefits of green tea. Froth with milk for a green tea latte, blend with yogurt and ice for a matcha mango lassi, or add to your next smoothie for the perfect post-workout snack.","Cane sugar, Matcha green tea, Natural mango flavouring with annatto extract.","10533US01VAR0022899","Whisk until frothy","https://www.davidstea.com/dw/image/v2/BBXZ_PRD/on/demandware.static/-/Sites-davidstea-master-catalog/default/dwf16c7fab/productimages/10533DT01VAR0029717-10533US01VAR0022899-BI-1.jpg?sw=450&sh=450&sm=fit","$10.98","Mango Matcha","Matcha Drink Mix"
"1636385412-299","https://www.davidstea.com/us_en/tea/tea-by-type/matcha/","Mojito Matcha","https://www.davidstea.com/us_en/tea/tea-by-type/matcha/mojito-matcha/10833US01VAR0063728.html?cgid=matcha-tea","Medium Caffeine","Minty, cooling & fresh, with the tea flavour of matcha in the background","Wild mint meets notes of freshly squeezed lime in this strong yet refreshing flavoured Mojito Matcha.
What makes it great

Perfect for matcha newbies.
This energizing green tea powder is a delicious way to fuel up.
The perfect summer treat for anyone with a sweet tooth.","Cane sugar, Matcha green tea, Natural Mojito flavouring.","10833US01VAR0063728","Whisk until frothy","https://www.davidstea.com/dw/image/v2/BBXZ_PRD/on/demandware.static/-/Sites-davidstea-master-catalog/default/dw838bac75/productimages/10833DT01VAR0083358-10833US01VAR0063728-BI-1.jpg?sw=450&sh=450&sm=fit","$10.98","Mojito Matcha","Matcha Drink Mix"
"1636385375-291","https://www.davidstea.com/us_en/tea/tea-by-type/matcha/","Cream of Earl Grey Matcha","https://www.davidstea.com/us_en/tea/tea-by-type/matcha/cream-of-earl-grey-matcha/10896US01VAR0068328.html?cgid=matcha-tea","Medium Caffeine","How it tastes
 Rich & creamy with a hint of aromatic complexity from the bergamot.","Our classic Cream of Earl Grey black tea is one of our most popular teas. In fact, it ranks among our top ten of all time. So, for us, it just made sense to merge this creamy black tea beauty with a gorgeous green tea goddess: Matcha Matsu. The result? A rich, creamy flavour with touch of aromatic bergamot & vegetal matcha.
What makes it great

 Cream of Earl Grey is one of our DAVIDsTEA classic flavours, so we thought why not try it as a matcha. We can’t wait to hear what you think.
 Our flavoured matchas are made on a base of Matcha Matsu, so you’re getting all the benefits of the whole tea leaf.","Cane sugar, Matcha green tea, Natural (cream, Earl Grey) flavouring.","10896US01VAR0068328","Whisk until frothy","https://www.davidstea.com/dw/image/v2/BBXZ_PRD/on/demandware.static/-/Sites-davidstea-master-catalog/default/dw02d49aa4/productimages/10896DT01VAR0089603-10896US01VAR0068328-BI-1.jpg?sw=450&sh=450&sm=fit","$10.98","Cream of Earl Grey Matcha","Matcha Drink Mix"
"1636385418-300","https://www.davidstea.com/us_en/tea/tea-by-type/matcha/","Chai Matcha","https://www.davidstea.com/us_en/tea/tea-by-type/matcha/chai-matcha/10717US01VAR0049593.html?cgid=matcha-tea","Medium Caffeine","How it tastes
Reminiscent of a sweet chai latte with notes of cinnamon, nutmeg & cardamom on a Matcha Matsu base.","A delicious base of energizing matcha green tea, spiced to perfection with hints of cinnamon, nutmeg and cardamom, this cozy blend will keep you coming back for more. Sweet but not too sweet with the goodness of matcha, it’s a totally guilt-free treat. Whether you love it straight up or as a tea latte, its comforting spices will leave you feeling chai high.
What makes it great

 Take in the aromas of a classic chai latte with cinnamon, nutmeg & cardamon.
 Very fragrant with a lingering aftertaste.
 If you like chai and you like matcha, you'll absolutely love this blend.","Cane sugar, Matcha green tea, Natural chai flavouring","10717US01VAR0049593","Whisk until frothy","https://www.davidstea.com/dw/image/v2/BBXZ_PRD/on/demandware.static/-/Sites-davidstea-master-catalog/default/dw1eefdf0a/productimages/10717DT01VAR0064036-10717US01VAR0049593-BI-1.jpg?sw=450&sh=450&sm=fit","$10.98","Chai Matcha","Matcha Drink Mix"
"1636385404-297","https://www.davidstea.com/us_en/tea/tea-by-type/matcha/","Orange Dreamsicle Matcha","https://www.davidstea.com/us_en/tea/tea-by-type/matcha/orange-dreamsicle-matcha/10872US01VAR0066463.html?cgid=matcha-tea","Medium Caffeine","How it tastes
Sweet & bright citrus with notes of creamy white chocolate and vegetal matcha","If we had to choose a favourite childhood flavour, orange dreamsicle might be it. Now that we’re no longer kids riding bikes to the corner store (or so they tell us), we’re ready to give this orange treat the glow up it deserves. Give your matcha routine a frosty twist with this delectably sweet combination of bright citrus & creamy white chocolate. What (adulting) dreams are made of.
What makes it great

 Bright & citrusy matcha with a rich creamy note.
 Features young green tea leaves from Aichi, Japan and natural flavouring.
 Made with no artificial flavours.","Cane sugar, Matcha green tea, Natural (white chocolate, orange) flavouring.","10872US01VAR0066463","Whisk until frothy","https://www.davidstea.com/dw/image/v2/BBXZ_PRD/on/demandware.static/-/Sites-davidstea-master-catalog/default/dwfc3a8c69/productimages/10872DT01VAR0086993-10872US01VAR0066463-BI-1.jpg?sw=450&sh=450&sm=fit","$10.98","Orange Dreamsicle Matcha","Matcha Drink Mix"
"1636385330-281","https://www.davidstea.com/us_en/tea/tea-by-type/matcha/","Matcha Single Serves Mixed Bag","https://www.davidstea.com/us_en/tea/tea-by-type/matcha/matcha-single-serves-mixed-bag/961828US01VAR0075347.html?cgid=matcha-tea","null","null","Shake up hot or iced matcha refreshment on the go with 32 pre-measured portions of 8 sweetened finely ground green teas. Each little packet contains just the right amount of matcha for a 12 oz tea, so all you have to do is mix with hot water. No measuring required. Includes: Blueberry Matcha, Chai Matcha, Cream of Earl Grey Matcha, Maple Matcha, Mango Matcha, Peach Matcha, Strawberry Matcha and Vanilla Matcha.","null","961828US01VAR0075347","null","https://www.davidstea.com/dw/image/v2/BBXZ_PRD/on/demandware.static/-/Sites-davidstea-master-catalog/default/dwb159ebe1/productimages/961828DT01VAR0098770-961828US01VAR0075347-BI-1.jpg?sw=450&sh=450&sm=fit","$49.00","Matcha Single Serves Mixed Bag","null"
"1636385408-298","https://www.davidstea.com/us_en/tea/tea-by-type/matcha/","Wild Honey Matcha","https://www.davidstea.com/us_en/tea/tea-by-type/matcha/wild-honey-matcha/10721US01VAR0049810.html?cgid=matcha-tea","Medium Caffeine","How it tastes
Floral with sweet honey notes and a touch of astringency and freshness from the matcha","Unleash your flower power with this deliciously floral matcha green tea. Dripping with wildflower honey flavour and the freshness of energizing stone-ground green tea, this sweet and fragrant matcha powder is like sipping a spring day. Whether you try it hot, iced or as a tasty green tea latte, it’s pretty much guaranteed to put some pep in your step.

What makes it great

Perfect for matcha newbies!
Matcha is antioxidant-rich green tea powder that is packed with detoxifying and energizing health benefits.
Delicious hot, iced or as a floral green tea latte.","Cane sugar, Matcha green tea, Natural wildflower honey flavouring.","10721US01VAR0049810","Whisk until frothy","https://www.davidstea.com/dw/image/v2/BBXZ_PRD/on/demandware.static/-/Sites-davidstea-master-catalog/default/dwc1745d7a/productimages/10721DT01VAR0064276-10721US01VAR0049810-BI-1.jpg?sw=450&sh=450&sm=fit","$10.98","Wild Honey Matcha","Matcha Drink Mix"
"1636385390-294","https://www.davidstea.com/us_en/tea/tea-by-type/matcha/","Maple Matcha","https://www.davidstea.com/us_en/tea/tea-by-type/matcha/maple-matcha/10603US01VAR0039937.html?cgid=matcha-tea","Medium Caffeine","How it tastes
Creamy with a deep maple syrup flavour and a hint of green tea","Sip yourself cozy with this delicious, all-natural blend of energizing matcha powder, cane sugar and a drizzle of natural maple flavouring. It’s already sweetened, so all you need to do is decide what you want to make. You can sip it solo, top it with hot frothed milk for a green tea latte, mix it into your cakes or cookies, or sprinkle it over your oatmeal for a seriously comforting treat. Looks like you’ve got some tasty experimenting to do…
What makes it great

Great for matcha beginners.
Add a spoonful to your baked goods, oatmeal or latte for an added energy boost!
Made using only young green tea leaves from Aichi Japan and natural flavouring.","Cane sugar, Matcha green tea, Natural maple flavouring.","10603US01VAR0039937","Whisk until frothy","https://www.davidstea.com/dw/image/v2/BBXZ_PRD/on/demandware.static/-/Sites-davidstea-master-catalog/default/dw177a825a/productimages/10603DT01VAR0039541-10603US01VAR0039937-BI-1.jpg?sw=450&sh=450&sm=fit","$10.98","Maple Matcha","Matcha Drink Mix"
"1636385399-296","https://www.davidstea.com/us_en/tea/tea-by-type/matcha/","Vanilla Matcha","https://www.davidstea.com/us_en/tea/tea-by-type/matcha/vanilla-matcha/10479US01VAR0021238.html?cgid=matcha-tea","Medium Caffeine","How it tastes
Creamy vanilla, with a slight grassy matcha flavour in the background","This all-natural blend of vanilla, matcha green tea powder and sweet coconut nectar is the easiest way to get your matcha fix. All you have to do is decide whether you’d rather start your day with a Vanilla Matcha latte, a green smoothie or some next-level oatmeal. The good news? No need to decide between flavour, energy and antioxidants – this tea’s got ‘em all.
What makes it great

Great for matcha beginners!
Looking for a classic flavoured matcha? Nothing beats vanilla.","Coconut nectar, Matcha green tea, Natural vanilla flavouring.","10479US01VAR0021238","Whisk until frothy","https://www.davidstea.com/dw/image/v2/BBXZ_PRD/on/demandware.static/-/Sites-davidstea-master-catalog/default/dw9528e5ea/productimages/10479DT01VAR0026433-10479US01VAR0021238-BI-1.jpg?sw=450&sh=450&sm=fit","$10.98","Vanilla Matcha","Matcha Drink Mix"
"1636385348-285","https://www.davidstea.com/us_en/tea/tea-by-type/matcha/","Salted Caramel Matcha","https://www.davidstea.com/us_en/tea/tea-by-type/matcha/salted-caramel-matcha/10871US01VAR0066400.html?cgid=matcha-tea","Medium Caffeine","How it tastes
Rich & sweet caramel flavour with bursts of saltiness, balanced by the vegetal quality of matcha.","Made from a rich mixture of sugar, salt and butter, salted caramel was first crafted by a French chocolatier more than three decades ago. And now, we’re bringing that same drool-worthy flavour to your matcha cup. Indulge in this silky smooth green tea powder laced with the flavours of rich golden caramel & a touch of sea salt for the ultimate sweet & salty treat. How sweet it is.
What makes it great

 All the goodness of matcha with a festive caramel twist
 Features young green tea leaves from Aichi, Japan and natural flavouring.
 Made with natural flavouring and real salt.","Cane sugar, Matcha green tea, Salt, Natural sea salt caramel flavouring.","10871US01VAR0066400","Whisk until frothy","https://www.davidstea.com/dw/image/v2/BBXZ_PRD/on/demandware.static/-/Sites-davidstea-master-catalog/default/dw1eefdf0a/productimages/10871DT01VAR0086923-10871US01VAR0066400-BI-1.jpg?sw=450&sh=450&sm=fit","$10.98","Salted Caramel Matcha","Matcha Drink Mix"
"1636385370-290","https://www.davidstea.com/us_en/tea/tea-by-type/matcha/","Organic Ceremonial Matcha","https://www.davidstea.com/us_en/tea/tea-by-type/matcha/organic-ceremonial-matcha/961261US01.html?cgid=matcha-tea","Medium Caffeine","null","Indulge in an exquisite stone-ground matcha that’s 100% Certified Organic – a rarity in the matcha world since Japan has few organic tea gardens. This premium green tea powder is made by removing every little vein from the highest quality tencha leaves from Nishio, a region with an 800-year reputation as the world’s finest matcha producer. With its fresh aroma, velvety-smooth mouthfeel and sweet, creamy notes of whipped butter, every sip is a luxury.


Available in prepack format only.","Organic matcha green tea from Nishio, Japan.","961261US01","Whisk until frothy","https://www.davidstea.com/dw/image/v2/BBXZ_PRD/on/demandware.static/-/Sites-davidstea-master-catalog/default/dw8b13a4cd/productimages/961235DT01-961261US01-BI-1.jpg?sw=450&sh=450&sm=fit","$39.00","Organic Ceremonial Matcha","Traditional Matcha"
"1636385352-286","https://www.davidstea.com/us_en/tea/tea-by-type/matcha/","Raspberry Matcha","https://www.davidstea.com/us_en/tea/tea-by-type/matcha/raspberry-matcha/10829US01VAR0063474.html?cgid=matcha-tea","Medium Caffeine","How it tastes
Sweet and rich ripe raspberry balanced by fresh vegetal green tea notes","We're taking energizing matcha to new heights. Fuel your morning with this fruity and invigorating blend of Matcha Matsu powder, pure cane sugar and the natural flavour of ripe raspberry. Whether you sip it as an iced latte or in your post-workout smoothie, this finely ground flavoured matcha is an easy & delicious way to enjoy the feel-good benefits of green tea.","Cane sugar, Matcha green tea, Natural raspberry flavouring.","10829US01VAR0063474","Whisk until frothy","https://www.davidstea.com/dw/image/v2/BBXZ_PRD/on/demandware.static/-/Sites-davidstea-master-catalog/default/dw838bac75/productimages/10829DT01VAR0083078-10829US01VAR0063474-BI-1.jpg?sw=450&sh=450&sm=fit","$10.98","Raspberry Matcha","Matcha Drink Mix"
"1636385357-287","https://www.davidstea.com/us_en/tea/tea-by-type/matcha/","Ceremonial Matcha","https://www.davidstea.com/us_en/tea/tea-by-type/matcha/ceremonial-matcha/961260US01.html?cgid=matcha-tea","Medium Caffeine","How it tastes
Has the perfect balance of natural sweetness, creaminess and matcha astringency","Calling all matcha lovers! Taste our creamiest, sweetest, most delicate matcha yet. Made from painstakingly deveining and stone-grinding only the most tender green tea leaves from Nishio, Japan, it whisks into a smooth-drinking emerald-green tea fit for an emperor. Detoxifying matcha has never tasted so indulgent.


Available in prepack format only.","Matcha green tea from Nishio, Japan","961260US01","Whisk until frothy","https://www.davidstea.com/dw/image/v2/BBXZ_PRD/on/demandware.static/-/Sites-davidstea-master-catalog/default/dw4df0c894/productimages/961234DT01-961260US01-BI-2.jpg?sw=450&sh=450&sm=fit","$29.00","Ceremonial Matcha","Traditional Matcha"
"1636385361-288","https://www.davidstea.com/us_en/tea/tea-by-type/matcha/","Blueberry Matcha","https://www.davidstea.com/us_en/tea/tea-by-type/matcha/blueberry-matcha/10531US01VAR0022853.html?cgid=matcha-tea","Medium Caffeine","How it tastes
Sweet and fresh, with a ripe blueberry flavour and a light grassy note from the matcha","Kick your summer vibes up a notch with our sweet and revitalizing Blueberry Matcha. Bursting with freshly picked blueberries, mega-healthy matcha green tea and pure cane sugar, it’s an iced tea latte waiting to happen. The best part? This deliciously fruity blend is packed with all the energizing and metabolism-boosting benefits of matcha for an instant pick-me-up. Good vibes all around.
What makes it great

Makes the best iced matcha latte!
It’s a great way to power up in the morning – just add a spoonful to your smoothie bowl or oatmeal.
It’s got a base of matcha green tea – a powerhouse antioxidant known for its metabolism-boosting properties.","Cane sugar, Matcha green tea, Natural blueberry flavouring.","10531US01VAR0022853","Whisk until frothy","https://www.davidstea.com/dw/image/v2/BBXZ_PRD/on/demandware.static/-/Sites-davidstea-master-catalog/default/dw177a825a/productimages/10531DT01VAR0029665-10531US01VAR0022853-BI-1.jpg?sw=450&sh=450&sm=fit","$10.98","Blueberry Matcha","Matcha Drink Mix"
"1636385431-303","https://www.davidstea.com/us_en/tea/tea-by-type/matcha/","Candy Cane Matcha","https://www.davidstea.com/us_en/tea/tea-by-type/matcha/candy-cane-matcha/10710US01VAR0075619.html?cgid=matcha-tea","Medium Caffeine","How it tastes
Creamy and not overly sweet, with a strong cooling note from the peppermint","Festive peppermint treat. With its blend of energizing finely ground green tea and cane sugar, this flavoured matcha powder is refreshingly creamy and sweet, with a peppermint finish cooler than the North Pole. Sip it straight-up or as a holiday green tea latte topped with whipped cream and crushed candy cane pieces. 
What makes it great

 This flavoured matcha is made from young finely ground green tea leaves from Aichi, Japan.
 Need a pick-me-up? This sweet & decadent blend is packed with all the energizing benefits green tea is known for. 
 Try it as a green tea latte with whipped cream and crushed candy cane pieces for the ultimate holiday treat.","Cane sugar, Matcha green tea, Natural candy cane flavouring, Milk powder.","10710US01VAR0075619","Whisk until frothy","https://www.davidstea.com/dw/image/v2/BBXZ_PRD/on/demandware.static/-/Sites-davidstea-master-catalog/default/dwd4f4ecc1/productimages/10710DT01VAR0099314-10710US01VAR0075619-BI-1-2.jpg?sw=450&sh=450&sm=fit","$10.98","Candy Cane Matcha","Matcha Drink Mix"
"1636385366-289","https://www.davidstea.com/us_en/tea/tea-by-type/matcha/","Matcha Matsu","https://www.davidstea.com/us_en/tea/tea-by-type/matcha/matcha-matsu/10123US01VAR0013006.html?cgid=matcha-tea","Medium Caffeine","How it tastes
Lively vegetal flavour with a mild freshness","Looking for the best matcha powder in town? In Japanese, “matsu” literally means “pine tree.” But it’s also a term that indicates excellence. This detoxifying finely ground green tea lives up to its name. Bold in taste and aroma, this indulgent matcha powder is perfect as is, or as a base for your lattes, milkshakes and smoothies. Excellent.
What makes it great

Delicious sipped on its own or mixed into lattes and smoothies.
Matcha is a labour of love – it's made by removing the stems and spines of the tea leaves and then grinding the leaf into a fine powder.
Because you're ingesting the entire leaf, you get 100% of the benefits, plus an energy boost.","Matcha green tea from Nishio, Japan.","10123US01VAR0013006","Whisk until frothy","https://www.davidstea.com/dw/image/v2/BBXZ_PRD/on/demandware.static/-/Sites-davidstea-master-catalog/default/dw5b8b6f59/productimages/10123DT01VAR003986-10123US01VAR0013006-BI-1.jpg?sw=450&sh=450&sm=fit","$19.98","Matcha Matsu","Traditional Matcha"
"1636385334-282","https://www.davidstea.com/us_en/tea/tea-by-type/matcha/","Matcha Single Serves Cozy Variety Pack","https://www.davidstea.com/us_en/tea/tea-by-type/matcha/matcha-single-serves-cozy-variety-pack/961827US01VAR0075346.html?cgid=matcha-tea","null","null","Shake up hot or iced matcha refreshment on the go with 8 pre-measured portions of sweetened finely ground green teas. Cozy up with these comforting flavours: Cream of Earl Grey Matcha, Vanilla Matcha, Maple Matcha and Chai Matcha. Each little packet contains just the right amount of matcha for a 12 oz tea, so all you have to do is mix with hot water and add ice. No measuring required.","null","961827US01VAR0075346","null","https://www.davidstea.com/dw/image/v2/BBXZ_PRD/on/demandware.static/-/Sites-davidstea-master-catalog/default/dwdfcbcb27/productimages/961827DT01VAR0098768-961827US01VAR0075346-BI-1.jpg?sw=450&sh=450&sm=fit","$15.00","Matcha Single Serves Cozy Variety Pack","null"
"1636385422-301","https://www.davidstea.com/us_en/tea/tea-by-type/matcha/","Vanilla Chai Matcha","https://www.davidstea.com/us_en/tea/tea-by-type/matcha/vanilla-chai-matcha/10936US01VAR0071273.html?cgid=matcha-tea","Medium Caffeine","How it tastes
 Notes of creamy vanilla and warm spices on a smooth matcha base.","Warm up a cozy afternoon by indulging in a velvety, sweet and creamy matcha with flavours of bourbon vanilla & warm spices, all on a smooth base of energizing matcha matsu. Sip as-is or make it a latte for those extra chilly evenings. This is your new go-to curl-up companion.
 What makes it great

 Matcha gives a natural energy boost with a cozy feel.
 Indulge and make it a latte to elevate any cozy afternoon.
 Our two favourites, matcha and chai, living in perfect harmony.","Cane sugar, Matcha green tea, Natural (creamy vanilla, chai spice) flavouring.","10936US01VAR0071273","Whisk until frothy","https://www.davidstea.com/dw/image/v2/BBXZ_PRD/on/demandware.static/-/Sites-davidstea-master-catalog/default/dw8f24c85d/productimages/10936DT01VAR0093611-10936US01VAR0071273-BI-1.jpg?sw=450&sh=450&sm=fit","$10.98","Vanilla Chai Matcha","Matcha Drink Mix"
"1636385427-302","https://www.davidstea.com/us_en/tea/tea-by-type/matcha/","Blue Magic Matcha","https://www.davidstea.com/us_en/tea/tea-by-type/matcha/blue-magic-matcha/10941US01VAR0071613.html?cgid=matcha-tea","Low Caffeine","How it tastes  Naturally succulent blue raspberry flavours plays with zesty ginger and vegetal matcha flavours.","Mesmerize your senses with natural blue raspberry flavour. This hypnotizing matcha has notes of succulent dark berry & stomach-soothing zesty ginger. Naturally coloured by butterfly pea flower, this deep blue blend will enchant you with its look and taste.
What makes it great
 Zesty ginger is known to help soothe an upset stomach.
This blue matcha isn’t all looks – it’s flavour, too! Juicy and fresh, this tea tastes as magical as it looks.
Butterfly pea flower is used in Thai and Malaysian cuisines to naturally colour sticky rice desserts and puddings. It also changes colours with the addition of lemon!","Sugar, Butterfly pea flower, Ginger powder (ginger extract, glucose syrup), Matcha green tea, Natural (acai, blackberry) flavouring.","10941US01VAR0071613","Whisk until frothy","https://www.davidstea.com/dw/image/v2/BBXZ_PRD/on/demandware.static/-/Sites-davidstea-master-catalog/default/dwd3a00175/productimages/10941DT01VAR0094101-10941US01VAR0071613-BI-1.jpg?sw=450&sh=450&sm=fit","$12.98","Blue Magic Matcha","Matcha Drink Mix"
"1636385380-292","https://www.davidstea.com/us_en/tea/tea-by-type/matcha/","Grand Cru Matcha","https://www.davidstea.com/us_en/tea/tea-by-type/matcha/grand-cru-matcha/10444US01VAR0016967.html?cgid=matcha-tea","Medium Caffeine","How it tastes
Smooth and rich mouthfeel, with a perfect balance of creamy and grassy","Delicately smooth and velvety, with a bright green colour and refreshing taste, this is one of the highest grade (and most delicious) matchas on earth. To make it, every vein is lovingly removed from green tea leaves, which are then ground into a superfine matcha powder that whisks into an impossibly creamy brew. The ultimate energy boost, detoxifier and treat-yourself tea.
What makes it great

The fine grind makes this matcha green tea super creamy and smooth.
Matcha is a labour of love – it's made by removing the stems and spines of the tea leaves and then grinding the leaf into a fine powder.
Because you're ingesting the entire leaf, you get 100% of the benefits, plus an energy boost.","Matcha green tea from Nishio, Japan.","10444US01VAR0016967","Whisk until frothy","https://www.davidstea.com/dw/image/v2/BBXZ_PRD/on/demandware.static/-/Sites-davidstea-master-catalog/default/dw965bc698/productimages/10444DT01VAR0021004-10444US01VAR0016967-BI-1.jpg?sw=450&sh=450&sm=fit","$29.98","Grand Cru Matcha","Traditional Matcha"
"1636385384-293","https://www.davidstea.com/us_en/tea/tea-by-type/matcha/","Strawberry Matcha","https://www.davidstea.com/us_en/tea/tea-by-type/matcha/strawberry-matcha/10576US01VAR0025675.html?cgid=matcha-tea","Medium Caffeine","How it tastes
Fruity, sweet and creamy, with the tea flavour of matcha in the background","This all-natural blend of matcha green tea powder, cane sugar and wild strawberry is a sweet way to power up. Packed with all the mega-healthy benefits of matcha, you’re gonna want to add a spoonful to all your fave drinks – from strawberry milkshakes and powerhouse smoothie bowls to energizing iced lattes. With a fruity matcha this good, going green has never been easier.
What makes it great

Perfect for matcha newbies.
This energizing green tea powder is a delicious way to fuel up.
Makes the best strawberry milkshake!","Cane sugar, Matcha green tea, Natural strawberry flavouring.","10576US01VAR0025675","Whisk until frothy","https://www.davidstea.com/dw/image/v2/BBXZ_PRD/on/demandware.static/-/Sites-davidstea-master-catalog/default/dwc1745d7a/productimages/10576DT01VAR0033497-10576US01VAR0025675-BI-1.jpg?sw=450&sh=450&sm=fit","$10.98","Strawberry Matcha","Matcha Drink Mix"
"1636385436-304","https://www.davidstea.com/us_en/tea/tea-by-type/matcha/","Mint Matcha","https://www.davidstea.com/us_en/tea/tea-by-type/matcha/mint-matcha/10477US01VAR0021245.html?cgid=matcha-tea","Low Caffeine","How it tastes
Refreshingly minty and creamy, with delicate grassy matcha undertones","Power through the day with this invigorating mix of matcha powder, refreshing mint and sweet coconut nectar. Fresh and creamy, it’s the freshest way to make your favourite green tea drinks. Blend it with milk and ice for an oh-so tasty matcha smoothie, froth it with milk for an exquisite latte, or sip it on its own. The options are endless – and delicious.
What makes it great

Great for matcha beginners!
Mint adds a whole new level of freshness.
Matcha green tea is naturally energizing, detoxifying and full of antioxidants.


This tea will be retiring once quantities have run out. But don’t worry! Here are a few similar-tasting blends we think you’ll love: Vanilla Matcha and North African Mint.","Coconut nectar, Matcha green tea, Natural mint flavouring.","10477US01VAR0021245","Whisk until frothy","https://www.davidstea.com/dw/image/v2/BBXZ_PRD/on/demandware.static/-/Sites-davidstea-master-catalog/default/dwe0274a80/productimages/10477DT01VAR0026426-10477US01VAR0021245-BI-1.jpg?sw=450&sh=450&sm=fit","$10.98","Mint Matcha","Matcha Drink Mix"
