﻿web-scraper-order,web-scraper-start-url,link,link-href,Caffeine,Flavor,Description,Ingredients,item_ID,Steeping,Image-src,Price,Name,Type
"1636386353-365","https://www.davidstea.com/us_en/tea/tea-by-type/mat%C3%A9/","Oat Milk Latte","https://www.davidstea.com/us_en/tea/tea-by-type/mat%C3%A9/oat-milk-latte/10905US01VAR0069059.html?cgid=mate-tea","Low Caffeine","How it tastes
Sweet and creamy oat milk balanced with dark roasted coffee notes.","Trendy lattes aren’t just for the coffee shop—our Oat Milk Latte blend has all the sweet, creamy flavours of oat milk blended with rich, dark roasted coffee. Plus, this tea is made with coffee leaf—a sustainable ingredient that provides a natural boost of clean energy.
What makes it great

 Coffee leaves in this blend are harvested by coffee farmers in Central America, providing steady income flow for workers who usually have an income just three months per year.
 Roasted mate adds a rich, roasted note and a natural boost of energy.
 This blend is our first time using black tea extract.","Apple, Roasted mate, Gluten-free oats, Fennel, Coconut rasps, Natural (coffee, cream) flavouring, Rooibos, Black tea, Coriander, Brittle pieces (sugar, hazelnuts), Carob, Coffee leaves, Roasted chicory root, Black tea extract, Stevia extract.

view more
view less","10905US01VAR0069059","Steep for 3-5 minutes","https://www.davidstea.com/dw/image/v2/BBXZ_PRD/on/demandware.static/-/Sites-davidstea-master-catalog/default/dw44d209cd/productimages/10905DT01VAR0090553-10905US01VAR0069059-BI-1.jpg?sw=450&sh=450&sm=fit","$10.98","Oat Milk Latte","Maté"
"1636386336-362","https://www.davidstea.com/us_en/tea/tea-by-type/mat%C3%A9/","Just Beet It Sachets","https://www.davidstea.com/us_en/tea/tea-by-type/mat%C3%A9/just-beet-it-sachets/960947US01VAR0055583.html?cgid=mate-tea","null","null","This refreshing fruit and veg maté was born for Saturday night dance-offs. What makes it so good? It’s packed with invigorating ingredients that’ll get any party started – from sweet and succulent beetroot to nutrient-rich superfruits like goji and blackberries. Add in a pop of energizing guarana and green yerba mate and you’ll be moonwalking in seconds. Hot or iced, it’s pretty hard to beet.
What makes it great

Contains 15 ready-to-steep sachets – the easiest and quickest way to make a cup of tea when you’re in a hurry. Plus, our sachets are plant-based and biodegradable, for a more sustainable steeping experience.","null","960947US01VAR0055583","null","https://www.davidstea.com/dw/image/v2/BBXZ_PRD/on/demandware.static/-/Sites-davidstea-master-catalog/default/dwe6318627/productimages/960947DT01VAR0072552-960947US01VAR0055583-BI-1.jpg?sw=450&sh=450&sm=fit","$8.99","Just Beet It Sachets","null"
"1636386348-364","https://www.davidstea.com/us_en/tea/tea-by-type/mat%C3%A9/","Morning Detox","https://www.davidstea.com/us_en/tea/tea-by-type/mat%C3%A9/morning-detox/10885US01VAR0067561.html?cgid=mate-tea","Medium Caffeine","How it tastes
Strong cooling sensation & deep spices with a touch of acidity from the apple cider.","Say good morning to your perfect just-rolled-out-of-bed detox blend. This mellow yet strong cooling cleansing blend is made with metabolism-boosting apple cider vinegar powder, digestion-friendly turmeric, plus a pinch of gut-loving ginger. To complete your am detox, we added miracle moringa tree – a body-loving superleaf. Today’s going to be a good day.
What makes it great

 A blend of traditional ingredients to cleanse the system – a great choice after a night of overindulging.
 An energizing base of yerba mate (energy without the jitters of high-caffeine).
 Ginger & turmeric are traditionally used to soothe digestion.","Green tea, Turmeric, Ginger, Orange peel, Carrot, Rosehip peel, Lemongrass, Peppermint, Rose pepper, Moringa leaves, Green mate, Black pepper, Apple cider vinegar powder (apple vinegar, maltodextrin), Natural (mint, lemon) flavouring, Marigold blossoms.

view more
view less","10885US01VAR0067561","Steep for 3-5 minutes","https://www.davidstea.com/dw/image/v2/BBXZ_PRD/on/demandware.static/-/Sites-davidstea-master-catalog/default/dw94352dd0/productimages/10885DT01VAR0088592-10885US01VAR0067561-BI-1.jpg?sw=450&sh=450&sm=fit","$10.98","Morning Detox","Maté"
"1636386329-361","https://www.davidstea.com/us_en/tea/tea-by-type/mat%C3%A9/","Just Beet It Iconic Tin","https://www.davidstea.com/us_en/tea/tea-by-type/mat%C3%A9/just-beet-it-iconic-tin/960956US01VAR0055659.html?cgid=mate-tea","Low Caffeine","null","This refreshing fruit and veg maté was born for Saturday night dance-offs. What makes it so good? It’s packed with invigorating ingredients that’ll get any party started – from sweet and succulent beetroot to nutrient-rich superfruits like goji and blackberries. Add in a pop of energizing guarana and green yerba mate and you’ll be moonwalking in seconds. Hot or iced, it’s pretty hard to beet.
This loose leaf tea is packed in a giftable tin.","Apple (apple, citric acid), Raisins, Hibiscus blossoms, Beetroot, Elderberries, Carrot, Green maté, Goji berries, Aronia berries, Natural and artificial wildberry flavouring, Blackberries, Red currants, Guarana seeds, Raspberries, Cornflower blossoms.

view more
view less","960956US01VAR0055659","Steep for 3-5 minutes","https://www.davidstea.com/dw/image/v2/BBXZ_PRD/on/demandware.static/-/Sites-davidstea-master-catalog/default/dwc08d0457/productimages/960956DT01VAR0072689-960956US01VAR0055659-BI-1.jpg?sw=450&sh=450&sm=fit","$20.00","Just Beet It Iconic Tin","Maté"
"1636386342-363","https://www.davidstea.com/us_en/tea/tea-by-type/mat%C3%A9/","Just Beet It Sachets Pack of 25","https://www.davidstea.com/us_en/tea/tea-by-type/mat%C3%A9/just-beet-it-sachets-pack-of-25/961824US01VAR0075343.html?cgid=mate-tea","null","null","This refreshing fruit and veg maté was born for Saturday night dance-offs. What makes it so good? It’s packed with invigorating ingredients that’ll get any party started – from sweet and succulent beetroot to nutrient-rich superfruits like goji and blackberries. Add in a pop of energizing guarana and green yerba mate and you’ll be moonwalking in seconds. Hot or iced, it’s pretty hard to beet.
 Contains 25 ready-to-steep sachets – the easiest and quickest way to make a cup of tea when you’re in a hurry.","null","961824US01VAR0075343","null","https://www.davidstea.com/dw/image/v2/BBXZ_PRD/on/demandware.static/-/Sites-davidstea-master-catalog/default/dw32f9acde/productimages/961824DT01VAR0098760-961824US01VAR0075343-BI-1.jpg?sw=450&sh=450&sm=fit","$18.00","Just Beet It Sachets Pack of 25","null"
"1636386315-359","https://www.davidstea.com/us_en/tea/tea-by-type/mat%C3%A9/","Just Beet It Energizing Capsule","https://www.davidstea.com/us_en/tea/tea-by-type/mat%C3%A9/just-beet-it-energizing-capsule/961279US01.html?cgid=mate-tea","Low Caffeine","null","This refreshing fruit and veggie maté was born for Saturday night dance-offs. What makes it so good? It’s packed with invigorating ingredients that’ll get any party started – from sweet and succulent beetroot to nutrient-rich superfruits like goji and blackberries. Add in a pop of energizing guarana and green yerba mate and you’ll be moonwalking in seconds. Hot or iced, it’s pretty hard to beet.



This loose leaf tea comes packed in a small, travel-friendly capsule tin so you can take your favourite wellness tea with you wherever you go.","Apple (apple, citric acid), Raisins, Hibiscus blossoms, Beetroot, Elderberries, Carrot, Green maté, Goji berries, Aronia berries, Natural and artificial wildberry flavouring, Blackberries, Red currants, Guarana seeds, Raspberries, Cornflower blossoms.

view more
view less","961279US01","Steep for 3-5 minutes","https://www.davidstea.com/dw/image/v2/BBXZ_PRD/on/demandware.static/-/Sites-davidstea-master-catalog/default/dwee17338e/productimages/961279DT01-961279US01-BI-1.jpg?sw=450&sh=450&sm=fit","$6.00","Just Beet It Energizing Capsule","Maté"
"1636386322-360","https://www.davidstea.com/us_en/tea/tea-by-type/mat%C3%A9/","S'mores Chai Iconic Tin","https://www.davidstea.com/us_en/tea/tea-by-type/mat%C3%A9/s-mores-chai-iconic-tin/960929US01VAR0055085.html?cgid=mate-tea","Medium Caffeine","null","Gooey toasted marshmallows, graham crackers, dark chocolate – it’s no wonder we live for s’mores. Our tempting pu’erh tea adds an extra dash of cinnamon to the campfire classic, so it’s rich, warming and packed with fudgy goodness. Brew it as a frothy tea latte for the ultimate cold-weather indulgence. Don’t worry – there’s s’more where that came from.","Pu'erh tea*, Brittle pieces (sugar, hazelnut, invert sugar), Cinnamon, Sugar, Marshmallow (sugar, corn syrup, modified cornstarch, gelatin, sodium hexametaphosphate, natural and artificial flavour, FD&C Blue 1), Chocolate chips (cane sugar, cocoa liquor, cocoa butter), Natural and artificial (chocolate, hazelnut, toasted marshmallow) flavouring.

view more
view less","960929US01VAR0055085","Steep for 4-5 minutes","https://www.davidstea.com/dw/image/v2/BBXZ_PRD/on/demandware.static/-/Sites-davidstea-master-catalog/default/dwe9a78077/productimages/960929DT01VAR0071661-960929US01VAR0055085-BI-1.jpg?sw=450&sh=450&sm=fit","$20.00","S'mores Chai Iconic Tin","Pu’erh tea"
