﻿web-scraper-order,web-scraper-start-url,link,link-href,Caffeine,Flavor,Description,Ingredients,item_ID,Steeping,Image-src,Price,Name,Type
"1636386070-338","https://www.davidstea.com/us_en/tea/tea-by-type/oolong/","Salted Caramel Oolong","https://www.davidstea.com/us_en/tea/tea-by-type/oolong/salted-caramel-oolong/10852US01VAR0065124.html?cgid=oolong-tea","Low Caffeine","Sweet, rich & creamy with a hint of fruitiness to support the caramel flavour","We’ve been working hard behind the scenes to bring you this much-requested perfectly sweet sweater-weather flavour. Experience a rich & creamy blend flooded with real golden caramel bits, tightly rolled & slightly toasted oolong, plus a smattering of oversized sugar cubes. Sip now, love forever.
What makes it great

 This rich honey-coloured blend has the perfect balance of sweet & salted caramel.
 The smooth & toasty oolong makes a great base for this rich blend.
 Salted caramel is a trending flavour profile.","Oolong tea, Caramel bits (sugar, condensed milk, glucose syrup, whole milk powder), Sugar crystals, Pineapple (pineapple, sugar, citric acid), Carob, Chicory root, Artificial caramel flavouring, Salt.

view more
view less","10852US01VAR0065124","Steep for 4-5 minutes","https://www.davidstea.com/dw/image/v2/BBXZ_PRD/on/demandware.static/-/Sites-davidstea-master-catalog/default/dwe5349e47/productimages/10852DT01VAR0085309-10852US01VAR0065124-BI-1.jpg?sw=450&sh=450&sm=fit","$10.98","Salted Caramel Oolong","Oolong tea"
"1636386064-337","https://www.davidstea.com/us_en/tea/tea-by-type/oolong/","Golden Lily Organic","https://www.davidstea.com/us_en/tea/tea-by-type/oolong/organic-golden-lily/10814US01VAR0059589.html?cgid=oolong-tea","Low Caffeine","How it tastes
Creamy and delicate, with the light floral aroma of sweet pea blossoms and apricot","Sweet meets creamy vanilla in this delicate & uplifting milky organic oolong tea from Northern Thailand. Grown and hand-picked in the lush forested region of Chiang Rai, this rare and lightly oxidized oolong boasts a light floral aroma of sweet peas & apricots, and is prized for its luxuriously creamy notes. Re-steep it multiple times and discover how new flavours begin to shine through your cup.
What makes it great

This hand-picked organic oolong is made from the Jin Shuan (aka milk oolong) cultivar, which is prized for its luxuriously creamy notes.
This green-leaf oolong is lightly oxidized, so it’s more delicate, floral and fresh in flavour.
Re-steep it multiple times “Gong fu style” and discover how the flavours develop.","Organic oolong tea from Thailand.","10814US01VAR0059589","Steep for 4-5 minutes","https://www.davidstea.com/dw/image/v2/BBXZ_PRD/on/demandware.static/-/Sites-davidstea-master-catalog/default/dwab4c35b0/productimages/10814DT01VAR0079006-10814US01VAR0059589-BI-1.jpg?sw=450&sh=450&sm=fit","$17.48","Golden Lily Organic","Oolong tea"
"1636386095-343","https://www.davidstea.com/us_en/tea/tea-by-type/oolong/","Tangerine Turmeric","https://www.davidstea.com/us_en/tea/tea-by-type/oolong/tangerine-turmeric/10880US01VAR0067206.html?cgid=oolong-tea","Low Caffeine","How it tastes
Floral oolong mingles with tangerine juice – accented with a zing of turmeric & ginger.","Hit reset with a sweet cleansing oolong. This soothing blend features whole tangerine wedges for an irresistibly juicy flavour, plus turmeric & ginger – two ingredients known to help detox the body & improve digestion. Like liquid glow-up for your gut.
What makes it great

 A pale greenish gold blend with floral oolong & sweet tangerine juice.
 Complex but maintains a good balance with a slight “glow” from the oolong.
 The whole tangerine wedges really add a pop of citrus flavour.","Apple (apple, citric acid), Ginger, Candied ginger (sugar, ginger, citric acid), Oolong tea, Turmeric, Natural lemon flavouring, Tangerine wedges, Moringa leaves, Spearmint, Pink peppercorn.

view more
view less","10880US01VAR0067206","Steep for 4-5 minutes","https://www.davidstea.com/dw/image/v2/BBXZ_PRD/on/demandware.static/-/Sites-davidstea-master-catalog/default/dw328d08b1/productimages/10880DT01VAR0088194-10880US01VAR0067206-BI-1.jpg?sw=450&sh=450&sm=fit","$10.98","Tangerine Turmeric","Oolong tea"
"1636386086-341","https://www.davidstea.com/us_en/tea/tea-by-type/oolong/","Maple Syrup Oolong","https://www.davidstea.com/us_en/tea/tea-by-type/oolong/maple-syrup-oolong/10694US01VAR0046972.html?cgid=oolong-tea","Low Caffeine","null","Call us stereotypical Canadians, but we love maple syrup. And this sweet and satisfying oolong tea is dripping with it. With buckwheat and roasted chicory, it tastes just like a stack of pancakes drenched in rich amber maple. Whether you sip it straight up or as a frothy tea latte, your weekend brunch will never be the same again.","Apple, Oolong tea, Candied papaya (papaya, sugar), Raisins, Artificial (maple, pancake) flavouring, Buckwheat seeds, Roasted chicory root, Maple sugar, Stevia extract.","10694US01VAR0046972","Steep for 4-5 minutes","https://www.davidstea.com/dw/image/v2/BBXZ_PRD/on/demandware.static/-/Sites-davidstea-master-catalog/default/dw72a06f90/productimages/10694DT01VAR0060557-10694US01VAR0046972-BI-1.jpg?sw=450&sh=450&sm=fit","$10.98","Maple Syrup Oolong","Oolong tea"
"1636386080-340","https://www.davidstea.com/us_en/tea/tea-by-type/oolong/","Elderflower Oolong","https://www.davidstea.com/us_en/tea/tea-by-type/oolong/elderflower-oolong/10802US01VAR0058729.html?cgid=oolong-tea","Low Caffeine","How it tastes
Sweet lemon balanced by ripe red berry, lingering floral notes and a refreshing finish","Add a touch of sophistication to your iced tea ritual with this fruity & floral tea. With a delicate mix of bright citrus, red berry, refreshingly floral oolong tea and lingering elderflower notes, it’s like the perfect sweet lemonade with a hint of spring flowers. Just the thing to serve at your next tea party, picnic or garden soiree.","Candied pineapple (pineapple, sugar), Apple pieces (apple, citric acid), Oolong tea, Hibiscus blossoms, Elderberries, Sweet blackberry leaves, Natural (elderflower citrus, strawberry) flavouring, Orange peel, Strawberries, Elderflower.

view more
view less","10802US01VAR0058729","Steep for 4-5 minutes","https://www.davidstea.com/dw/image/v2/BBXZ_PRD/on/demandware.static/-/Sites-davidstea-master-catalog/default/dw57077a95/productimages/10802DT01VAR0077412-10802US01VAR0058729-BI-1.jpg?sw=450&sh=450&sm=fit","$10.98","Elderflower Oolong","Oolong tea"
"1636386075-339","https://www.davidstea.com/us_en/tea/tea-by-type/oolong/","Blueberry Fields Forever","https://www.davidstea.com/us_en/tea/tea-by-type/oolong/blueberry-fields-forever/10841US01VAR0064394.html?cgid=oolong-tea","Low Caffeine","Rich oolong base with tart blueberry & deep elderberry and a sweet floral finish that lingers.","A whimsical & vibrant blend of blueberry, elderberry, pea flowers, pomegranate blossoms & sweet floral violets, resulting in a mix of sweet and tart notes.
What makes it great

 Made with freshly picked blueberries, elderberries & violet blossoms
 Flavours really pop over ice
 Aroma is reminiscent of dewy blueberry fields","Apple (apple, citric acid), Oolong tea, Hibiscus blossoms, Bean peels, Natural (blueberry, pomegranate) flavouring, Blueberry leaves, Elderberries, Violet blossoms, Butterfly pea flowers, Cornflower, Blueberries, Pomegranate blossoms, Stevia extract.

view more
view less","10841US01VAR0064394","Steep for 4-5 minutes","https://www.davidstea.com/dw/image/v2/BBXZ_PRD/on/demandware.static/-/Sites-davidstea-master-catalog/default/dw2bfce132/productimages/10841DT01VAR0084421-10841US01VAR0064394-BI-1.jpg?sw=450&sh=450&sm=fit","$11.98","Blueberry Fields Forever","Oolong tea"
"1636386025-330","https://www.davidstea.com/us_en/tea/tea-by-type/oolong/","Organic The Skinny Sachets Pack of 25","https://www.davidstea.com/us_en/tea/tea-by-type/oolong/organic-the-skinny-sachets-pack-of-25/961136US01VAR0058124.html?cgid=oolong-tea","Medium Caffeine","null","Want to hear a little secret? In China, pu’erh and oolong have been used for thousands of years to aid digestion. Try this citrusy, earthy blend made with organic, traditional digestives like ginger and eleuthero root – a unique (but delicious) member of the ginseng family prized for its energizing powers. Go ahead, drink up.
Contains 25 ready-to-steep sachets – the easiest and quickest way to make a cup of tea when you’re in a hurry.","Organic oolong tea, Organic pu’erh tea, Organic ginger, Organic orange peel, Organic eleuthero root, Natural orange flavouring.","961136US01VAR0058124","Steep for 4-5 minutes","https://www.davidstea.com/dw/image/v2/BBXZ_PRD/on/demandware.static/-/Sites-davidstea-master-catalog/default/dw7e9d704d/productimages/961136DT01VAR0076483-961136US01VAR0058124-BI-1.jpg?sw=450&sh=450&sm=fit","$20.00","Organic The Skinny Sachets Pack of 25","Oolong tea"
"1636386044-333","https://www.davidstea.com/us_en/tea/tea-by-type/oolong/","Blueberry Fields Forever Sachets","https://www.davidstea.com/us_en/tea/tea-by-type/oolong/blueberry-fields-forever-sachets/961552US01VAR0075418.html?cgid=oolong-tea","Low Caffeine","null","A whimsical & vibrant blend of blueberry, elderberry, pea flowers, pomegranate blossoms & sweet floral violets, resulting in a mix of sweet and tart notes.
What makes it great

Contains 15 ready-to-steep sachets – the easiest and quickest way to make a cup of tea when you’re in a hurry. Plus, our sachets are plant-based and biodegradable, for a more sustainable steeping experience.","Apple (apple, citric acid), Oolong tea, Hibiscus blossoms, Bean peels, Natural (blueberry, pomegranate) flavouring, Blueberry leaves, Elderberries, Violet blossoms, Butterfly pea flowers, Cornflower, Blueberries, Pomegranate blossoms, Stevia extract.

view more
view less","961552US01VAR0075418","Steep for 4-5 minutes","https://www.davidstea.com/dw/image/v2/BBXZ_PRD/on/demandware.static/-/Sites-davidstea-master-catalog/default/dw7f318053/productimages/961552DT01VAR0090318-961552US01VAR0068902-BI-1.jpg?sw=450&sh=450&sm=fit","$8.99","Blueberry Fields Forever Sachets","Oolong tea"
"1636386091-342","https://www.davidstea.com/us_en/tea/tea-by-type/oolong/","Guangzhou Milk Oolong","https://www.davidstea.com/us_en/tea/tea-by-type/oolong/guangzhou-milk-oolong/10041US01VAR0012960.html?cgid=oolong-tea","Medium Caffeine","null","This rare oolong tea from China’s Wuyi Mountains is velvety smooth and creamy, with a subtle hint of orchid. It’s said that it came about when the moon fell in love with a comet. The comet passed her by, as comets will do. The moon cried milky tears, which chilled the tea fields, withering the leaves and giving them a delicate creaminess. This milky oolong tea has been a rare luxury ever since.","Chinese oolong tea from the Fujian province, Natural and artificial milk flavouring.","10041US01VAR0012960","Steep for 4-5 minutes","https://www.davidstea.com/dw/image/v2/BBXZ_PRD/on/demandware.static/-/Sites-davidstea-master-catalog/default/dw4aeba77f/productimages/10041DT01VAR003940-10041US01VAR0012960-BI-1.jpg?sw=450&sh=450&sm=fit","$14.98","Guangzhou Milk Oolong","Oolong tea"
"1636386053-335","https://www.davidstea.com/us_en/tea/tea-by-type/oolong/","Phoenix Oolong","https://www.davidstea.com/us_en/tea/tea-by-type/oolong/phoenix-oolong/10713US01VAR0048088.html?cgid=oolong-tea","Low Caffeine","How it tastes
 Deep fruity notes of sweet plum and lychee, with toasted brown sugar caramel undertones","The rising star of your tea cupboard. This luxurious oolong will have you falling hard for its natural fragrant lychee and plum notes. Add a hint of toasted caramel and a finishing roast that’s deep and satisfying and you have a premium tea that’ll keep you coming back for more. Long loved in China for its fruity flavours, this top-of-the-line oolong from Phoenix Mountain is the gem you’ve been waiting for. 
What makes it great

Dan Cong (literally “single stem”) oolongs like this one come from wild teas and are renowned for their ability to naturally imitate specific flavours like orchid, grapefruit, almond, etc.
The lingering taste of fragrant lychee will leave your feeling refreshing and tingly all over – a sensation commonly known as “oolong glow. 
 Got company? Impress them with the exquisite flavours of this premium oolong.","Oolong tea from Phoenix mountain in Guangdong Province, China.","10713US01VAR0048088","Steep for 4-5 minutes","https://www.davidstea.com/dw/image/v2/BBXZ_PRD/on/demandware.static/-/Sites-davidstea-master-catalog/default/dw27c3171f/productimages/10713DT01VAR0062263-10713US01VAR0048088-BI-1.jpg?sw=450&sh=450&sm=fit","$25.98","Phoenix Oolong","Oolong tea"
"1636386034-331","https://www.davidstea.com/us_en/tea/tea-by-type/oolong/","Organic The Skinny Sachets","https://www.davidstea.com/us_en/tea/tea-by-type/oolong/organic-the-skinny-sachets/960470US01.html?cgid=oolong-tea","Medium Caffeine","null","Want to hear a little secret? In China, pu’erh and oolong have been used for thousands of years to aid digestion. Try this citrusy, earthy blend made with organic, traditional digestives like ginger and eleuthero root – a unique (but delicious) member of the ginseng family prized for its energizing powers. Go ahead, drink up.
What makes it great

Contains 15 ready-to-steep sachets – the easiest and quickest way to make a cup of tea when you’re in a hurry. Plus, our sachets are plant-based and biodegradable, for a more sustainable steeping experience.","Organic oolong tea, Organic pu’erh tea, Organic ginger, Organic orange peel, Organic eleuthero root, Natural orange flavouring.","960470US01","Steep for 4-5 minutes","https://www.davidstea.com/dw/image/v2/BBXZ_PRD/on/demandware.static/-/Sites-davidstea-master-catalog/default/dw5e342166/productimages/960470DT01-960470US01-BI-1_NewWeight.jpg?sw=450&sh=450&sm=fit","$9.00","Organic The Skinny Sachets","Oolong tea"
"1636386104-345","https://www.davidstea.com/us_en/tea/tea-by-type/oolong/","Coconut Oolong","https://www.davidstea.com/us_en/tea/tea-by-type/oolong/coconut-oolong/10917US01VAR0069847.html?cgid=oolong-tea","Low Caffeine","How it tastes
 A rich, creamy coconut taste balanced with a hint of fresh oolong.","We are big fans of coconuts around here – they might just be the coolest food on the planet. For one thing, they’ve been around since prehistoric times, making them one of the oldest plants you can find. Plus they have so many amazing applications, it’s no wonder people in Malaysia call the coconut palm “The Tree of a Thousand Uses.” But as far as we’re concerned, the number one reason to love them is this delicious coconut and oolong blend. Creamy, rich, sweet and fresh, it’s satisfying, comforting and completely addictive. Take it from us: you’ll go nuts for it.
What makes it great

 Pao Zhong (or parchment style) oolong teas are very lightly oxidized, for a fresh, green tea flavor.
 Coconuts have been around since prehistoric times - over 50 million years!","Oolong tea, Roasted coconut, Artificial coconut flavouring.","10917US01VAR0069847","Steep for 4-5 minutes","https://www.davidstea.com/dw/image/v2/BBXZ_PRD/on/demandware.static/-/Sites-davidstea-master-catalog/default/dwbdca9ced/productimages/10917DT01VAR0091465-10917US01VAR0069847-BI-1.jpg?sw=450&sh=450&sm=fit","$15.98","Coconut Oolong","Oolong tea"
"1636386100-344","https://www.davidstea.com/us_en/tea/tea-by-type/oolong/","The Skinny Organic","https://www.davidstea.com/us_en/tea/tea-by-type/oolong/organic-the-skinny/10204US01VAR0013063.html?cgid=oolong-tea","Medium Caffeine","How it tastes
Full-bodied blend of earthy pu'erh and roasted oolong, plus a lively pop of spicy ginger and orange peel","Want to hear a little secret? In China, pu’erh and oolong have been used for thousands of years to aid digestion. Try this citrusy, earthy blend made with organic, traditional digestives like ginger and eleuthero root – a unique (but delicious) member of the ginseng family prized for its energizing powers. Go ahead, drink up.
What makes it great

Made with digestion-friendly ingredients.
Ingredients like ginger and eleuthero root are key to boosting your metabolism – and this tea is full of them!
We love drinking it for a little afternoon reboot.","Organic oolong tea, Organic pu’erh tea, Organic ginger, Organic orange peel, Organic eleuthero root, Natural orange flavouring.","10204US01VAR0013063","Steep for 4-5 minutes","https://www.davidstea.com/dw/image/v2/BBXZ_PRD/on/demandware.static/-/Sites-davidstea-master-catalog/default/dw3189d363/productimages/10204DT01VAR004043-10204US01VAR0013063-BI-1.jpg?sw=450&sh=450&sm=fit","$11.98","The Skinny Organic","Oolong tea"
"1636386039-332","https://www.davidstea.com/us_en/tea/tea-by-type/oolong/","Strawberries & Cream Sachets","https://www.davidstea.com/us_en/tea/tea-by-type/oolong/strawberries-and-cream-sachets/961545US01VAR0075415.html?cgid=oolong-tea","Medium Caffeine","null","When we came up with this tea, we had fresh strawberries on the brain. And what goes best with berries? A big dollop of cream, of course. This fruity & creamy tea is the result of blending milky oolong with luscious strawberries – for a flavour that’s perfectly sweet & smooth. The scent alone will bring you back to afternoons with whipped cream and strawberries *swoon*.
What makes it great

Contains 15 ready-to-steep sachets – the easiest and quickest way to make a cup of tea when you’re in a hurry. Plus, our sachets are plant-based and biodegradable, for a more sustainable steeping experience.","Oolong tea, Apple, Hibiscus, Milky oolong tea (Oolong tea, natural flavouring with lactose), Natural (strawberry, cream) flavouring, Strawberry, Quinoa, Stevia extract.","961545US01VAR0075415","Steep for 4-5 minutes","https://www.davidstea.com/dw/image/v2/BBXZ_PRD/on/demandware.static/-/Sites-davidstea-master-catalog/default/dwa71a580f/productimages/961545DT01VAR0090291-961545US01VAR0068894-BI-1.jpg?sw=450&sh=450&sm=fit","$8.99","Strawberries & Cream Sachets","Oolong tea"
"1636386018-329","https://www.davidstea.com/us_en/tea/tea-by-type/oolong/","Organic The Skinny Iconic Tin","https://www.davidstea.com/us_en/tea/tea-by-type/oolong/organic-the-skinny-iconic-tin/960490US01.html?cgid=oolong-tea","Medium Caffeine","null","Want to hear a little secret? In China, pu’erh and oolong have been used for thousands of years to aid digestion. Try this citrusy, earthy blend made with organic, traditional digestives like ginger and eleuthero root – a unique (but delicious) member of the ginseng family prized for its energizing powers. Go ahead, drink up.


This loose leaf tea is packed in a giftable tin.","Organic oolong tea, Organic pu’erh tea, Organic ginger, Organic orange peel, Organic eleuthero root, Natural orange flavouring.","960490US01","Steep for 4-5 minutes","https://www.davidstea.com/dw/image/v2/BBXZ_PRD/on/demandware.static/-/Sites-davidstea-master-catalog/en_US/dw5d027d70/productimages/960490DT01-960490US01-BI-1.jpg?sw=450&sh=450&sm=fit","$17.00","Organic The Skinny Iconic Tin","Oolong tea"
"1636386048-334","https://www.davidstea.com/us_en/tea/tea-by-type/oolong/","Salted Caramel Oolong Sachets Pack of 25","https://www.davidstea.com/us_en/tea/tea-by-type/oolong/salted-caramel-oolong-sachets-pack-of-25/961884US01VAR0075727.html?cgid=oolong-tea","Low Caffeine","null","We’ve been working hard behind the scenes to bring you this much-requested perfectly sweet sweater-weather flavour. Experience a rich & creamy blend flooded with real golden caramel bits, tightly rolled & slightly toasted oolong, plus a smattering of oversized sugar cubes. Sip now, love forever.
Contains 25 ready-to-steep sachets – the easiest and quickest way to make a cup of tea when you’re in a hurry.","Oolong tea, Caramel bits (sugar, condensed milk, glucose syrup, whole milk powder), Sugar crystals, Pineapple (pineapple, sugar, citric acid), Carob, Chicory root, Artificial caramel flavouring, Salt.

view more
view less","961884US01VAR0075727","Steep for 4-5 minutes","https://www.davidstea.com/dw/image/v2/BBXZ_PRD/on/demandware.static/-/Sites-davidstea-master-catalog/default/dw68a592ab/productimages/961884DT01VAR0099492-961884US01VAR0075727-BI-1.jpg?sw=450&sh=450&sm=fit","$20.00","Salted Caramel Oolong Sachets Pack of 25","Oolong tea"
"1636386059-336","https://www.davidstea.com/us_en/tea/tea-by-type/oolong/","Magnolia Oolong","https://www.davidstea.com/us_en/tea/tea-by-type/oolong/magnolia-oolong/10750US01VAR0055162.html?cgid=oolong-tea","Low Caffeine","How it tastes
 Lively, delightfully floral, sweet and buttery","For your next aromatherapy sesh. Sip on this alluring floral oolong from China’s Anxi region, scented with fragrant magnolia and jasmine blossoms. It has a lively and uplifting aroma that melts away tension as it melts your heart. Just sit back, relax and let this buttery tea’s sumptuous floral finish work its magic. 
What makes it great

 Its lightly oxidized oolong base really allows the floral aroma to shine through. 
 Stressed? This tea’s alluring floral finish is a great way to ease tension and calm the mind – like an aromatherapy sesh in a cup. 
 This is our only magnolia-scented tea.","Oolong Tea from the Anxi region in Fujian Province, China, scented with magnolia and jasmine blossoms.","10750US01VAR0055162","Steep for 4-5 minutes","https://www.davidstea.com/dw/image/v2/BBXZ_PRD/on/demandware.static/-/Sites-davidstea-master-catalog/default/dw812c2d39/productimages/10750DT01VAR0071955-10750US01VAR0055162-BI-1.jpg?sw=450&sh=450&sm=fit","$13.98","Magnolia Oolong","Oolong tea"
"1636386110-346","https://www.davidstea.com/us_en/tea/tea-by-type/oolong/","Strawberries & Cream","https://www.davidstea.com/us_en/tea/tea-by-type/oolong/strawberries-and-cream/10899US01VAR0068535.html?cgid=oolong-tea","Medium Caffeine","How it tastes
 Strawberry & light cream flavours with a rich and smooth texture.","When we came up with this tea, we had fresh strawberries on the brain. And what goes best with berries? A big dollop of cream, of course. This fruity & creamy tea is the result of blending milky oolong with luscious strawberries – for a flavour that’s perfectly sweet & smooth. The scent alone will bring you back to afternoons with whipped cream and strawberries *swoon*.
What makes it great

 Inspired by Italian soda, a sweet & refreshing carbonated beverage that originated in the USA.
 Milky oolongs are loved for their creamy & milky flavour, originally crafted by a specific cultivar known for that characteristic taste.
 The strawberries & cream flavour profile dates back to Henry VIII.","Oolong tea, Apple, Hibiscus, Milky oolong tea (Oolong tea, natural flavouring with lactose), Natural (strawberry, cream) flavouring, Strawberry, Quinoa, Stevia extract.","10899US01VAR0068535","Steep for 4-5 minutes","https://www.davidstea.com/dw/image/v2/BBXZ_PRD/on/demandware.static/-/Sites-davidstea-master-catalog/default/dwb07ca7bf/productimages/10899DT01VAR0089864-10899US01VAR0068535-BI-1.jpg?sw=450&sh=450&sm=fit","$10.98","Strawberries & Cream","Oolong tea"
"1636386115-347","https://www.davidstea.com/us_en/tea/tea-by-type/oolong/","Banana Bread Chai","https://www.davidstea.com/us_en/tea/tea-by-type/oolong/banana-bread-chai/10922US01VAR0070287.html?cgid=oolong-tea","Medium Caffeine","How it tastes
 Fresh from the oven banana bread with warming spices.","One of our favourite foods to pair with a cup of tea is freshly baked banana bread – straight out of the oven. It got us thinking: why not bring the banana bread right into the tea? Enter Banana Bread Chai. From comforting cinnamon to sweet banana chips, this oolong with a chai twist is everything you need for the best cozy vibes.
 What makes it great

 Made on a base of oolong, the medium-high oxidation & slight roast helps complement the nutty flavours.
 Features real banana chips & walnuts! If you like banana bread, you’ll love this blend.
 Tea Guide Tip: Try it as a latte.","Apple, Oolong tea, Bean peel, Artificial (banana, spice) flavouring, Clove stem, Banana, Cinnamon bark, Walnut, Stevia extract.","10922US01VAR0070287","Steep for 4-5 minutes","https://www.davidstea.com/dw/image/v2/BBXZ_PRD/on/demandware.static/-/Sites-davidstea-master-catalog/default/dw5634e96e/productimages/10922DT01VAR0092167-10922US01VAR0070287-BI-1.jpg?sw=450&sh=450&sm=fit","$10.98","Banana Bread Chai","Oolong tea"
