﻿web-scraper-order,web-scraper-start-url,link,link-href,Caffeine,Flavor,Description,Ingredients,item_ID,Steeping,Image-src,Price,Name,Type
"1636384572-217","https://www.davidstea.com/us_en/tea/tea-by-type/black/","Mango Lemonade","https://www.davidstea.com/us_en/tea/tea-by-type/black/mango-lemonade/10918US01VAR0069929.html?cgid=black-tea","Low Caffeine","How it tastes
Classic lemonade stand with a tropical and tart twist. Say that three times fast.","Kick your lemonade stand up a notch, the block won’t know what hit them. This tea is serving you a refreshingly tart twist on an iced black tea lemonade. By infusing mango and pomelo, it’s swimming with tropical flavours that will leave you quenched and wanting more. 
What makes it great

 The perfect blend of tart and sweet, it’s the upgraded classic lemonade.
 Tropical flavours will transport you to a white sand beach faster than you can say ‘mango’.
 Refreshing iced tea to beat the heat.","Apple, Candied mango (mango, sugar), Black tea, Hibiscus blossom, Candied pomelo peel (pomelo peel, sugar, citric acid), Natural (grapefruit, mango) flavouring,  Orange, Sweet blackberry leaf, Rose petals.

view more
view less","10918US01VAR0069929","Steep for 3-5 minutes","https://www.davidstea.com/dw/image/v2/BBXZ_PRD/on/demandware.static/-/Sites-davidstea-master-catalog/default/dw764f988a/productimages/10918DT01VAR0091698-10918US01VAR0069929-BI-1.jpg?sw=450&sh=450&sm=fit","$9.98","Mango Lemonade","Black Tea"
"1636384513-209","https://www.davidstea.com/us_en/tea/tea-by-type/black/","Chocolate Macaroon","https://www.davidstea.com/us_en/tea/tea-by-type/black/chocolate-macaroon/10431US01VAR0017021.html?cgid=black-tea","High Caffeine","null","A black tea that tastes just like a chocolate macaroon? We can get behind that. With its toasted coconut, cacao nibs, pecans and rock sugar, this rich, nutty blend is just as good as the real thing. Enjoy it as a frothy latte for a sweet and satisfying treat.","Black tea, Toasted coconut (coconut, sugar, dextrose, salt), Coconut, Pecans, Cacao nibs, Rock cane sugar, Natural chocolate flavouring.","10431US01VAR0017021","Steep for 3-5 minutes","https://www.davidstea.com/dw/image/v2/BBXZ_PRD/on/demandware.static/-/Sites-davidstea-master-catalog/default/dwd9717c9f/productimages/10431DT01VAR0021037-10431US01VAR0017021-BI-1.jpg?sw=450&sh=450&sm=fit","$9.98","Chocolate Macaroon","Black Tea"
"1636384632-227","https://www.davidstea.com/us_en/tea/tea-by-type/black/","Chocolate Chili Chai","https://www.davidstea.com/us_en/tea/tea-by-type/black/chocolate-chili-chai/10248US01VAR0013107.html?cgid=black-tea","High Caffeine","How it tastes
A perfectly balanced blend of rich black tea and chocolate with a hint of chili pepper.","Spice things up with our fan favourite chocolate black tea. Its hot secret? We laced it with ancho and Aleppo chilis and peppercorns for a surprising kick. With its sweet, rich fudgy flavour and feisty finish, this bold tea is the perfect base for the ultimate latte with a little frothed milk. If you really want to feel the heat, add a splash of cinnamon whisky. Arriba!
What makes it great

 The combination of chocolate and chilis is very Latin American.
 In its native Central and South America, the chilli pepper has a long history
of use to relieve headaches and fatigue, and to improve circulation.
 Capsaicin is the compound that makes peppers spicy.","Black tea, Chocolate (sugar, chocolate liquor, cocoa butter, soy lecithin, vanilla), Red peppercorns, Lily petals, Ancho chili, Aleppo chili, Natural and artificial (chocolate, chili) flavouring.

view more
view less","10248US01VAR0013107","Steep for 3-5 minutes","https://www.davidstea.com/dw/image/v2/BBXZ_PRD/on/demandware.static/-/Sites-davidstea-master-catalog/default/dwdbec82d1/productimages/10248DT01VAR004087-10248US01VAR0013107-BI-1.jpg?sw=450&sh=450&sm=fit","$10.98","Chocolate Chili Chai","Black Tea"
"1636384522-210","https://www.davidstea.com/us_en/tea/tea-by-type/black/","Vanilla Cappuccino","https://www.davidstea.com/us_en/tea/tea-by-type/black/vanilla-cappuccino/10760US01VAR0055830.html?cgid=black-tea","Low Caffeine","How it tastes
Sweet and creamy, with a light coffee flavour – like a decadent French vanilla iced capp","Want the sweet and creamy flavour of a French vanilla iced capp without the sugar crash? Try this full-bodied, java-spiked black tea on for size. Laced with real coffee beans, it’s a refreshingly guilt-free way to indulge in your fave hot weather pick-me-up – just whip it up into a decadent iced latte to see what we mean. Time to get your frapp on.
What makes it great

Makes an incredible iced latte.
With less caffeine and sugar than the classic iced capp, it’s the perfect way to satisfy your cravings guilt-free.
Great alternative to coffee.","Apple, Black tea, Rosehips, Candied pineapple (pineapple, sugar), Coffee beans, Natural coffee flavouring with stevia extract, Artificial (cream, vanilla) flavouring.","10760US01VAR0055830","Steep for 3-5 minutes","https://www.davidstea.com/dw/image/v2/BBXZ_PRD/on/demandware.static/-/Sites-davidstea-master-catalog/default/dw2f8d34a4/productimages/10760DT01VAR0072916-10760US01VAR0055830-BI-1.jpg?sw=450&sh=450&sm=fit","$9.98","Vanilla Cappuccino","Black Tea"
"1636384582-219","https://www.davidstea.com/us_en/tea/tea-by-type/black/","Nanaimo Bar","https://www.davidstea.com/us_en/tea/tea-by-type/black/nanaimo-bar/10923US01VAR0070350.html?cgid=black-tea","Low Caffeine","How it tastes
Creamy custard enveloped in toasted coconut and rich chocolate","Welcome to British Columbia, where the weather is soggy but the flavours are oh so sweet. Inspired by the regional dessert, this tea is like biting into a mouth-coating custard topped with toasted coconut and rich chocolate ganache.
What makes it great

Nanaimo bars are named for their city of origin: Nanaimo, BC. They’re now considered one of Canada’s most iconic treats.
Rich & creamy flavours with a light feel.
Maté & black tea give you the energy you need without a sugar crash.","Black tea, Cocoa peel, Apple, Artificial (chocolate, almond) flavouring, Coconut rasp, Cinnamon bark, Cocoa, Chocolate (sugar, cocoa mass, low fat cocoa powder,  cocoa butter, dextrose, sunflower lecithin), Brittle (sugar, hazelnuts), Rooibos, Roasted mate, Roasted chicory root, Coconut chips (coconut, sugar), Roasted almond (almonds, caramelized sugar), Almond flakes, Stevia extract.

view more
view less","10923US01VAR0070350","Steep for 3-5 minutes","https://www.davidstea.com/dw/image/v2/BBXZ_PRD/on/demandware.static/-/Sites-davidstea-master-catalog/default/dw7013e544/productimages/10923DT01VAR0092236-10923US01VAR0070350-BI-1.jpg?sw=450&sh=450&sm=fit","$9.98","Nanaimo Bar","Black Tea"
"1636384576-218","https://www.davidstea.com/us_en/tea/tea-by-type/black/","Candy Apple","https://www.davidstea.com/us_en/tea/tea-by-type/black/candy-apple/10929US01VAR0070757.html?cgid=black-tea","Low Caffeine","How it tastes
Apple with a touch of cinnamon over a black tea base","Where we come from, apple picking season is a huge deal. What do you do with an abundance of apples (and a sweet tooth)? You make a mountain of candied apples. Rediscover an amusement park favourite with a sweet apple tea featuring a touch of cinnamon over a black tea base—the perfect treat. 
What makes it great

The rich black tea base provides the perfect canvas for this blend.
A pinch of cinnamon perks up the light caramel flavour.
The crisp and slightly tart apple flavour contrasts the caramel-ness.","Black tea, Apple, Cinnamon, Sweet blackberry leaf, Natural (green apple, apple, cinnamon) flavouring, Pomegranate petal, Blue mallow flowers.","10929US01VAR0070757","Steep for 3-5 minutes","https://www.davidstea.com/dw/image/v2/BBXZ_PRD/on/demandware.static/-/Sites-davidstea-master-catalog/default/dw1567437e/productimages/10929DT01VAR0092710-10929US01VAR0070757-BI-1.jpg?sw=450&sh=450&sm=fit","$9.98","Candy Apple","Black Tea"
"1636384625-226","https://www.davidstea.com/us_en/tea/tea-by-type/black/","Candy Cane Crush","https://www.davidstea.com/us_en/tea/tea-by-type/black/candy-cane-crush/10585US01VAR0075637.html?cgid=black-tea","Low Caffeine","How it tastes
Rich and mega creamy, with a sweet white chocolate flavour and an icy-cool peppermint finish","A minty wonderland in a cup. This rich and decadent peppermint black tea is strewn with creamy white chocolate drops, crushed candy cane pieces and tons of cute little snowflake sprinkles. Perfectly sweetened with an icy-cool finish, it’s the ultimate winter indulgence. Add it to your next mug of holiday eggnog for a festive twist. 
What makes it great

Made with a premium black tea base certified by Elephant Approved® – a non-profit organization that aims to help reduce Human Elephant Conflict in tea producing regions around the world.
 Satisfy your sweet tooth with the ultimate holiday indulgence.
 Try it as a tea latte or add it to your next batch of holiday eggnog for a festive twist.","50% Elephant Approved black tea, White chocolate (sugar, cocoa butter, milk powder, butter oil, soy lecithin, vanilla extract), Peppermint candy (corn syrup, sugar, peppermint oil, colour (FD&C Red 40)), Snowflake candies (sugar, rice flour, palm and palm kernel oil, corn starch, gum Arabic, cellulose gum, titanium dioxide (colour), confectioner's glaze, carrageenan, soy lecithin, artificial flavour), Cane sugar, Peppermint, Natural (peppermint, vanilla) flavouring.

view more
view less","10585US01VAR0075637","Steep for 3-5 minutes","https://www.davidstea.com/dw/image/v2/BBXZ_PRD/on/demandware.static/-/Sites-davidstea-master-catalog/default/dwbc8025b8/productimages/10585DT01VAR0099349-10585US01VAR0075637-BI-1.jpg?sw=450&sh=450&sm=fit","$9.98","Candy Cane Crush","Black Tea"
"1636384619-225","https://www.davidstea.com/us_en/tea/tea-by-type/black/","Santa's Secret","https://www.davidstea.com/us_en/tea/tea-by-type/black/santa-s-secret/10787US01VAR0075622.html?cgid=black-tea","High Caffeine","How it tastes
Rich and festive – a sweet, minty black tea","A holiday pick-me-up to remember. Find comfort & joy in this festive combination of Chinese black tea & peppermint leave – all sprinkled with real little candy canes. It’s both energizing and remarkably soothing. Try it as a frothy tea latte and prepare for all the cozy feels. 
What makes it great

This bestselling black tea has been on our shelves every winter since 2009.
Peppermint’s cooling flavour is known to help soothe sore throats and upset stomachs.
Makes the ultimate holiday tea latte – just add milk.","Black tea, Peppermint, Artificial (vanilla, cream) flavouring.","10787US01VAR0075622","Steep for 3-5 minutes","https://www.davidstea.com/dw/image/v2/BBXZ_PRD/on/demandware.static/-/Sites-davidstea-master-catalog/default/dw74655d77/productimages/10787DT01VAR0099321-10787US01VAR0075622-BI-1.jpg?sw=450&sh=450&sm=fit","$9.98","Santa's Secret","Black Tea"
"1636384608-223","https://www.davidstea.com/us_en/tea/tea-by-type/black/","Pumpkin Chai","https://www.davidstea.com/us_en/tea/tea-by-type/black/pumpkin-chai/10776US01VAR0056938.html?cgid=black-tea","Medium Caffeine","Rich, spice-filled and comforting, with a hint of caramel – like a slice of pumpkin pie!","The forever fall must-have. This rich premium black tea is the perfect way to kick off the season. It’s got all the warmth of cinnamon and cloves, plus the sweetness of caramel and pumpkin candy. For a truly unforgettable pumpkin chai latte experience, top it up with steamed milk and stir in a spoonful of brown sugar.
What makes it great

This is the only spiced black tea that’s come back every season since debuting in our very first fall collection.
Makes the perfect fall chai latte – especially topped with frothed milk and a sprinkle of cinnamon and cloves, plus the sweetness of caramel and pumpkin candy.
 Try steeping it into custard for an autumnal crème brûlée.
For a truly unforgettable pumpkin chai latte experience, top it up with steamed milk and stir in a spoonful of brown sugar.","Black tea, Cinnamon, Cloves, Caramel (condensed skimmed milk, sugar, glucose syrup, butter, sorbitol, mono and diglycerides), Carrot, Lemon peel, Pumpkin candies (sugar, rice flour, palm and palm kernel oil, corn starch, gum Arabic, cellulose gum, FD&C Yellow 6, confectioner's glaze, carrageenan, soy lecithin, artificial flavouring), Pumpkin flakes, Natural and artificial pumpkin spice flavouring.

view more
view less","10776US01VAR0056938","Steep for 3-5 minutes","https://www.davidstea.com/dw/image/v2/BBXZ_PRD/on/demandware.static/-/Sites-davidstea-master-catalog/default/dw60cf55b5/productimages/10776DT01VAR0074207-10776US01VAR0056938-BI-1.jpg?sw=450&sh=450&sm=fit","$9.98","Pumpkin Chai","Black Tea"
"1636384641-229","https://www.davidstea.com/us_en/tea/tea-by-type/black/","Cream of Earl Grey Tea Organic","https://www.davidstea.com/us_en/tea/tea-by-type/black/organic-cream-of-earl-grey-tea/10076US01VAR0075641.html?cgid=black-tea","High Caffeine","How it tastes:
Rich black tea with a touch of creamy-sweet vanilla and a citrusy hint of bergamot.","Lovers of Earl Grey tea adore this creamy alternative to the original breakfast blend. You’ll recognize the same high-quality black tea, the same citrus burst of bergamot oil, the same beautiful grey-blue petals. However this version adds a touch of vanilla, and the result is an unexpectedly rich, creamy taste experience. Try it on its own or as a satisfying tea latte.
What makes it great:

A vanilla twist on the classic Earl Grey.
Amazing infused into desserts. Try adding a shot to your next custard.
Makes a killer London Fog. Just add hot frothed milk and a bit of agave","Organic black tea*, Natural (cream, vanilla) flavouring, Organic marigolds, Organic bergamot flavouring, Cornflower petals.","10076US01VAR0075641","Steep for 3-5 minutes","https://www.davidstea.com/dw/image/v2/BBXZ_PRD/on/demandware.static/-/Sites-davidstea-master-catalog/default/dw050f7514/productimages/10076DT01VAR003961-10076US01VAR0012981-BI-1.jpg?sw=450&sh=450&sm=fit","$7.98","Cream of Earl Grey Tea Organic","Black Tea"
"1636384537-212","https://www.davidstea.com/us_en/tea/tea-by-type/black/","David’s Breakfast Blend Organic","https://www.davidstea.com/us_en/tea/tea-by-type/black/organic-david%E2%80%99s-breakfast-blend/10683US01VAR0046041.html?cgid=black-tea","High Caffeine","How it tastes
Classic full-bodied black tea flavour with a naturally sweet honey finish.","What if your morning had a bold beginning? We’ve carefully chosen our favourite organic Assam and Ceylon black teas and found the perfect balance of full-bodied flavours and subtle sweetness. It’s the kind of tea that puts you in a great mood, inspires harmonious relationships and makes you outrageously productive. We suggest it with a splash of milk. Is there a better way to start your day?
What makes it great

 This caffeinated blend is the perfect companion to your morning toast.
 Amazing solo but even better with a splash of milk or lemon.","Organic black tea from Assam, India and Ceylon, Sri Lanka.","10683US01VAR0046041","Steep for 3-5 minutes","https://www.davidstea.com/dw/image/v2/BBXZ_PRD/on/demandware.static/-/Sites-davidstea-master-catalog/default/dwefe36d0a/productimages/10683DT01VAR0059148-10683US01VAR0046041-BI-1.jpg?sw=450&sh=450&sm=fit","$9.98","David’s Breakfast Blend Organic","Black Tea"
"1636384563-215","https://www.davidstea.com/us_en/tea/tea-by-type/black/","Espresso Yourself Organic","https://www.davidstea.com/us_en/tea/tea-by-type/black/organic-espresso-yourself/10485US01VAR0021230.html?cgid=black-tea","High Caffeine","How it tastes
Sweet & complex with strong notes of coffee beans.","Sometimes you need more than just energy or great taste. Sometimes, you need a tea that has it all. Like this incredibly rich and satisfying java-spiked blend. With black tea, roasted chicory, cinnamon and coffee beans, it’s sweet and complex blend that even coffee lovers go crazy for. So next time you need a sweet treat and a pick-me-up all rolled into one, you know what to reach for.
What makes it great

 Like a richer version of our Coffee Pu'erh (but organic).
 It's also high in caffeine which makes it a great energy booster.
 Chicory has been said to aid digestion","Organic black tea, Organic roasted chicory root, Organic cinnamon, Organic coffee beans, Natural (coffee, cream, sweet) flavouring.","10485US01VAR0021230","Steep for 3-5 minutes","https://www.davidstea.com/dw/image/v2/BBXZ_PRD/on/demandware.static/-/Sites-davidstea-master-catalog/default/dw8721166f/productimages/10485DT01VAR0026218-10485US01VAR0021230-BI-1.jpg?sw=450&sh=450&sm=fit","$11.98","Espresso Yourself Organic","Black Tea"
"1636384568-216","https://www.davidstea.com/us_en/tea/tea-by-type/black/","Mocha Chai","https://www.davidstea.com/us_en/tea/tea-by-type/black/mocha-chai/10921US01VAR0070224.html?cgid=black-tea","Medium Caffeine","How it tastes
 A unique chocolate-forward flavour with a chai twist.","Ever heard of a dirty chai? A great alternative to coffee, it’s usually a single or double shot of espresso and spiced black tea. Of course, we had to take it a step further – with chocolate. Mocha Chai is an Elephant Approved® tea with a unique chocolate-forward flavour and a spicy chai twist. Welcome to coco chai love.
What makes it great

 Premium black tea base certified by Elephant Approved® – a non-profit organization working to reduce Human-Elephant Conflict in tea-producing regions worldwide.
 Who says you have to choose between tea & coffee? This blend delivers the best of both worlds.
 To be honest, it’s the Ghirardelli chocolate that does it for us.","100% Elephant Approved black tea, Dark chocolate chips (sugar, chocolate liquor, cocoa butter, soy lecithin, vanilla bean), Roasted yerba mate, Cacao, Chocolate  (sugar, Dutch cocoa, unsweetened chocolate, soy lecithin, vanilla), Dark coffee bean, Cinnamon, Clove, Ginger, Natural (cinnamon, clove, milk chocolate) flavouring.

view more
view less","10921US01VAR0070224","Steep for 3-5 minutes","https://www.davidstea.com/dw/image/v2/BBXZ_PRD/on/demandware.static/-/Sites-davidstea-master-catalog/default/dw67754c14/productimages/10921DT01VAR0092098-10921US01VAR0070224-BI-1.jpg?sw=450&sh=450&sm=fit","$10.98","Mocha Chai","Black Tea"
"1636384542-213","https://www.davidstea.com/us_en/tea/tea-by-type/black/","Blood Orange Earl Grey Organic","https://www.davidstea.com/us_en/tea/tea-by-type/black/organic-blood-orange-earl-grey/10904US01VAR0068996.html?cgid=black-tea","Medium Caffeine","How it tastes
Blood orange on the nose with notes of black tea & hibiscus.","It’s no secret – we love putting our own spin on the classic Earl Grey. In fact, our first ever EG twist was Cream of Earl Grey, and it’s now one of our bestselling blends. This time, we’re bringing you a lively citrus version. Experience freshly pressed blood orange on the nose with notes of black tea and hibiscus, which help lend body to the cup. The bergamot lingers long after each sip, solidifying this tea as a splendidly refined blend.
What makes it great

 A bright & complex take on the classic Earl Grey that’s right on-trend.
 Freshly pressed blood orange dominates the flavor.
 Black tea & hibiscus lend body and astringency to liven the cup.","Organic black tea, Organic orange peel, Organic rosehip, Organic hibiscus, Organic calendula petal, Natural (bergamot, orange, tangerine) flavouring.","10904US01VAR0068996","Steep for 3-5 minutes","https://www.davidstea.com/dw/image/v2/BBXZ_PRD/on/demandware.static/-/Sites-davidstea-master-catalog/default/dw4731d9e5/productimages/10904DT01VAR0090484-10904US01VAR0068996-BI-1.jpg?sw=450&sh=450&sm=fit","$10.98","Blood Orange Earl Grey Organic","Black Tea"
"1636384614-224","https://www.davidstea.com/us_en/tea/tea-by-type/black/","Stormy Night Organic","https://www.davidstea.com/us_en/tea/tea-by-type/black/organic-stormy-night/10392US01VAR0024486.html?cgid=black-tea","High Caffeine","How it tastes
 Traditional ""Mexican hot chocolate"" taste: malty chocolate, with notes of cinnamon, vanilla and a creamy hint of coconut in the background","A devilishly delicious treat. Give yourself over to this sweet and spicy organic black tea blend with rich and comforting notes of dark chocolate, vanilla, creamy coconut and a warming hint of cinnamon. Hotter than an inferno and smoother than silk, this energizing brew is a real piece of work – especially when you make it as a frothy tea latte. 
What makes it great

 Made with a rich and energizing base of organic black tea. 
 Try this cinnamon-chocolate tea as a latte with a shot of Baileys. 
 The perfect afternoon indulgence.","Organic black tea, Organic dark chocolate (cocoa beans, sugar, cocoa butter, ground vanilla bean), Organic cinnamon, Organic coconut flakes, Natural vanilla flavouring.","10392US01VAR0024486","Steep for 3-5 minutes","https://www.davidstea.com/dw/image/v2/BBXZ_PRD/on/demandware.static/-/Sites-davidstea-master-catalog/default/dw5219354b/productimages/10392DT01VAR0016190-10392US01VAR0024486-BI-1.jpg?sw=450&sh=450&sm=fit","$10.98","Stormy Night Organic","Black Tea"
"1636384648-230","https://www.davidstea.com/us_en/tea/tea-by-type/black/","Sweet Potato Pie","https://www.davidstea.com/us_en/tea/tea-by-type/black/sweet-potato-pie/10788US01VAR0057733.html?cgid=black-tea","Low Caffeine","How it tastes
Rich with warming cinnamon and sweet caramel flavours, plus a hint of creaminess from the marshmallows","Give thanks with ultimate fall indulgence. Made with a premium black tea base certified by Elephant Approved® – a non-profit organization that aims to help reduce Human Elephant Conflict in tea producing regions around the world – this spiced sweet potato tea is a feel-good way to treat yourself while doing some good. It’s got all the warmth of spices like cinnamon and nutmeg, plus a sweet and creamy marshmallow finish – perfect for lattes.
For more information about Elephant Approved®, visit https://www.elephantapproved.net/
What makes it great

 Made with a premium black tea base that’s certified by Elephant Approved® – a non-profit organization that aims to help reduce Human Elephant Conflict in tea producing regions around the world.
 This spiced black tea is the perfect fall treat, especially when you try it as a tea latte with a dash of cinnamon.","Black tea, Pecans, Cane sugar, Cinnamon, Butternut squash, Sweet potato, Marshmallows (sugar, corn syrup, modified corn starch, gelatin, sodium hexametaphosphate, artificial flavour, natural flavour, blue 1), Ginger, Nutmeg, Allspice, Natural flavouring.

view more
view less","10788US01VAR0057733","Steep for 3-5 minutes","https://www.davidstea.com/dw/image/v2/BBXZ_PRD/on/demandware.static/-/Sites-davidstea-master-catalog/default/dw6aac7415/productimages/10788DT01VAR0075665-10788US01VAR0057733-BI-1.jpg?sw=450&sh=450&sm=fit","$10.98","Sweet Potato Pie","Black Tea"
"1636384549-214","https://www.davidstea.com/us_en/tea/tea-by-type/black/","Vanilla Chai Organic","https://www.davidstea.com/us_en/tea/tea-by-type/black/organic-vanilla-chai/10463US01VAR0017577.html?cgid=black-tea","High Caffeine","How it tastes
Deliciously rich, spicy and sweet with a hint of creaminess","For those chilly days, get your cozy on with this rich and spicy vanilla chai tea. The combo of organic black tea and digestion-loving spices like ginger, cinnamon and licorice root is like pure comfort in a cup. But if you ask us, it’s the sweet creamy swirl of vanilla that makes this latte-worthy blend a real winner. Try it with milk and sugar for a belly-warming treat that’ll have you wishing for snow.What makes it great

 We added a vanilla spin to this classic chai for a touch of creamy sweetness.
 Feeling the chill? This spicy tea will warm you up in no time.","Organic cinnamon, Organic black tea, Organic licorice root, Organic ginger, Organic vanilla, Natural (vanilla, cream) flavouring.","10463US01VAR0017577","Steep for 3-5 minutes","https://www.davidstea.com/dw/image/v2/BBXZ_PRD/on/demandware.static/-/Sites-davidstea-master-catalog/default/dwf057f892/productimages/10463DT01VAR0022849-10463US01VAR0017577-BI-1.jpg?sw=450&sh=450&sm=fit","$9.48","Vanilla Chai Organic","Black Tea"
"1636384588-220","https://www.davidstea.com/us_en/tea/tea-by-type/black/","Walnut Fudge Brownie","https://www.davidstea.com/us_en/tea/tea-by-type/black/walnut-fudge-brownie/10926US01VAR0070540.html?cgid=black-tea","Medium Caffeine","How it tastes
Indulge in a cup of nutty walnuts and rich chocolate, better than grandma’s secret recipe.","Dense, rich, nutty and tasting like the most decadent of desserts, Walnut Fudge Brownie will rival even your favourite sweet treat. Made with sustainable coffee leaf, which provides income for coffee workers year-round, this rich black tea has dimensions beyond sweet. The walnuts make it even more addictive and delicious. Make it extra indulgent with a little milk, or better yet, use it as the base for a frothy latte. Like the best brownies — we defy you to have just one.
What makes it great

Coffee leaf provides steady income for coffee workers who normally only have income for 3 months of the year.
 Brewed to have a rich dessert flavour without sitting heavy after a big meal.
The black tea provides an energizing base to a knock-out flavour.

Pro tip : try it as a tea latte to bring out the chocolate flavour!","Black tea, Chicory root, Monk fruit, Walnut, Coffee leaf, Chocolate (Cane sugar, cocoa liquor, cocoa butter), Cocoa powder, Natural (dark chocolate, whipped cream) flavouring, Organic sweet flavouring.

view more
view less","10926US01VAR0070540","Steep for 3-5 minutes","https://www.davidstea.com/dw/image/v2/BBXZ_PRD/on/demandware.static/-/Sites-davidstea-master-catalog/default/dweaea76ba/productimages/10926DT01VAR0092464-10926US01VAR0070540-BI-1.jpg?sw=450&sh=450&sm=fit","$10.98","Walnut Fudge Brownie","Black Tea"
"1636384600-222","https://www.davidstea.com/us_en/tea/tea-by-type/black/","Brown Sugar Bourbon","https://www.davidstea.com/us_en/tea/tea-by-type/black/brown-sugar-bourbon/10857US01VAR0065503.html?cgid=black-tea","Medium Caffeine","How it tastes
A vanilla bourbon spike to this creamy caramel blend.","Pour some sugar in your cup, can’t get enough! Brown sugar and caramel keeps this blend sweet & creamy while a vanilla bourbon spike kicks things up a notch. Sip this malty black tea from a mason jar and appreciate just how good you have it. C’mon, fire me up!
What makes it great

A warming fireside cocktail, without the booze. Unless you add some, we don’t judge. Warm up from the inside out by drinking this blend as is, with some milk, or with a spike.
 The malty-ness of the black tea adds depth and warmth to this already cozy blend, hinting at the taste and feel of a glass of bourbon.
Makes a great latte! Caramelized brown sugar adds a sense of decadence to any cup, especially when frothed with milk or your fave alternative.","Black tea, Brown sugar, Apple, Roasted chicory root, Brittle pieces (sugar, hazelnut), Artificial (vanilla, caramel) flavouring, Pu'erh tea, Caramel pieces (sugar, cocoa butter, caramel powder (whole milk powder, whey powder, sugar, butter, natural flavour), whole milk powder, sunflower lecithin, paprika extract), Cornflower blossoms, Vanilla, Stevia extract.

view more
view less","10857US01VAR0065503","Steep for 3-5 minutes","https://www.davidstea.com/dw/image/v2/BBXZ_PRD/on/demandware.static/-/Sites-davidstea-master-catalog/default/dw41fec8ff/productimages/10857DT01VAR0085943-10857US01VAR0065503-BI-1.jpg?sw=450&sh=450&sm=fit","$9.98","Brown Sugar Bourbon","Black Tea"
"1636384530-211","https://www.davidstea.com/us_en/tea/tea-by-type/black/","Nepal Black Organic","https://www.davidstea.com/us_en/tea/tea-by-type/black/organic-nepal-black/10288US01VAR0013146.html?cgid=black-tea","High Caffeine","How it tastes
Smooth, full-bodied black tea flavour with sweet honey notes","Good things are brewing in the Highlands of Nepal. Like this handmade black tea, a DAVIDsTEA exclusive from a family-owned tea garden named Jun Chiyabari. From the first sip you’ll notice the tea's rich, sweet, honey-like flavour. Even better? This little tea garden has set up a ton of community programs to benefit local schools, underprivileged families and the elderly. Now that’s good.
What makes it great

From the first sip you’ll notice its rich, sweet, honey-like flavour.
This tea comes from a small family estate in Nepal that uses its earnings for community programs to benefit schools, underprivileged families and the elderly.
This caffeinated black tea is a great way to energize.","Organic black tea from Nepal.","10288US01VAR0013146","Steep for 3-5 minutes","https://www.davidstea.com/dw/image/v2/BBXZ_PRD/on/demandware.static/-/Sites-davidstea-master-catalog/default/dw7d23413a/productimages/10288DT01VAR004126-10288US01VAR0013146-BI-1.jpg?sw=450&sh=450&sm=fit","$15.98","Nepal Black Organic","Black Tea"
"1636384652-231","https://www.davidstea.com/us_en/tea/tea-by-type/black/","Winter Earl Grey","https://www.davidstea.com/us_en/tea/tea-by-type/black/winter-earl-grey/10867US01VAR0075636.html?cgid=black-tea","Medium Caffeine","How it tastes
 Citrusy & malty bergamot with a touch of vanilla that makes it creamy.","This holiday season, we could all use a little something to look forward to. Get ready for a year-end glow-up in the form of tea: Winter Earl Grey. We’ve taken our classic citrusy & malty bergamot black tea and decked it out in red peppercorns & silver white tea. The result is creamy & fruity flavour with a sophisticated twist. Happy sipping.
What makes it great

 An elevated version of classic Earl Grey with Bai Hao Yin Zhen white tea.
 Last year’s holiday version of Forever Nuts was such a hit, we decided to try something similar with Earl Grey.","Black tea, Pink pepper, White tea, Natural (cream, vanilla) flavouring, Cornflower petals, Bergamot oil, Natural orange flavouring.","10867US01VAR0075636","Steep for 3-5 minutes","https://www.davidstea.com/dw/image/v2/BBXZ_PRD/on/demandware.static/-/Sites-davidstea-master-catalog/default/dwbd3f2a5a/productimages/10867DT01VAR0099324-10867US01VAR0075636-BI-1.jpg?sw=450&sh=450&sm=fit","$9.98","Winter Earl Grey","Black Tea"
"1636384637-228","https://www.davidstea.com/us_en/tea/tea-by-type/black/","Earl Grey Organic","https://www.davidstea.com/us_en/tea/tea-by-type/black/organic-earl-grey/10043US01VAR0075642.html?cgid=black-tea","High Caffeine","How it tastes
Medium-bodied black tea with floral and citrus bergamot notes – rich, yet refreshing","Everyone has tried Earl Grey tea. And yet this one is different. It’s made with an exceptional mix of rare, ethically-grown, high-altitude black teas. Pure oil of bergamot, a citrus fruit, gives it an aroma that’s headier than usual. Discover the difference. You’ll never go back.
What makes it great

Looking for a true classic? Nothing beats Earl Grey.
This bold energizing black tea is the perfect choice for an afternoon cuppa.
Equally delicious with milk and sugar, or a slice of lemon.","Organic black tea*, Organic and natural bergamot flavouring, Cornflowers, Natural tangerine flavouring.","10043US01VAR0075642","Steep for 3-5 minutes","https://www.davidstea.com/dw/image/v2/BBXZ_PRD/on/demandware.static/-/Sites-davidstea-master-catalog/default/dw77f85873/productimages/10043DT01VAR003941-10043US01VAR0012961-BI-1.jpg?sw=450&sh=450&sm=fit","$5.98","Earl Grey Organic","Black Tea"
"1636384593-221","https://www.davidstea.com/us_en/tea/tea-by-type/black/","Pumpkin Earl Grey","https://www.davidstea.com/us_en/tea/tea-by-type/black/pumpkin-earl-grey/10935US01VAR0071174.html?cgid=black-tea","Medium Caffeine","How it tastes
Warming spices on a creamy vanilla base with a touch of pumpkin & bergamot.","The minute sweater weather hits, we know it’s time to turn our attention to all things pumpkin. Get ready for the classiest cup of pumpkin to every grace your mug: Pumpkin Chai meets Cream of Earl Grey. A remarkably warming & creamy vanilla base with a pinch of pumpkin spices & bergamot for that London Fog richness. It’s our new fall fave, and we think you’ll love it too.
What makes it great

Features all the classic pumpkin spices like cinnamon, cloves & cardamom.
When Pumpkin Chai & Cream of Earl Grey come together, the result is drool-worthy fall goodness.
Pumpkin (the end).

Tea Guide Tip: Try it as a latte","Black tea, Pumpkin, Carrot, Cinnamon, Cardamom pod, Clove, Natural (pumpkin pie, vanilla, cream, butter, cinnamon) flavouring, Marigold Petal, Bergamot oil.","10935US01VAR0071174","Steep for 3-5 minutes","https://www.davidstea.com/dw/image/v2/BBXZ_PRD/on/demandware.static/-/Sites-davidstea-master-catalog/default/dw81d703db/productimages/10935DT01VAR0093374-10935US01VAR0071174-BI-1.jpg?sw=450&sh=450&sm=fit","$9.98","Pumpkin Earl Grey","Black Tea"
"1636384658-232","https://www.davidstea.com/us_en/tea/tea-by-type/black/","Christmas Morning Tea Blend","https://www.davidstea.com/us_en/tea/tea-by-type/black/christmas-morning-tea-blend/10950US01VAR0072237.html?cgid=black-tea","Medium Caffeine","How it tastes: 
Comforting vanilla on a black tea base.","The best gift under the tree is just waiting to be unwrapped. This full-bodied black tea is enveloped with rich notes of vanilla reminiscent of cooked custard. Wake up to this comforting blend filled with the excitement of what’s to come. Sounds like Christmas morning to us.
What makes it great:

This blend is made with real, hand pollinated vanilla for a stronger, natural flavour. 
Rich & full-bodied, our black tea base highlights the creamy vanilla notes that linger on the tongue.
Drink it on its own or add a splash of milk for an even cozier drink best enjoyed on any chilly morning.","Black tea, Natural vanilla flavouring, White cornflower blossoms, Vanilla.","10950US01VAR0072237","Steep for 3-5 minutes","https://www.davidstea.com/dw/image/v2/BBXZ_PRD/on/demandware.static/-/Sites-davidstea-master-catalog/default/dw366451a3/productimages/10950DT01VAR0094826-10950US01VAR0072237-BI-1.jpg?sw=450&sh=450&sm=fit","$10.98","Christmas Morning Tea Blend","Black Tea"
