﻿web-scraper-order,web-scraper-start-url,link,link-href,Caffeine,Flavor,Description,Ingredients,item_ID,Steeping,Image-src,Price,Name,Type
"1636386208-350","https://www.davidstea.com/us_en/tea/tea-by-type/pu-erh/","S'mores Chai Sachets Pack of 25","https://www.davidstea.com/us_en/tea/tea-by-type/pu-erh/s-mores-chai-sachets-pack-of-25/961413US01VAR0066858.html?cgid=puerh-tea","Medium Caffeine","null","Gooey toasted marshmallows, graham crackers, dark chocolate – it’s no wonder we live for s’mores. Our tempting pu’erh tea adds an extra dash of cinnamon to the campfire classic, so it’s rich, warming and packed with fudgy goodness. Brew it as a frothy tea latte for the ultimate cold-weather indulgence. Don’t worry – there’s s’more where that came from.
 Contains 25 ready-to-steep sachets – the easiest and quickest way to make a cup of tea when you’re in a hurry.","Pu'erh tea*, Brittle pieces (sugar, hazelnut, invert sugar), Cinnamon, Sugar, Marshmallow (sugar, corn syrup, modified cornstarch, gelatin, sodium hexametaphosphate, natural and artificial flavour, FD&C Blue 1), Chocolate chips (cane sugar, cocoa liquor, cocoa butter), Natural and artificial (chocolate, hazelnut, toasted marshmallow) flavouring.

view more
view less","961413US01VAR0066858","Steep for 4-5 minutes","https://www.davidstea.com/dw/image/v2/BBXZ_PRD/on/demandware.static/-/Sites-davidstea-master-catalog/default/dwbe3ddbdb/productimages/961413DT01VAR0085715-961413US01VAR0066858-BI-1.jpg?sw=450&sh=450&sm=fit","$20.00","S'mores Chai Sachets Pack of 25","Pu’erh tea"
"1636386200-348","https://www.davidstea.com/us_en/tea/tea-by-type/pu-erh/","S'mores Chai Iconic Tin","https://www.davidstea.com/us_en/tea/tea-by-type/pu-erh/s-mores-chai-iconic-tin/960929US01VAR0055085.html?cgid=puerh-tea","Medium Caffeine","null","Gooey toasted marshmallows, graham crackers, dark chocolate – it’s no wonder we live for s’mores. Our tempting pu’erh tea adds an extra dash of cinnamon to the campfire classic, so it’s rich, warming and packed with fudgy goodness. Brew it as a frothy tea latte for the ultimate cold-weather indulgence. Don’t worry – there’s s’more where that came from.","Pu'erh tea*, Brittle pieces (sugar, hazelnut, invert sugar), Cinnamon, Sugar, Marshmallow (sugar, corn syrup, modified cornstarch, gelatin, sodium hexametaphosphate, natural and artificial flavour, FD&C Blue 1), Chocolate chips (cane sugar, cocoa liquor, cocoa butter), Natural and artificial (chocolate, hazelnut, toasted marshmallow) flavouring.

view more
view less","960929US01VAR0055085","Steep for 4-5 minutes","https://www.davidstea.com/dw/image/v2/BBXZ_PRD/on/demandware.static/-/Sites-davidstea-master-catalog/default/dwe9a78077/productimages/960929DT01VAR0071661-960929US01VAR0055085-BI-1.jpg?sw=450&sh=450&sm=fit","$20.00","S'mores Chai Iconic Tin","Pu’erh tea"
"1636386216-352","https://www.davidstea.com/us_en/tea/tea-by-type/pu-erh/","Hot Chocolate Sachets","https://www.davidstea.com/us_en/tea/tea-by-type/pu-erh/hot-chocolate-sachets/961554US01VAR0068904.html?cgid=puerh-tea","High Caffeine","null","This decadent blend of black and pu'erh teas tastes like the richest, fudgiest cup of hot chocolate you've ever had. Don't believe us? Take a sip! Sweet, creamy and filled with dark cocoa nibs and chocolate chips, it's an uber-chocolaty tea that's truly worthy of the name Hot Chocolate.","Pu'erh tea*, Black tea, Cocoa nibs, Chocolate chips (sugar, chocolate liquor, cocoa butter, soy lecithin, vanilla), Chocolate curls (sugar, cocoa butter, whole milk powder, chocolate liquor, whey powder, lactose, soy lecithin, vanilla), Cocoa Powder, Natural and artificial (chocolate, white chocolate mousse) flavouring, Stevia extract.

view more
view less","961554US01VAR0068904","Steep for 4-5 minutes","https://www.davidstea.com/dw/image/v2/BBXZ_PRD/on/demandware.static/-/Sites-davidstea-master-catalog/default/dw1a841ac0/productimages/961554DT01VAR0090322-961554US01VAR0068904-BI-1.jpg?sw=450&sh=450&sm=fit","$9.00","Hot Chocolate Sachets","Pu’erh tea"
"1636386226-354","https://www.davidstea.com/us_en/tea/tea-by-type/pu-erh/","Hazelnut Chocolate","https://www.davidstea.com/us_en/tea/tea-by-type/pu-erh/hazelnut-chocolate/10866US01VAR0075635.html?cgid=puerh-tea","Medium Caffeine","How it tastes
Rich & creamy melted chocolate with hazelnut complimented by an earthy pu'erh base.","Drum roll…. To say we’re excited about this new tea would be an understatement. A labour of love spanning over six years, Hazelnut Chocolate is the result of unflappable resolve to nail down this flavour. Think rich fudgy cacao meets toasted hazelnut warmth in a smooth & decadent pu’erh – and it tastes even more amazing as a latte.
What makes it great

 This hazelnut chocolate-y tea is the culmination of 6 years of trial & error.
 Pro tip : try it as a tea latte to bring out the chocolate flavour!
 The hazelnut spread we all know & love was inspired by Gianduja, a sweet chocolate hazelnut candy originally from Italy.","Pu'erh tea, Apple, Cocoa peel, Artificial chocolate hazelnut flavouring, Chocolate (sugar, cocoa mass, low fat cocoa powder, cocoa butter, sunflower lecithin), Brittle pieces (sugar, hazelnut), Cocoa pieces, Hazelnut, Stevia extract.

view more
view less","10866US01VAR0075635","Steep for 4-5 minutes","https://www.davidstea.com/dw/image/v2/BBXZ_PRD/on/demandware.static/-/Sites-davidstea-master-catalog/default/dw4c1a9ce8/productimages/10866DT01VAR0099326-10866US01VAR0075635-BI-1.jpg?sw=450&sh=450&sm=fit","$10.98","Hazelnut Chocolate","Pu’erh tea"
"1636386222-353","https://www.davidstea.com/us_en/tea/tea-by-type/pu-erh/","Hot Chocolate","https://www.davidstea.com/us_en/tea/tea-by-type/pu-erh/hot-chocolate/10523US01VAR0022364.html?cgid=puerh-tea","High Caffeine","How it tastes
Like the name says… this tastes just like hot chocolate!","This decadent blend of black and pu'erh teas tastes like the richest, fudgiest cup of hot chocolate you've ever had. Don't believe us? Take a sip! Sweet, creamy and filled with dark cocoa nibs and chocolate chips, it's an uber-chocolaty tea that's truly worthy of the name Hot Chocolate.
What makes it great

After trying dozens of chocolate teas, we finally found one rich enough to deserve the name ""Hot Chocolate.""
Energizing pu’erh and rich cocoa nibs add a nice hint of bitterness to balance the sweet chocolate.
Try it as a latte topped with marshmallows.","Pu'erh tea*, Black tea, Cocoa nibs, Chocolate chips (sugar, chocolate liquor, cocoa butter, soy lecithin, vanilla), Chocolate curls (sugar, cocoa butter, whole milk powder, chocolate liquor, whey powder, lactose, soy lecithin, vanilla), Cocoa Powder, Natural and artificial (chocolate, white chocolate mousse) flavouring, Stevia extract.

view more
view less","10523US01VAR0022364","Steep for 4-5 minutes","https://www.davidstea.com/dw/image/v2/BBXZ_PRD/on/demandware.static/-/Sites-davidstea-master-catalog/default/dw9268d255/productimages/10523DT01VAR0028694-10523US01VAR0022364-BI-1.jpg?sw=450&sh=450&sm=fit","$9.98","Hot Chocolate","Pu’erh tea"
"1636386246-358","https://www.davidstea.com/us_en/tea/tea-by-type/pu-erh/","Coffee Pu'erh","https://www.davidstea.com/us_en/tea/tea-by-type/pu-erh/coffee-pu-erh/10161US01VAR0013024.html?cgid=puerh-tea","High Caffeine","How it tastes
A decadent combination of earthy pu’erh, bold coffee, creamy vanilla and almond","This pu'erh is the ultimate tea for coffee lovers. Laced with real coffee beans and rich vanilla, it's the perfect alternative to your morning latte. Traditionally sipped by Chinese emperors for its digestive properties, metabolism-boosting pu'erh is a satisfying way to put an extra spring in your step.
What makes it great

A tasty and satisfying option for people trying to switch from coffee to tea.
Makes a killer iced latte. Say hello to your next afternoon indulgence!
We added a rich base of pu’erh, well-loved for its metabolism-boosting properties.","Pu’erh tea, Roasted coffee beans, Natural (coffee, almond, vanilla) flavouring.","10161US01VAR0013024","Steep for 4-5 minutes","https://www.davidstea.com/dw/image/v2/BBXZ_PRD/on/demandware.static/-/Sites-davidstea-master-catalog/default/dwb046a063/productimages/10161DT01VAR004004-10161US01VAR0013024-BI-1.jpg?sw=450&sh=450&sm=fit","$9.98","Coffee Pu'erh","Pu’erh tea"
"1636386231-355","https://www.davidstea.com/us_en/tea/tea-by-type/pu-erh/","S’mores Chai","https://www.davidstea.com/us_en/tea/tea-by-type/pu-erh/s%E2%80%99mores-chai/10638US01VAR0042461.html?cgid=puerh-tea","Medium Caffeine","How it tastes
Sweet toasted marshmallow aroma, with warming notes of cinnamon and graham crackers.","Gooey toasted marshmallows, graham crackers, dark chocolate – it’s no wonder we live for s’mores. Our tempting pu’erh tea adds an extra dash of cinnamon to the campfire classic, so it’s rich, warming and packed with fudgy goodness. Brew it as a frothy tea latte for the ultimate cold-weather indulgence. Don’t worry – there’s s’more where that came from.
What makes it great

S’mores are a popular campfire dessert made by squishing a toasted marshmallow and piece of chocolate between two graham crackers.
Whip it up as a latte and top with fluffy marshmallows for a real treat.","Pu'erh tea*, Brittle pieces (sugar, hazelnut, invert sugar), Cinnamon, Sugar, Marshmallow (sugar, corn syrup, modified cornstarch, gelatin, sodium hexametaphosphate, natural and artificial flavour, FD&C Blue 1), Chocolate chips (cane sugar, cocoa liquor, cocoa butter), Natural and artificial (chocolate, hazelnut, toasted marshmallow) flavouring.

view more
view less","10638US01VAR0042461","Steep for 4-5 minutes","https://www.davidstea.com/dw/image/v2/BBXZ_PRD/on/demandware.static/-/Sites-davidstea-master-catalog/default/dwdcaa4877/productimages/10638DT01VAR0042394-10638US01VAR0042461-BI-1.jpg?sw=450&sh=450&sm=fit","$9.98","S’mores Chai","Pu’erh tea"
"1636386236-356","https://www.davidstea.com/us_en/tea/tea-by-type/pu-erh/","Bumbleberry Burst","https://www.davidstea.com/us_en/tea/tea-by-type/pu-erh/bumbleberry-burst/10909US01VAR0069329.html?cgid=puerh-tea","Low Caffeine","How it tastes
A beautiful blend of macerated dark berries—not too sweet, with a delightfully tart acidity.","When you’re in the mood for a fresh dose of fruity hydration, this is the tea you need. Reach for a fruit-forward, earthy pu’erh with freshly macerated dark berries—including tropical garcinia. The one-two punch of garcinia & pu’erh work together to deliver big league cleansing and metabolism-boosting benefits to your one-in-a-million bod.
What makes it great

 This tea is perfect when steeped hot or iced.
 Garcinia, a small tropical fruit from Southeast Asia, looks like a mini pumpkin and is celebrated for its metabolism-boosting properties.
 Packed full of berries for a boost of sun-kissed goodness.
 With a touch of tart hibiscus and sweet beetroot to balance the flavours.","Pu'erh tea, Apple, Raisin, Ginger, Hibiscus, Elderberry, Natural (strawberry, currant) flavouring, Beetroot, Candied ginger (ginger, sugar), Carrot, Blueberry, Garcinia, Raspberry, Cornflower, Nutmeg, Stevia extract.

view more
view less","10909US01VAR0069329","Steep for 4-5 minutes","https://www.davidstea.com/dw/image/v2/BBXZ_PRD/on/demandware.static/-/Sites-davidstea-master-catalog/default/dwb5b82bf7/productimages/10909DT01VAR0090869-10909US01VAR0069329-BI-1.jpg?sw=450&sh=450&sm=fit","$10.98","Bumbleberry Burst","Pu’erh tea"
"1636386212-351","https://www.davidstea.com/us_en/tea/tea-by-type/pu-erh/","S’mores Chai Sachets","https://www.davidstea.com/us_en/tea/tea-by-type/pu-erh/s%E2%80%99mores-chai-sachets/960946US01VAR0055582.html?cgid=puerh-tea","null","null","Gooey toasted marshmallows, graham crackers, dark chocolate – it’s no wonder we live for s’mores. Our tempting pu’erh tea adds an extra dash of cinnamon to the campfire classic, so it’s rich, warming and packed with fudgy goodness. Brew it as a frothy tea latte for the ultimate cold-weather indulgence. Don’t worry – there’s s’more where that came from.
What makes it great

Contains 15 ready-to-steep sachets – the easiest and quickest way to make a cup of tea when you’re in a hurry. Plus, our sachets are plant-based and biodegradable, for a more sustainable steeping experience.","null","960946US01VAR0055582","null","https://www.davidstea.com/dw/image/v2/BBXZ_PRD/on/demandware.static/-/Sites-davidstea-master-catalog/default/dwb516b17f/productimages/960946DT01VAR0072550-960946US01VAR0055582-BI-1.jpg?sw=450&sh=450&sm=fit","$9.00","S’mores Chai Sachets","null"
"1636386241-357","https://www.davidstea.com/us_en/tea/tea-by-type/pu-erh/","English Toffee","https://www.davidstea.com/us_en/tea/tea-by-type/pu-erh/english-toffee/10552US01VAR0024479.html?cgid=puerh-tea","High Caffeine","How it tastes
Sweet, rich caramel, earthy pu’erh and a hint of cocoa. Smells like caramel and browned butter.","Need a toffee break? This rich and decadent blend of pu’erh tea, sweet caramel and cocoa beans is the perfect treat to satisfy those late-night cravings. Try it as a tea latte with frothed milk and a shot of coffee liqueur. It just doesn’t get sweeter than that.
What makes it great

 We love that this decadent blend is all natural!","Pu'erh tea, Cocoa beans, cocoa husk, caramel pieces (sugared condensed skimmed milk, sugar, glucose syrup, butterfat, humectant sorbitol, mono and diglycerides of fatty acids), Natural (caramel, butter, sweet blackberry leaf, yoghurt) flavouring.

view more
view less","10552US01VAR0024479","Steep for 4-5 minutes","https://www.davidstea.com/dw/image/v2/BBXZ_PRD/on/demandware.static/-/Sites-davidstea-master-catalog/default/dwa2301f68/productimages/10552DT01VAR0031803-10552US01VAR0024479-BI-1.jpg?sw=450&sh=450&sm=fit","$10.98","English Toffee","Pu’erh tea"
"1636386204-349","https://www.davidstea.com/us_en/tea/tea-by-type/pu-erh/","Bumbleberry Burst Iconic Tin","https://www.davidstea.com/us_en/tea/tea-by-type/pu-erh/bumbleberry-burst-iconic-tin/961602US01.html?cgid=puerh-tea","Low Caffeine","null","When you’re in the mood for a fresh dose of fruity hydration, this is the tea you need. Reach for a fruit-forward, earthy pu’erh with freshly macerated dark berries—including tropical garcinia. The one-two punch of garcinia & pu’erh work together to deliver big league cleansing and metabolism-boosting benefits to your one-in-a-million bod.
This tea comes packed in a giftable tin.","Pu'erh tea, Apple, Raisin, Ginger, Hibiscus, Elderberry, Natural (strawberry, currant) flavouring, Beetroot, Candied ginger (ginger, sugar), Carrot, Blueberry, Garcinia, Raspberry, Cornflower, Nutmeg, Stevia extract.

view more
view less","961602US01","Steep for 4-5 minutes","https://www.davidstea.com/dw/image/v2/BBXZ_PRD/on/demandware.static/-/Sites-davidstea-master-catalog/default/dwd41c25ff/productimages/961602DT01-961602US01-BI-1.jpg?sw=450&sh=450&sm=fit","$20.00","Bumbleberry Burst Iconic Tin","Pu’erh tea"
