﻿web-scraper-order,web-scraper-start-url,Link,Link-href,Name,Description,Flavor,Caffeine,Steeping,Ingredients,Benefits,Origin,Price
"1636405401-1331","https://shop.numitea.com/Herbal-Teasans/c/NumiTeaStore@ByType@Herbal","Sweet Slumber","https://shop.numitea.com/Sweet-Slumber/p/NUMIS-10612&c=NumiTeaStore@ByType@Herbal","Sweet Slumber","Sweet Slumber features a dreamy blend of herbs, chamomile, and potent valerian root that relieves stress and inspires rest and relaxation. The combination of pro-sleep and anti-anxiety herbal ingredients creates a calming bedtime experience.","Flavor Sweet and floral","Caffeine None","Brewing Instructions To unwind and drift off, steep 8-10 minutes.","Ingredients Fair Trade Certified™ organic chamomile flowers (Matricaria recutita), organic lavender flower (Lavandula angustifolia), organic lemon balm leaf (Melissa officinalis), organic licorice root (Glycyrrhiza glabra), organic valerian root (Valeriana edulis), organic passionflower (Passiflora incarnata), organic hop flowers (Humulus lupulus)","Why it Works Valerian Root (Valeriana officinalis) profoundly supports tranquility and sleep without grogginess*. Passionflower (Passiflora incarnata), our purple beauty, is known to reduce stress and mild anxiety*. Hop Flowers (Humulus lupulus) ease the nervous system and occasional sleeplessness*.","Source The chamomile in Sweet Slumber comes from Numi's Fair Trade partners in Faiyum, Egypt, along the banks of the Nile River. Fair Trade certification has provided our partners at the Sakaran cooperative with funds to purchase a school bus to help transport children to school.","$7.49"
"1636405335-1320","https://shop.numitea.com/Herbal-Teasans/c/NumiTeaStore@ByType@Herbal","Honeybush","https://shop.numitea.com/Honeybush/p/NUMIS-10103&c=NumiTeaStore@ByType@Herbal","Honeybush","A cousin of the rooibos plant, honeybush is a flowering shrub that yields a rich, earthy brew with honey overtones. This sweet South African nectar is naturally caffeine free.","Flavor Rich, sweet and earthy","Caffeine None","Brewing Instructions To enrich well-being, steep 5-6 minutes. Enjoy with or without milk. For iced tea, steep 2 tea bags, cool and pour over ice.","Ingredients Organic honeybush","Source Numi introduced organic wild-harvested honeybush to the U.S. in 1999. Since then, locals have sustainably harvested this plant as a significant source of income for their communities. We selectively source from tea farms with conservation management plans, rather than from public lands, where overharvesting is a chronic problem. The honeybush plant is integral to the fynbos region of South Africa, which has one of the most diverse and rarified plant communities in the world.","null","$7.49"
"1636405390-1330","https://shop.numitea.com/Herbal-Teasans/c/NumiTeaStore@ByType@Herbal","Moroccan Mint","https://shop.numitea.com/Moroccan-Mint/p/NUMIS-10104&c=NumiTeaStore@ByType@Herbal","Moroccan Mint","Our soothing Moroccan Mint, known as ""nana mint,"" flourishes in North Africa. Light and lively as a newly picked leaf, its sweet spearmint flavor is refreshing any time of day.","Flavor Sweet and refreshing","Caffeine None","Brewing Instructions For ease and balance, steep 5-6 minutes. For iced tea, steep 2 tea bags, cool and pour over ice.","Ingredients Fair Trade Certified™ organic mint","Source Our special ""nana mint"" grows in the arid climate of Faiyum, Egypt, where Numi’s Fair Trade Certified partners plan to invest in schools, sanitation and a bus to transport workers.","null","$7.49"
"1636405339-1321","https://shop.numitea.com/Herbal-Teasans/c/NumiTeaStore@ByType@Herbal","Chamomile Lemon (loose)","https://shop.numitea.com/Chamomile-Lemon-loose/p/NUMIS-20150&c=NumiTeaStore@ByType@Herbal","Chamomile Lemon (loose)","We combine fine Egyptian chamomile blossoms with Australian lemon myrtle leaves for a sweet organic brew that imparts a lingering calmness with citrus murmurings.","Flavor Sweet brew imparts citrus murmurings","Caffeine None","Brewing Instructions Steep 1 heaping Tbsp. tea in 12 oz. hot water for 5 minutes.","Ingredients Fair Trade Certified™ organic chamomile, organic lemon myrtle.","Source Along the banks of the Nile River where our organic chamomile grows, Fair Trade has provided marriage loans to assist young couples while all workers are given shares in the company.","null","null"
"1636405372-1327","https://shop.numitea.com/Herbal-Teasans/c/NumiTeaStore@ByType@Herbal","Rooibos Chai","https://shop.numitea.com/Rooibos-Chai/p/NUMIS-10200&c=NumiTeaStore@ByType@Herbal","Rooibos Chai","We infuse mellow rooibos with warming spices like cinnamon, ginger, cloves, and cardamom for a sweet release. This sultry, caffeine-free chai is the perfect after-dinner treat. Also called “red tea,” rooibos has a deep, earthy vanilla taste, and is known for its calming effects.","Flavor Sweet and spicy","Caffeine None","Brewing Instructions For sweet release, steep 5-6 minutes. Enjoy alone or with warm milk and honey. For iced tea, steep 2 tea bags, cool and pour over ice.","Ingredients Verified Fair Labor™ organic rooibos, organic cloves, organic cinnamon, organic ginger, organic allspice, organic nutmeg, organic cardamom","Source This organic rooibos comes from a single farm in the Cederberg region of South Africa. With support from Numi's Verified Fair Labor™ program, the workers at this farm formed an association to deliver community benefits like meals for local preschools and senior centers, basic standard-of-living upgrades, solar water heaters, and a mobile optometry clinic.","null","$7.49"
"1636405348-1323","https://shop.numitea.com/Herbal-Teasans/c/NumiTeaStore@ByType@Herbal","Moroccan Mint (loose)","https://shop.numitea.com/Moroccan-Mint-loose/p/NUMIS-20104&c=NumiTeaStore@ByType@Herbal","Moroccan Mint (loose)","Our organic Moroccan Mint, known as ""nana mint,"" flourishes in North Africa. With a flavor as light and lively as a newly picked leaf, it has a sweet spearmint flavor that is refreshing and soothing any time of day.","Flavor Light and lively as a newly picked leaf, with sweet spearmint flavor","Caffeine None","Brewing Instructions Steep 1 heaping tsp. tea in 12 oz. hot water for 3 minutes.","Ingredients Fair Trade Certified™ organic mint.","Source Our special nana mint grows in the arid climate of North Africa where our recently Fair Trade certified partners plan to invest in schools, sanitation and a bus to transport workers.","null","null"
"1636405343-1322","https://shop.numitea.com/Herbal-Teasans/c/NumiTeaStore@ByType@Herbal","Rooibos Chai (loose)","https://shop.numitea.com/Rooibos-Chai-loose/p/NUMIS-20200&c=NumiTeaStore@ByType@Herbal","Rooibos Chai (loose)","Our organic caffeine-free Chai blends rich Rooibos and a sultry blend of spices. Piquant cloves, nutmeg, and cinnamon mingle with sweet allspice, vivacious ginger and a kiss of cardamom. Great with milk!","Flavor Rich chai with exotic blend of spices","Caffeine None","Brewing Instructions Steep 1 heaping tsp. tea in 12 oz. hot water for 5 minutes.","Ingredients Fair Trade Certified™ organic rooibos, organic cloves, organic allspice, organic ginger, organic nutmeg, organic cinnamon, organic cardamom.","Source In the Cederberg Mountains of South Africa, the rooibos farmers have used revenue from Fair Trade sales to support local schools, gender equality and HIV-AIDS prevention.","null","null"
"1636405368-1326","https://shop.numitea.com/Herbal-Teasans/c/NumiTeaStore@ByType@Herbal","Tulsi","https://shop.numitea.com/Tulsi/p/NUMIS-106022&c=NumiTeaStore@ByType@Herbal","Tulsi","Earthy, complex and calming, our Tulsi tea is infused with licorice, ashwagandha, turmeric, maca and chamomile. Also known as “holy basil,” tulsi is an ancient medicinal plant that has been used in India for over 5,000 years. It has a light lemon scent with a peppery floral aftertaste. Licorice invigorates the spirit, while ashwagandha, referred to as “Indian ginseng,” promotes vitality and calm.","Flavor Smooth and earthy, with an apple-like taste and spicy finish","Caffeine None","Brewing Instructions To enrich well-being, steep 8-10 minutes.","Ingredients Organic tulsi, organic lemon verbena, organic licorice, organic turmeric, organic chamomile, organic rose, organic nettle, organic ashwagandha, organic echinacea root, organic maca, organic clove, organic damiana","Gratitude Practice (10 minutes daily) Find a quiet space and time to sit in ease. Relax your body, gently close your eyes and slow your breathing, paying attention to the rise and fall of your belly as you inhale and exhale. Acknowledge something you are grateful for, like your family. As you bring up the gratitude, feel into the positive blessings. Bring up people in your family sphere and offer blessings of well-being to them. Repeat with other things you are grateful for.","null","$7.99"
"1636405352-1324","https://shop.numitea.com/Herbal-Teasans/c/NumiTeaStore@ByType@Herbal","Dry Desert Lime™","https://shop.numitea.com/Dry-Desert-Lime/p/NUMIS-10101&c=NumiTeaStore@ByType@Herbal","Dry Desert Lime™","Traditionally harvested and dried in the hot desert sun, this rare Arabian dried lime has been drunk for centuries in the Middle East. It has a distinct, tart citrus flavor and is an oasis of health. We named our company Numi after this drink, which our founders enjoyed as children.","Flavor Tart citrus","Caffeine None","Brewing Instructions For a potent citrus cup, steep 3-4 minutes. For iced tea, steep 2 tea bags, cool and pour over ice.","Ingredients Fair Trade Certified™ organic dried lime.","Source Our Fair Trade Certified™ dried lime is grown in Burkina Faso, West Africa.","null","$7.49"
"1636405376-1328","https://shop.numitea.com/Herbal-Teasans/c/NumiTeaStore@ByType@Herbal","Rooibos","https://shop.numitea.com/Rooibos/p/NUMIS-10102&c=NumiTeaStore@ByType@Herbal","Rooibos","Also called ""Red Tea,"" rooibos is an herb indigenous to the Cederberg region of South Africa. Known for its calming effects, rooibos has a deep, earthy vanilla taste.","Flavor Rich and earthy with soft apple notes","Caffeine None","Brewing Instructions For gentle ease, steep 5-6 minutes. Enjoy with or without milk. For iced tea, steep 2 tea bags, cool and pour over ice.","Ingredients Verified Fair Labor™ organic rooibos","Source From its beginnings in 1999, Numi has worked with the same small-scale, organic rooibos farm in the Cederberg region of South Africa. Numi Foundation's Together for H2OPE initiative brought running water to workers' houses at this farm for the first time. The farm uses innovative farming methods to integrate patches of wild landscape into cultivated areas, protecting the biodiversity and overall health of the landscape.","null","$7.49"
"1636405384-1329","https://shop.numitea.com/Herbal-Teasans/c/NumiTeaStore@ByType@Herbal","Chamomile Lemon","https://shop.numitea.com/Chamomile-Lemon/p/NUMIS-10150&c=NumiTeaStore@ByType@Herbal","Chamomile Lemon","We combine fine Egyptian chamomile blossoms with Australian lemon myrtle leaves for a sweet organic brew that imparts lingering calm.","Flavor Delicate floral and citrus notes","Caffeine None","Brewing Instructions For lingering calm, steep 5-6 minutes. For iced tea, steep 2 tea bags, cool and pour over ice.","Ingredients Fair Trade Certified™ organic chamomile, organic lemon myrtle","Source Along the banks of the Nile River where our organic Chamomile grows, Fair Trade Certification has provided our partners at the Sakaran cooperative with funds to purchase a school bus to help transport children to school.","null","$7.49"
"1636405364-1325","https://shop.numitea.com/Herbal-Teasans/c/NumiTeaStore@ByType@Herbal","Hibiscus","https://shop.numitea.com/Hibiscus/p/NUMIS-106015&c=NumiTeaStore@ByType@Herbal","Hibiscus","A sweet surprise of tanginess envelops the flavor of this heart-warming blend. A bouquet of flowers – sensual hibiscus, soothing lavender, calming chamomile and the afterglow of rose – enhance with a bright floral aroma. Limeflower adds a bright juiciness while cinnamon and cloves bring a warm spark as mind and heart connect in this dreamy blend.","Alchemy A heart-opening blend of hibiscus, soothing and sensual aromatic florals, and warming cinnamon and cloves","Flavor Tangy hibiscus, sweet florals and warming spices","Occasion Love yourself","Caffeine None","Ingredients Fair Trade Certified™ organic hibiscus, organic rose petal, organic licorice, organic elderflower, organic limeflower, organic cloves, organic cinnamon, organic damiana, organic lavender, organic chamomile.","null","$7.99"
