﻿web-scraper-order,web-scraper-start-url,Link,Link-href,Name,Description,Flavor,Caffeine,Steeping,Ingredients,Benefits,Origin,Price
"1636405839-1355","https://shop.numitea.com/Turmeric-Tea/c/NumiTeaStore@ByType@Turmeric","Turmeric Tea Sampler","https://shop.numitea.com/Turmeric-Tea-Sampler/p/NUMIS-TVBTUR&c=NumiTeaStore@ByType@Turmeric","Turmeric Tea Sampler","null","null","null","null","null","null","null","$41.99"
"1636405859-1359","https://shop.numitea.com/Turmeric-Tea/c/NumiTeaStore@ByType@Turmeric","Amber Sun","https://shop.numitea.com/Amber-Sun/p/NUMIS-10552&c=NumiTeaStore@ByType@Turmeric","Amber Sun","A smooth richness radiates through Turmeric Amber Sun like a warm, healthy glow. We blend potent turmeric with spices and sweet vanilla for soothing comfort. Rooibos, vanilla beans, cardamom and a hint of cinnamon round out this sweet, peppery brew. An ancient root related to the ginger family, turmeric is used as a balancing ingredient in Ayurvedic diets.","Flavor Earthy vanilla notes with a sweet peppery zest","Caffeine None","Brewing Instructions To soothe and comfort, steep 8-10 minutes. For iced tea, steep 2 tea bags, cool and pour over ice.","Ingredients Fair Trade Certified™ organic turmeric, Fair Trade Certified™ organic rooibos, organic honeybush, organic cardamom, organic cinnamon, organic vanilla bean","Source In partnership with the Numi Foundation, Numi built 23 wells, bringing clean, safe drinking water to 4,000 people across 12 villages in Madagascar, where our Fair Trade Certified™ turmeric is farmed.","null","null"
"1636405855-1358","https://shop.numitea.com/Turmeric-Tea/c/NumiTeaStore@ByType@Turmeric","Fields of Gold","https://shop.numitea.com/Fields-of-Gold/p/NUMIS-10553&c=NumiTeaStore@ByType@Turmeric","Fields of Gold","The mellow richness of turmeric, sweet calming notes of chamomile, and lively zest of lemon myrtle will delight the senses and soothe the spirit. An ancient root related to the ginger family, turmeric is used as a balancing ingredient in Ayurvedic diets.","Flavor Mellow, soft citrus notes","Caffeine None","Brewing Instructions To soothe and comfort, steep 8-10 minutes. For iced tea, steep 2 tea bags, cool and pour over ice.","Ingredients Fair Trade Certified™ organic turmeric, Fair Trade Certified™ organic chamomile, organic lemon myrtle","Source In partnership with the Numi Foundation, Numi built 23 wells, bringing clean, safe drinking water to 4,000 people across 12 villages in Madagascar, where our Fair Trade Certified™ turmeric is farmed.","null","$7.99"
"1636405847-1357","https://shop.numitea.com/Turmeric-Tea/c/NumiTeaStore@ByType@Turmeric","Golden Tonic","https://shop.numitea.com/Golden-Tonic/p/NUMIS-10551&c=NumiTeaStore@ByType@Turmeric","Golden Tonic","An uplifting blend of turmeric, lemon verbena and dried desert lime come together for an exhilarating tea tonic. Turmeric’s earthy sweetness complements tart, refreshing citrus to enliven the senses. An ancient root related to the ginger family, turmeric is used as a balancing ingredient in Ayurvedic diets.","Flavor Tart and refreshing","Caffeine None","Brewing Instructions To soothe and comfort, steep 8-10 minutes. For iced tea, steep 2 tea bags, cool and pour over ice.","Ingredients Fair Trade Certified™ organic turmeric, organic lemon verbena, Fair Trade Certified™ organic dried lime","Source In partnership with the Numi Foundation, Numi built 23 wells, bringing clean, safe drinking water to 4,000 people across 12 villages in Madagascar, where our Fair Trade Certified™ turmeric is farmed.","null","$7.99"
"1636405844-1356","https://shop.numitea.com/Turmeric-Tea/c/NumiTeaStore@ByType@Turmeric","Three Roots","https://shop.numitea.com/Three-Roots/p/NUMIS-10550&c=NumiTeaStore@ByType@Turmeric","Three Roots","Blending three organic roots (earthy turmeric, spicy ginger, and sweet licorice), this vital tonic transports your senses, bringing mental clarity and soothing comfort. An ancient root related to the ginger family, turmeric is used as a balancing ingredient in Ayurvedic diets.","Flavor Warming, spicy and sweet","Caffeine None","Brewing Instructions To soothe and comfort, steep 8-10 minutes. For iced tea, steep 2 tea bags, cool and pour over ice.","Ingredients Fair Trade Certified™ organic turmeric, organic ginger, organic licorice, organic rose","Source In partnership with the Numi Foundation, Numi built 23 wells, bringing clean, safe drinking water to 4,000 people across 12 villages in Madagascar, where our Fair Trade Certified™ turmeric is farmed.","null","null"
