﻿web-scraper-order,web-scraper-start-url,Link,Link-href,Name,Description,Flavor,Caffeine,Steeping,Ingredients,Benefits,Origin,Price
"1636405555-1336","https://shop.numitea.com/Black-Tea/c/NumiTeaStore@ByType@Black","Chinese Breakfast™ (loose)","https://shop.numitea.com/Chinese-Breakfast-loose/p/NUMIS-20106&c=NumiTeaStore@ByType@Black","Chinese Breakfast™ (loose)","Our Chinese Breakfast black tea includes the flavorful golden tips of the tea leaves to create this gourmet Yunnan style of tea. It is malty and full-bodied with lingering floral notes.","Flavor Malty and full-bodied with lingering floral notes","Caffeine High","Brewing Instructions Steep 1 heaping tsp. tea in 12 oz. hot water for 4 minutes.","Ingredients Verified Fair Labor™ organic Yunnan black tea.","Source This tea, known as Dian Hong, is from Yunnan, China - the birthplace of tea. Many ethnic tribes in this majestic mountainous region have cultivated this tea since the Dian Dynasty.","null","null"
"1636405574-1341","https://shop.numitea.com/Black-Tea/c/NumiTeaStore@ByType@Black","Aged Earl Grey™","https://shop.numitea.com/Aged-Earl-Grey/p/NUMIS-10170&c=NumiTeaStore@ByType@Black","Aged Earl Grey™","We age organic Assam with real bergamot–an aromatic Italian orange–for several weeks to make this bright, balanced black tea. Each sip brings a robust flavor with subtle citrus notes.","Flavor Bright and balanced with citrus notes","Caffeine High","Brewing Instructions To start your day, steep 4-5 minutes. Enjoy with or without milk. For iced tea, steep 2 tea bags, cool and pour over ice.","Ingredients Fair Trade Certified™ organic Assam black tea, organic bergamot","Source Our Assam black tea comes from Tonganagaon, the largest organic Fair Trade tea estate in India, where Numi's Together for H2OPE project brought clean water and sanitation to over 6,500 farmers and their families. Workers have used Fair Trade Premiums to purchase clean-burning cook stoves and food-safe aluminum containers to bring their lunches to work.","null","$7.49"
"1636405571-1340","https://shop.numitea.com/Black-Tea/c/NumiTeaStore@ByType@Black","Aged Earl Grey™ (loose)","https://shop.numitea.com/Aged-Earl-Grey-loose/p/NUMIS-20170&c=NumiTeaStore@ByType@Black","Aged Earl Grey™ (loose)","We age organic Assam black tea with real Italian Bergamot so the tea absorbs the orange scent. Enjoy a robust (flavorings-free) Earl Grey with subtle citrus notes.","Flavor Robust with citrus notes","Caffeine High","Brewing Instructions Steep 1 heaping tsp. tea in 12 oz. hot water for 4 minutes.","Ingredients Fair Trade Certified™ organic Assam black tea, organic bergamot.","Source The workers at this organic tea estate in Assam, India have allocated their Fair Trade funds towards a new school, cooking stoves, mosquito nets and women's self-empowerment programs.","null","null"
"1636405563-1338","https://shop.numitea.com/Black-Tea/c/NumiTeaStore@ByType@Black","Breakfast Blend (loose)","https://shop.numitea.com/Breakfast-Blend-loose/p/NUMIS-20220&c=NumiTeaStore@ByType@Black","Breakfast Blend (loose)","This complex blend of organic black teas – malty Assam, robust Ceylon, brisk Chinese Keemun and hints of floral Darjeeling – creates a hearty, balanced morning cup.","Flavor Complex, hearty and balanced morning cup","Caffeine High","Brewing Instructions Steep 1 heaping tsp. tea in 12 oz. hot water for 4 minutes.","Ingredients A blend of Fair Trade Certified™ organic black teas (Assam, Ceylon, Darjeeling and Keemun).","Source This tea is sourced from Fair Trade gardens in India, Sri Lanka and China, where farmers vote on how to invest funds, empowering them to play an active role in improving their own lives.","null","null"
"1636405551-1335","https://shop.numitea.com/Black-Tea/c/NumiTeaStore@ByType@Black","Golden Chai™","https://shop.numitea.com/Golden-Chai/p/NUMIS-10180&c=NumiTeaStore@ByType@Black","Golden Chai™","Our Golden Chai is a traditional Indian treasure. We blend organic hearty Assam black tea with organic cinnamon, cardamom and ginger for a rich and spicy tea.","Flavor Rich, spicy and sultry","Caffeine High","Brewing Instructions For reviving richness, steep 4-5 minutes. Add warm milk and honey for an after-dinner treat. For iced tea, steep 2 tea bags, cool and pour over ice.","Ingredients Fair Trade Certified™ organic Assam black tea, organic cinnamon, organic ginger, organic anise, organic cardamom","Source Our Assam black tea comes from Tonganagaon, the largest organic Fair Trade tea estate in India, where Numi's Together for H2OPE project brought clean water and sanitation to over 6,500 farmers and their families. Workers have used Fair Trade Premiums to purchase clean-burning cook stoves and food-safe aluminum containers to bring their lunches to work.","null","$7.49"
"1636405567-1339","https://shop.numitea.com/Black-Tea/c/NumiTeaStore@ByType@Black","Breakfast Blend","https://shop.numitea.com/Breakfast-Blend/p/NUMIS-10220&c=NumiTeaStore@ByType@Black","Breakfast Blend","This hearty blend of traditional morning teas offers an energizing start to the day. Bold and robust black teas from Assam, Ceylon, and Darjeeling create a hearty, balanced and complex cup.","Flavor Complex, hearty and balanced","Caffeine High","Brewing Instructions To start your day, steep 4-5 minutes. Enjoy with or without milk. For iced tea, steep 2 tea bags, cool and pour over ice.","Ingredients A blend of Fair Trade Certified™ organic black teas","Source This tea is sourced from Fair Trade gardens in India and Sri Lanka, where farmers vote on how to invest funds, empowering them to play an active role in improving their own lives. Our Assam black tea comes from Tonganagaon, the largest organic Fair Trade tea estate in India, where Numi's Together for H2OPE project brought clean water and sanitation to over 6,500 farmers and their families.","null","$7.49"
"1636405559-1337","https://shop.numitea.com/Black-Tea/c/NumiTeaStore@ByType@Black","Chinese Breakfast™","https://shop.numitea.com/Chinese-Breakfast/p/NUMIS-10106&c=NumiTeaStore@ByType@Black","Chinese Breakfast™","Our Chinese Breakfast black tea includes the flavorful golden tips of the tea leaves to create this gourmet Yunnan style of tea. It is malty and full-bodied with lingering floral notes. What distinguishes this tea from others is its perfect balance, tiger's eye color, and a vibrancy which makes it suitable for any time of day.","Flavor Malty and full-bodied with lingering floral notes","Caffeine High","Brewing Instructions To start your day, steep 4-5 minutes. Enjoy with or without milk. For iced tea, steep 2 tea bags, cool and pour over ice.","Ingredients Verified Fair Labor™ organic Yunnan black tea","Source Yunnan, China is known as the birthplace of tea. Many ethnic tribes in this majestic mountainous region have cultivated tea since the Dian Dynasty (279-107 BCE). Our Verified Fair Labor™ program in Yunnan ensures fair wages, overtime pay, safe working conditions, and benefits like maternity leave for workers.","null","$7.49"
"1636405540-1332","https://shop.numitea.com/Black-Tea/c/NumiTeaStore@ByType@Black","High Mountain Black Ice™","https://shop.numitea.com/High-Mountain-Black-Ice/p/NUMIS-21001&c=NumiTeaStore@ByType@Black","High Mountain Black Ice™","This gallon size iced tea pouch contains the finest whole leaf, single-estate back tea leaves. Making at-home brewing easy, it brews to an amber liquor low in astringency, rich in flavor and clean on the palate.","Ingredients Organic Yunnan black tea","Brewing Instructions Single one-gallon batches: Place one bag of High Mountain Black™ in a clean gallon container. Bring two quarts of fresh water to a boil. Pour over bag and let steep 6-8 minutes. Gently squeeze bag to release all flavor and discard bag. Add two quarts cold water or four quarts ice. Serve High Mountain Black™ chilled with ice. Enjoy!","null","null","null","null","null"
"1636405543-1333","https://shop.numitea.com/Black-Tea/c/NumiTeaStore@ByType@Black","Classic Black","https://shop.numitea.com/Classic-Black/p/NUMIS-21040&c=NumiTeaStore@ByType@Black","Classic Black","In a one-gallon sized iced tea pouch, organic and Fair trade brisk black tea brews a smooth flavorful glass.","Brewing Instructions Single one-gallon batches: Place one bag of Classic Black in a clean gallon container. Bring two quarts of fresh water to a boil. Pour over bag and let steep 6-8 minutes. Gently squeeze bag to release all flavor and discard bag. Add two quarts cold water or four quarts ice. Serve Classic Black chilled with ice. Enjoy!","null","null","null","null","null","null"
"1636405546-1334","https://shop.numitea.com/Black-Tea/c/NumiTeaStore@ByType@Black","Golden Chai™ (loose)","https://shop.numitea.com/Golden-Chai-loose/p/NUMIS-20180&c=NumiTeaStore@ByType@Black","Golden Chai™ (loose)","Our Golden Chai is a traditional Indian treasure. We blend organic hearty Assam black tea with organic cinnamon, cardamom and ginger for a rich and spicy tea. Great with milk!","Flavor Rich and hearty with sultry spices","Caffeine High","Brewing Instructions Steep 1 heaping tsp. tea in 12 oz. hot water for 4 minutes.","Ingredients Fair Trade Certified™ organic Assam black tea, organic cinnamon, organic ginger, org.anise, organic cardamom.","Source The workers at this organic tea estate in Assam, India, have allocated their Fair Trade funds towards school scholarships, new roads, mosquito nets and women's self-empowerment programs.","null","null"
