﻿web-scraper-order,web-scraper-start-url,Link,Link-href,Name,Description,Flavor,Caffeine,Steeping,Ingredients,Benefits,Origin,Price
"1636405769-1351","https://shop.numitea.com/Puerh-Tea/c/NumiTeaStore@ByType@Puerh","Emperor's Pu·erh","https://shop.numitea.com/Emperors-Puerh/p/NUMIS-10350&c=NumiTeaStore@ByType@Puerh","Emperor's Pu·erh","Puerh (pū-ĕr) is an ancient healing tea known for its medicinal properties and rich taste. Numi’s organic pu∙erh comes from 500-year-old, wild tea trees grown in China’s Yunnan Mountains. Unlike traditional teas that are oxidized over an 8-hour period, pu∙erh undergoes a unique 60-day fermentation process resulting in a bold, earthy flavor with hints of malt. This rich, energizing tea is deeply satisfying as a coffee alternative.","Flavor Bold and earthy with hints of malt","Caffeine High","Brewing Instructions To awaken and restore, steep 4-5 minutes. Enjoy with or without milk. For iced tea, steep 2 tea bags, cool and pour over ice.","Ingredients Verified Fair Labor™ organic black pu∙erh tea","Source These old-growth, rare pu∙erh trees are communally owned by the residents of the local villages in the Yunnan Mountains, ensuring a stable source of income for generations to come. The tea trees are grown in harmony with the primary indigenous forest, promoting biodiversity and forest conservation in the region. Numi's Fair Labor Verification program in Yunnan has invested in improving maternity benefits for factory workers, and bettering workplace health and safety conditions.","null","$8.99"
"1636405777-1353","https://shop.numitea.com/Puerh-Tea/c/NumiTeaStore@ByType@Puerh","Chocolate Pu·erh","https://shop.numitea.com/Chocolate-Puerh/p/NUMIS-10360&c=NumiTeaStore@ByType@Puerh","Chocolate Pu·erh","This velvety infusion combines black pu∙erh tea and organic cocoa. Accented by sweet orange peel, this decadent blend is rounded off with nutmeg and cinnamon for a spicy finish. Puerh (pū-ĕr) is an ancient healing tea known for its medicinal properties and rich taste. Numi’s organic pu∙erh comes from 500-year-old, wild tea trees grown in China’s Yunnan Mountains. Unlike traditional teas that are oxidized over an 8-hour period, pu∙erh undergoes a unique 60-day fermentation process resulting in a bold, earthy flavor with hints of malt.","Flavor Velvety and rich","Caffeine High","Brewing Instructions To awaken your spirit, steep 4-5 minutes. Swirl your cup, as the chocolate may settle to the bottom. For iced tea, steep 2 tea bags, cool and pour over ice.","Ingredients Organic cocoa powder, Verified Fair Labor™ organic black pu∙erh tea, organic rooibos, organic nutmeg, organic honeybush, organic cinnamon, organic orange peel, organic cardamom","Source These old-growth, rare pu∙erh trees are communally owned by the residents of the local villages in the Yunnan Mountains, ensuring a stable source of income for generations to come. The tea trees are grown in harmony with the primary indigenous forest, promoting biodiversity and forest conservation in the region. Numi's Fair Labor Verification program in Yunnan has invested in improving maternity benefits for factory workers, and bettering workplace health and safety conditions.","null","$8.99"
"1636405780-1354","https://shop.numitea.com/Puerh-Tea/c/NumiTeaStore@ByType@Puerh","Aged Pu·erh Tea Brick","https://shop.numitea.com/Aged-Puerh-Tea-Brick/p/NUMIS-103908&c=NumiTeaStore@ByType@Puerh","Aged Pu·erh Tea Brick","Numi's Aged Pu∙erh Tea Brick is a compressed bar of loose pu∙erh tea leaves. Unlike traditional teas that are oxidized for 8 hours, Pu∙erh undergoes a unique 60-day fermentation process resulting in a bold, earthy flavor with hints of malt. Pu∙erh is compressed into bricks and aged, like fine wine, for months, years or even decades. This increases its value and rich taste.","Flavor Woodsy, malty, deep earthiness","Caffeine High","Brewing Instructions Break off 1 square portion and place in a 10 oz. teapot. Pu•erh should be rinsed before steeping to awaken the sleeping leaves: pour boiling water to fill the pot halfway, swirl for several seconds and pour out the water. Fill the teapot and place a lid on the top; steep to desired strength, or 2 minutes. Strain into your cup or a serving pitcher and enjoy! Each portion may be steeped 4 times. Recommended steeping times:","Ingredients Fair Labor Verified™ organic black pu-erh tea.","Source
These old-growth, rare pu∙erh trees are communally owned by the residents of the local villages in the Yunnan Mountains, ensuring a stable source of income for generations to come. The tea trees are grown in harmony with the primary indigenous forest, promoting biodiversity and forest conservation in the region. Numi's Fair Labor Verification program in Yunnan has invested in improving maternity benefits for factory workers, and bettering workplace health and safety conditions.","null","$12.99"
"1636405773-1352","https://shop.numitea.com/Puerh-Tea/c/NumiTeaStore@ByType@Puerh","Chocolate Pu·erh (loose)","https://shop.numitea.com/Chocolate-Puerh-loose/p/NUMIS-20360&c=NumiTeaStore@ByType@Puerh","Chocolate Pu·erh (loose)","This velvety infusion combines black Pu∙erh tea and organic cocoa. Accented by sweet orange peel, this decadent blend is rounded off with nutmeg and cinnamon for a spicy finish.","Flavor Decadent infusion with a spicy finish","Caffeine Medium","Brewing Instructions Steep 1 heaping tsp. tea in 12 oz. hot water for 4 minutes.","Ingredients Fair Labor Verified™ organic black pu-erh tea, organic cocoa powder, organic rooibos, organic cinnamon, organic orange peel, organic nutmeg.","Source These old-growth rare pu-erh trees are communally owned by the local villagers who pick them for their livelihood. This ensures that the people continue to thrive for generations to come.","null","null"
"1636405765-1350","https://shop.numitea.com/Puerh-Tea/c/NumiTeaStore@ByType@Puerh","Emperor's Pu·erh (loose)","https://shop.numitea.com/Emperors-Puerh-loose/p/NUMIS-20350&c=NumiTeaStore@ByType@Puerh","Emperor's Pu·erh (loose)","Pu∙erh boasts a deep bold body that is smooth and earthy with hints of malt. This rich, energizing tea is deeply satisfying as a coffee alternative. Numi is proud to reveal the centuries old tradition of Pu∙erh.","Flavor Deep, bold and earthy with hints of malt","Caffeine High","Brewing Instructions Steep 1 heaping tsp. tea in 12 oz. hot water for 4 minutes.","Ingredients Fair Labor Verified™ organic black pu-erh tea.","Source These old-growth rare pu-erh trees are communally owned by the local villagers who pick them for their livelihood. This ensures that the people continue to thrive for generations to come.","null","null"
