﻿web-scraper-order,web-scraper-start-url,Link,Link-href,Name,Description,Flavor,Caffeine,Steeping,Ingredients,Benefits,Origin,Price
"1636405691-1345","https://shop.numitea.com/Green-Tea/c/NumiTeaStore@ByType@Green","Jasmine Green (loose)","https://shop.numitea.com/Jasmine-Green-loose/p/NUMIS-20108&c=NumiTeaStore@ByType@Green","Jasmine Green (loose)","Fragrant organic jasmine flowers are laid atop organic green tea leaves as their scent is naturally embraced. Scented three times, this smooth green tea has layers of subtle fragrance and hints of moonlight.","Flavor Sweet & aromatic with bright floral notes","Caffeine Medium","Brewing Instructions Steep 1 heaping tsp. tea in 12 oz. hot water for 2 minutes.","Ingredients Fair Trade Certified™ organic green tea scented with organic jasmine flowers.","Source Our jasmine green tea is sourced from the first Fair Trade gardens in China where workers' wages have increased 30 - 40% and premiums recently funded the school dormitory for children.","null","null"
"1636405713-1349","https://shop.numitea.com/Green-Tea/c/NumiTeaStore@ByType@Green","Ginger Lemon","https://shop.numitea.com/Ginger-Lemon/p/NUMIS-10260&c=NumiTeaStore@ByType@Green","Ginger Lemon","This rich and invigorating blend grounds the body and uplifts the spirit. We combine bright, refreshing lemongrass with warming ginger root for soothing comfort. Our green tea is decaffeinated by a revolutionary organic CO2 process called ""Effervescence."" It is the only chemical-free method that does not extract the flavor or antioxidants inherent in green tea.","Flavor Bright and warming","Caffeine None","Brewing Instructions For ease and balance, steep 3-4 minutes. For iced tea, steep 2 tea bags, cool and pour over ice.","Ingredients Fair Trade Certified™ organic ginger, Fair Trade Certified™ organic decaf green tea, organic lemongrass, organic licorice, organic lemon verbena, organic lemon myrtle","Source Our Fair Trade Certified™ green tea comes from the Dooars region of India, near the foothills of the Himalayas. The farmers at this tea garden use organic, biodynamic and climate-sensitive practices to restore the surrounding ecosystem and water table. Community members benefit from investments in education, entrepreneurship training, healthcare facilities, and clean water systems.","null","$7.49"
"1636405708-1348","https://shop.numitea.com/Green-Tea/c/NumiTeaStore@ByType@Green","Gunpowder Green","https://shop.numitea.com/Gunpowder-Green/p/NUMIS-10109&c=NumiTeaStore@ByType@Green","Gunpowder Green","Within hours of being plucked, this organic green tea is gently rolled into small tight pearls on a wok, then custom crafted for Numi’s tea bags. This process preserves its smooth, full-bodied flavor and delicate aroma for far longer than other green teas.","Flavor Roasted and full-bodied","Caffeine Medium","Brewing Instructions To enrich well-being, steep 2-3 minutes. For iced tea, steep 2 tea bags, cool and pour over ice.","Ingredients Fair Trade Certified™ organic green tea","Source Our Gunpowder Green tea is sourced from the first Fair Trade garden in China, where workers’ wages have increased 30-40% from tea sales. Fair Trade funds are provided to each family to support their children’s enrollment in highschool and universities.","null","$7.49"
"1636405696-1346","https://shop.numitea.com/Green-Tea/c/NumiTeaStore@ByType@Green","Jasmine Green","https://shop.numitea.com/Jasmine-Green/p/NUMIS-10108&c=NumiTeaStore@ByType@Green","Jasmine Green","We scent fragrant, smooth green tea leaves three times with night-blooming jasmine to make this delicate tea. In Jiangxi Province, China, rich soil and fluctuations in daily temperature yield a fragrant leaf. Jasmine flowers gently cover the tea until their scent is fully absorbed.","Flavor Fragrant and smooth","Caffeine Medium","Brewing Instructions For sweet balance, steep 2-3 minutes. For iced tea, steep 2 tea bags, cool and pour over ice.","Ingredients Fair Trade Certified™ organic green tea scented with organic jasmine flowers","Source Our Jasmine Green tea is sourced from the first Fair Trade garden in China, where workers’ wages have increased 30-40% from tea sales. Fair Trade funds are provided to each family to support their children’s enrollment in highschool and universities.","null","$7.49"
"1636405677-1342","https://shop.numitea.com/Green-Tea/c/NumiTeaStore@ByType@Green","Mate Lemon","https://shop.numitea.com/Mate-Lemon/p/NUMIS-10250&c=NumiTeaStore@ByType@Green","Mate Lemon","A legendary South American elixir, this infusion of organic Brazilian Yerba Mate, Australian Lemon Myrtle and green tea unfolds into a lemon taste with sweet, earthy undertones. Its stimulating effect evokes a cheerful mental lucidity.","Flavor Bright and earthy","Caffeine High","Brewing Instructions To enliven and refresh, steep 3-4 minutes. For iced tea, steep 2 tea bags, cool and pour over ice.","Ingredients Organic yerba mate, organic lemon myrtle, Fair Trade Certified™ organic green tea","Source Our organic yerba mate comes from Paraná, Brazil. Sustainably grown mate provides a bounty of ecosystem and community benefits, including carbon sequestration, biodiversity, and forest restoration. Because yerba is more profitable to grow than cattle or destructive monocrops, farmers make better wages while preserving endangered forest habitats.","null","$7.49"
"1636405702-1347","https://shop.numitea.com/Green-Tea/c/NumiTeaStore@ByType@Green","Gunpowder Green (loose)","https://shop.numitea.com/Gunpowder-Green-loose/p/NUMIS-20109&c=NumiTeaStore@ByType@Green","Gunpowder Green (loose)","Within hours of being plucked, this whole leaf organic green tea is gently steamed and then rolled into small tight pearls. When steeped, the leaves unfurl, releasing a well-rounded, full-bodied flavor.","Flavor Smooth & well-rounded","Caffeine Medium","Brewing Instructions Steep 1 heaping tsp. tea in 12 oz. hot water for 2 minutes.","Ingredients Fair Trade Certified™ organic green tea.","Source Our organic green tea is harvested by the Tuija people of Enshi, China. Since becoming Fair Trade in 2006, they have built new roads and a hospital, and their whole wages have increased.","null","null"
"1636405686-1344","https://shop.numitea.com/Green-Tea/c/NumiTeaStore@ByType@Green","Jasmine Pearls (loose)","https://shop.numitea.com/Jasmine-Pearls-loose/p/NUMIS-20580&c=NumiTeaStore@ByType@Green","Jasmine Pearls (loose)","The most tender green tea leaves are hand rolled into small pearls and scented with fresh jasmine blossoms. The fragrant flowers are mated five times with the tea according to traditional tea scenting techniques that date back over nine centuries. This high quality jasmine tea from Fujian Province has a sweet aromatic flavor with bright floral notes.","Flavor Sweet & aromatic with bright floral notes","Caffeine Medium","Brewing Instructions Steep 1 heaping tsp. tea in 12 oz. hot water for 2 minutes.","Ingredients Fair Trade Certified™ organic green tea scented with organic jasmine flowers.","null","null","null"
"1636405682-1343","https://shop.numitea.com/Green-Tea/c/NumiTeaStore@ByType@Green","Matcha Toasted Rice","https://shop.numitea.com/Matcha-Toasted-Rice/p/NUMIS-10300&c=NumiTeaStore@ByType@Green","Matcha Toasted Rice","A classic blend of genmaicha and matcha teas, Matcha Toasted Rice has a savory, nutty flavor. We blend sencha green tea with toasted rice to make Genmaicha, a traditional Japanese tea. The result is a smooth, rich brew with earthy depth and undertones of brightness.","Flavor Savory and nutty","Caffeine Medium","Brewing Instructions To boost well-being, steep 2-3 minutes. For iced tea, steep 2 tea bags, cool and pour over ice.","Ingredients Verified Fair Labor™ organic sencha green tea, organic toasted rice, Verified Fair Labor™ organic matcha","Source The organic sencha and matcha teas in this blend come from a single Verified Fair Labor™ farm in Zhejiang, China, where investments in worker health and safety ensure fair working conditions.","null","$7.49"
