﻿web-scraper-order,web-scraper-start-url,Link,Link-href,Name,Description,Flavor,Caffeine,Steeping,Ingredients,Benefits,Origin,Price
1636404649-1294,https://shop.numitea.com/Stay-Healthy-Tea/c/NumiTeaStore@ByType@StayHealthy,Immune Support,https://shop.numitea.com/Immune-Support/p/NUMIS-10615&c=NumiTeaStore@ByType@StayHealthy,Immune Support,"Immune Support tea blends elderberry, elderflower, ginger, rosehip, lemongrass & thyme for a sweet & herbaceous cold and flu season tea that supports immunity and the respiratory system.*",Flavor Warming and herbaceous,Caffeine None,Brewing Instructions Support your immunity. Steep 8-10 minutes.,"Ingredients Organic Elderflower, organic elderberry fruit, organic Fair Trade Certified™ ginger root, organic rosehip fruit, organic lemongrass stalk, organic thyme leaf","Why it Works Elderflower & elderberry (Sambucus nigra) strengthen the respiratory system and enhance immune response. Rosehips (Rosa canina), are sweet red berries that pack a bright burst of citric replenishment. Thyme (Thymus vulgaris) is an aromatic herb that warms and soothes the respiratory system.*.","Source Numi uses only pure ingredients, no compromise. This potent botanical blend is made with 100% real, non-GMO organic herbs, roots, spices and flowers—never any added flavorings or artificial fragrances.",
1636404639-1291,https://shop.numitea.com/Stay-Healthy-Tea/c/NumiTeaStore@ByType@StayHealthy,Throat Soother,https://shop.numitea.com/Throat-Soother/p/NUMIS-10618&c=NumiTeaStore@ByType@StayHealthy,Throat Soother,"Throat Soother tea blends sage, licorice root, marshmallow root, cinnamon & clove for a comforting cold and flu season tea.*",Flavor Sweet and spicy,Caffeine None,Brewing Instructions Soothe and savor. Steep 8-10 minutes.,"Ingredients Organic sage leaf, organic licorice root, organic marshmallow root, organic cinnamon bark, organic clove bud","Why it Works Marshmallow root (Althaea officinalis L.) is used historically to moisten and ease sore, dry throat. Licorice root (Glycyrrhiza glabra L.), is traditionally used to help sore throats due to its demulsifying properties. Sage (Salvia officinalis L.) provides aromatherapy in your cup to ground and clear.*","Source Numi uses only pure ingredients, no compromise. This potent botanical blend is made with 100% real, non-GMO organic herbs, roots, spices and flowers—never any added flavorings or artificial fragrances.",
1636404646-1293,https://shop.numitea.com/Stay-Healthy-Tea/c/NumiTeaStore@ByType@StayHealthy,Immune Boost,https://shop.numitea.com/Immune-Boost/p/NUMIS-10614&c=NumiTeaStore@ByType@StayHealthy,Immune Boost,"Immune Boost tea blends echinacea, dandelion root, dandelion leaf, rosehip, ginger, cinnamon & licorice for a potent & efficacious cold and flu season tea that supports immunity and rejuvenates vital organs.*",Flavor Spicy and comforting,Caffeine None,Brewing Instructions Boost your system. Steep 8-10 minutes.,"Ingredients Organic echinacea leaf & stem, organic rosehip fruit, organic dandelion root, organic dandelion leaf & stem, organic ginger root, organic cinnamon bark, organic licorice root","Why it Works Echinacea (Echinacea purpurea), native to North America, is a powerful ally in immune defense. Rosehips (Rosa canina), are sweet red berries that pack a bright burst of citric replenishment. Dandelion leaf & root (Taraxaci officinales) are known to tonify and rejuvenate.*","SourceNumi uses only pure ingredients, no compromise. This potent botanical blend is made with 100% real, non-GMO organic herbs, roots, spices and flowers—never any added flavorings or artificial fragrances.",
1636404635-1290,https://shop.numitea.com/Stay-Healthy-Tea/c/NumiTeaStore@ByType@StayHealthy,Congest Away,https://shop.numitea.com/Congest-Away/p/NUMIS-10617&c=NumiTeaStore@ByType@StayHealthy,Congest Away,"Congest Away tea blends licorice root, fennel seed, peppermint, ginger & cinnamon for a cooling & soothing brew that supports respiratory health.*",Flavor Minty and cooling,Caffeine None,Brewing Instructions Sip and breath deep. Steep 8-10 minutes.,"Ingredients Organic Fair Trade Certified™ fennel seed, organic peppermint leaf, organic Fair Trade Certified™ ginger root, organic cinnamon bark, organic licorice root","Why it Works Peppermint (Mentha piperita L.) from North America, has a high menthol content, which is cooling and refreshing. This sweet Egyptian variety of Fennel (Foeniculum vulgare) is a naturally soothing herbal remedy. Ginger (Zingiber officinale Roscoe) is spicy, invigorating and warm with stimulating properties..","Source Numi uses only pure ingredients, no compromise. This potent botanical blend is made with 100% real, non-GMO organic herbs, roots, spices and flowers—never any added flavorings or artificial fragrances.",
1636404632-1289,https://shop.numitea.com/Stay-Healthy-Tea/c/NumiTeaStore@ByType@StayHealthy,Dandelion Detox,https://shop.numitea.com/Dandelion-Detox/p/NUMIS-10616&c=NumiTeaStore@ByType@StayHealthy,Dandelion Detox,"Dandelion Detox tea blends dandelion root, dandelion leaf, nettle, burdock root, red clover, milk thistle, lemon peel, cardamom & lemon myrtle for a purifying & detoxifying brew.*",Flavor Earthy and citrusy,Caffeine None,Brewing Instructions Nurture and purify. Steep 8-10 minutes.,"Ingredients Organic dandelion root, organic dandelion leaf, organic nettle leaf, organic burdock root, organic red clover herb, organic milk thistle seed, organic lemon peel, organic cardamom pod, organic lemon myrtle leaf","Why it Works Dandelion leaf & root (Taraxacum officinale) tonifies and rejuvenates while supporting vitality and energy. Nettle (Urticae folia) is known to bolster and balance the system. Milk thistle (Silybum marianum), with rich Chinese & Western herbal traditions, supports healthy liver function.*","Source Numi uses only pure ingredients, no compromise. This potent botanical blend is made with 100% real, non-GMO organic herbs, roots, spices and flowers—never any added flavorings or artificial fragrances.",
1636404653-1295,https://shop.numitea.com/Stay-Healthy-Tea/c/NumiTeaStore@ByType@StayHealthy,Sweet Slumber,https://shop.numitea.com/Sweet-Slumber/p/NUMIS-10612&c=NumiTeaStore@ByType@StayHealthy,Sweet Slumber,"Sweet Slumber features a dreamy blend of herbs, chamomile, and potent valerian root that relieves stress and inspires rest and relaxation. The combination of pro-sleep and anti-anxiety herbal ingredients creates a calming bedtime experience.",Flavor Sweet and floral,Caffeine None,"Brewing Instructions To unwind and drift off, steep 8-10 minutes.","Ingredients Fair Trade Certified™ organic chamomile flowers (Matricaria recutita), organic lavender flower (Lavandula angustifolia), organic lemon balm leaf (Melissa officinalis), organic licorice root (Glycyrrhiza glabra), organic valerian root (Valeriana edulis), organic passionflower (Passiflora incarnata), organic hop flowers (Humulus lupulus)","Why it Works Valerian Root (Valeriana officinalis) profoundly supports tranquility and sleep without grogginess*. Passionflower (Passiflora incarnata), our purple beauty, is known to reduce stress and mild anxiety*. Hop Flowers (Humulus lupulus) ease the nervous system and occasional sleeplessness*.","Source The chamomile in Sweet Slumber comes from Numi's Fair Trade partners in Faiyum, Egypt, along the banks of the Nile River. Fair Trade certification has provided our partners at the Sakaran cooperative with funds to purchase a school bus to help transport children to school.",
1636404642-1292,https://shop.numitea.com/Stay-Healthy-Tea/c/NumiTeaStore@ByType@StayHealthy,De-Stress,https://shop.numitea.com/DeStress/p/NUMIS-10613&c=NumiTeaStore@ByType@StayHealthy,De-Stress,"Numi's delicious new De-Stress tea blends spearmint, passionflower, lemon verbena, lemon balm, hibiscus, kanna leaf & licorice root for a relaxing stress relief tea.*",Flavor Sweet and citrusy,Caffeine None,Brewing Instructions Unwind and realign. Steep 8-10 minutes.,"Ingredients Organic spearmint leaf, organic passionflower herb, organic lemon verbena herb, organic lemon balm herb, organic hibiscus flower, organic kanna leaf, organic licorice root",Why it Works Kanna (Sceletium tortuosum) is traditionally used by indigenous peoples in South Africa as a mood balancer.* Passionflower (Passiflora incarnata L.) is known to be calming and to ease stress. Lemon balm (Melissa officinalis) aroma infuses the senses with citrusy serenity.,"Source Numi uses only pure ingredients, no compromise. This potent botanical blend is made with 100% real, non-GMO organic herbs, roots, spices and flowers—never any added flavorings or artificial fragrances.",
