﻿web-scraper-order,web-scraper-start-url,Name,Type,Image-src,Price,Description,Ingredients,Flavor,Steeping,Caffeine,Origin,Link,Link-href
"1636391404-474","https://rishi-tea.com/oolong-tea-organic-loose-leaf/?count=18","Four Seasons Spring","Oolong Tea","/product/image/medium/jo-sana_jade-oolong-four-seasons-spring-tea.jpg","$16.00","Four Seasons Spring is lightly oxidized, tightly rolled, ball shaped oolong tea that is harvested twice each year in Taiwan's central highlands. Made from the Si Ji Chun, (""Four Seasons Spring"") cultivar, Jade Oolong has a golden-green, medium bodied infusion with a very floral, long-lasting aromatic complexity evocative of fresh gardenia, freesia blossoms and tropical fruit. Grown at elevations of 500-850 meters above sea level in the Mingjian Village of Nantou, Taiwan.","null","null","null","null","null","Four Seasons Spring","https://rishi-tea.com/oolong-tea-organic-loose-leaf/four-season-spring-jade-oolong?returnurl=%2foolong-tea-organic-loose-leaf%2f%3fcount%3d18"
"1636391384-469","https://rishi-tea.com/oolong-tea-organic-loose-leaf/?count=18","Li Shan Spring Harvest No. 1","Garden Direct Oolong Tea","/product/image/medium/lsgsc8sp21100-rp_lishanspringharvest-looseleaftea-sana.jpg","$36.00","Origin: Li Shan, Taiwan
Cultivar: Qingxin
Elevation: 1900-2000m
Harvest: May 1-6, 2021

Taiwan is a celebrated origin of highly-specialized teas. Tea gardens above 1,000 masl are designated as Gao Shan Cha, directly translating to “High Mountain Tea.” Tea from these elevations is extremely precious, and the best lots are produced in the winter and spring harvests. The harvests differ greatly with an abundance of water-based aromas in spring and oil-based aromatics in winter. 

This spring harvest is from the Li Shan mountain which translates as “Pear Mountain.” The final light baking captures the freshness and aroma of Li Shan, while the concentrated tropical notes and pervades the air during brewing and translates equally into the cup.","Oolong tea","Stargazer lily, champagne mango","null","null","Li Shan, Taiwan","Li Shan Spring Harvest No. 1","https://rishi-tea.com/garden-direct-seasonal-tea/li-shan-spring-harvest-no-1-2021?returnurl=%2foolong-tea-organic-loose-leaf%2f%3fcount%3d18"
"1636391407-475","https://rishi-tea.com/oolong-tea-organic-loose-leaf/?count=18","Earl Green","Oolong Tea Blend","/product/image/medium/eg-sana_earl-green-loose-leaf-oolong-tea-blend.jpg","$59.00","Earl Green is our oolong version of the black tea classic Earl Grey. This original blend highlights the alluring lilac fragrance of Bao Zhong oolong tea, which harmonizes gorgeously with citrusy and floral essence of bergamot. Earl Green is an oolong tea for all seasons and makes a remarkably delicious and easy-drinking cold brewed tea.","Oolong tea, essential bergamot oil","Refreshing with the alluring  aromas of bergamot oranges,  citrus blossoms and lilacs","3 minutes","Caffeine
    
        
            
                
                    
                        
                            
                            
                        
                        None
                    
                
                
                    
                        
                            
                            
                        
                        Low
                    
                
            
            
                
                    
                        
                            
                            
                        
                        Medium
                    
                
                
                    
                        
                            
                            
                        
                        High","Rishi Herb Lab","Earl Green","https://rishi-tea.com/oolong-tea-organic-loose-leaf/earl-green?returnurl=%2foolong-tea-organic-loose-leaf%2f%3fcount%3d18"
"1636391380-468","https://rishi-tea.com/oolong-tea-organic-loose-leaf/?count=18","Phoenix Dancong Mi Lan Xiang “Honey & Orchids Aroma”","Garden Direct Oolong Tea","/product/image/medium/dcomlx100-rp_1042-dancongmilanxiang-sana.jpg","$55.00","Origin: Wudong Shan, Guangdong, China
Cultivar: Mi Lan Xiang 蜜兰香 “Honey & Orchids Aroma”
Harvest: Spring 2021
Elevation: 1000m

Phoenix Dancong is a special style of oolong tea produced in Fenghuang “Phoenix” Mountain, a coastal region celebrated for its mineral-rich soils, foggy climate and rocky landscape. The region is home to diverse cultivars developed through generations of selective cultivation. Many are named after a xiang or “aroma” type. It is said these tea trees mimic the aromas of various flowers and fruits, like Tuberose, Honey & Orchids, or Almond while others are named from farmer tales. Mi Lan Xiang, or “Honey & Orchids Aroma” is a popular cultivar that is beloved for its luscious floral aroma and sappy sweetness that evokes ripe peaches and nectarines drizzled in honey. This cultivar tends to showcase those aromas upfront even from the initial tea rinse and first infusion, whereas other cultivars may need a little patience to bloom.","Oolong tea","luscious floral aroma and sappy sweetness that evokes ripe peaches and nectarines drizzled in honey","null","null","Wudong Shan, Guangdong, China","Phoenix Dancong Mi Lan Xiang “Honey & Orchids Aroma”","https://rishi-tea.com/phoenix-dancong-mi-lan-xiang-honey-and-orchids-aroma-2021?returnurl=%2foolong-tea-organic-loose-leaf%2f%3fcount%3d18"
"1636391373-466","https://rishi-tea.com/oolong-tea-organic-loose-leaf/?count=18","Ruby Oolong","Organic Oolong Tea","/product/image/medium/oro-sana_ruby-oolong-organic-loose-leaf-oolong-tea.jpg","$35.00","Ruby Oolong is a special type of oolong tea produced in the Doi Mae Salong mountainous region in northern Thailand. This full-bodied oolong tea is deeply oxidized and slowly baked to bring out complex layers of cacao, raisins, and black cherry with a sublime, elegant structure. The soil in northern Thailand is soft and loamy, providing a concentration of nutrients not found in other oolong tea origins. This lends a unique sweetness and rich viscosity in mouthfeel. Ruby Oolong is an excellent introduction to the world of oolong tea with its deliciously sweet caramelized fruit and chocolate aromas that permeate the air as soon as it is brewed.","Organic oolong tea","Named for its brilliant red infusion, this full-bodied, deeply fermented oolong is slow baked to bring out complex layers of cacao, raisins and black cherry.","4 minutes","Caffeine
    
        
            
                
                    
                        
                            
                            
                        
                        None
                    
                
                
                    
                        
                            
                            
                        
                        Low
                    
                
            
            
                
                    
                        
                            
                            
                        
                        Medium
                    
                
                
                    
                        
                            
                            
                        
                        High","Doi Mae Salong, Thailand","Ruby Oolong","https://rishi-tea.com/oolong-tea-organic-loose-leaf/ruby-oolong?returnurl=%2foolong-tea-organic-loose-leaf%2f%3fcount%3d18"
"1636391351-460","https://rishi-tea.com/oolong-tea-organic-loose-leaf/?count=18","Organic Phoenix Dancong Ye Lai Xiang “Tuberose Aroma”","Garden Direct Organic Oolong Tea","/product/image/medium/oylaixdcoda100-rp_phoenixdancongyelaxiangtuberosearoma-looseleaf-sana.jpg","$48.00","Origin: Gaoyuan Village, Fenghuang Mountain, China
Cultivar: Ye La Xiang 夜来香 “Tuberose Aroma”
Harvest: April 2020
Elevation: 500-600 meters

Phoenix Dancong is a special style of oolong tea produced in Fenghuang “Phoenix” Mountain, a coastal region celebrated for its mineral-rich soils, foggy climate and rocky landscape. The region is home to diverse cultivars developed through generations of selective cultivation. Many are named after their xiang or “aroma.” It is said the Dancong tea trees mimic the aromas of various flowers and fruits, like Tuberose, Honey & Orchids, Peach or Pomelo while others are named from farmer tales. The trees from these gardens are over a decade old and are slightly lower elevation than other farms in this region. This 2020 selection is one of our premiere Organic Dancong offerings, which opens with Tuberose, jasmine, and muscat grape.","Organic oolong tea","Tuberose, jasmine, and muscat grape","null","null","Gaoyuan Village, Fenghuang Mountain, China","Organic Phoenix Dancong Ye Lai Xiang “Tuberose Aroma”","https://rishi-tea.com/garden-direct-seasonal-tea/organic-phoenix-dancong-ye-lai-xiang-tuberose-aroma-garden-direct-2020?returnurl=%2foolong-tea-organic-loose-leaf%2f%3fcount%3d18"
"1636391359-462","https://rishi-tea.com/oolong-tea-organic-loose-leaf/?count=18","Whisky Barrel Aged Gui Fei Oolong","Garden Direct Oolong Tea","/product/image/medium/gfbat100-rp_guifeibarrelagedtea_looseleaf_sana.jpg","$45.00","Origin:  Lugu, Taiwan
Cultivar: 金萱 Jin Xuan “Golden Lily”
Elevation:  600m
Harvest: Late Spring 2020

Our Garden Direct whisky barrel aged teas are a unique expression of Rishi’s core values: Selector, Importer and Maker. We chose two teas for this inventive project: Ruby Oolong and Gui Fei Oolong. After the late spring harvest (before monsoon rains) and traditional processing, we sent them to our close partners in the high mountain Honyama region of Okouchi  to begin the whisky barrel aging process.

Gui Fei is a ball-shaped oolong analog of Bai Hao Oolong featuring “tea leaf hopper bug” bitten leaves that wither and oxidize on the tea bush before harvest. The leaf hopper bitten leaves develop a deep muscatel, honey, wintergreen and fruity-floral taste profile that can only be found in tea gardens attacked by these little bugs. The combination of barrel aging and the style of tea result in unique and brilliant flavors highlighted by the flavors of peat with a long-lasting sweetness touched by vanilla. With each infusion the whisky flavor mellows and rounds, allowing for subtler fruity and floral notes to emerge.","Barrel aged oolong tea","Light heat, floral aromas with fruity tastes including a touch of Muscatel, mango and vanilla","null","null","Lu Gu, Zhu Shan, Taiwan","Whisky Barrel Aged Gui Fei Oolong","https://rishi-tea.com/garden-direct-seasonal-tea/whisky-barrel-aged-gui-fei-oolong-2021?returnurl=%2foolong-tea-organic-loose-leaf%2f%3fcount%3d18"
"1636391392-471","https://rishi-tea.com/oolong-tea-organic-loose-leaf/?count=18","Iron Goddess of Mercy Premium Roast","Garden Direct Oolong Tea","/product/image/medium/dbjo100-rp_1060-iron-goddess-of-mercy-premium-roast-sana.jpg","$44.00","Origin: Nantou, Taiwan
Cultivar: Cui Yu 翠玉“Jade”
Harvest: September 10, 2021
Elevation: 500m

This Premium Iron Goddess of Mercy or Tieguanyin is crafted from the Cui Yu, “Jade,” cultivar. Handpicked tea leaves were harvested from an ecologically managed old growth garden in central Taiwan. This tea goes through a process of medium oxidation, ball-roll shaping and moderate initial roasting to create the base tea. Then after some weeks of resting the batch an artistic and old school baking regimen that takes several more weeks is employed to complete the tea. This baking brings out a sort of “caramelized” sweetness and creamy aroma due to the Maillard reaction—the same transformation that occurs in baking bread, roasting sweet potatoes or roasting coffee. Oolong tea artisans produce baked teas that range from blonde light roasts to medium and deeper roasts. This tea is deeply baked in the Nong Xiang, or “deep fragrance” style. Be sure to rinse the tea to warm up the tea leaves and smooth out the flavor a bit before commencing your Gongfu Cha brewing series of multiple infusions.","Oolong tea","Black Sugar, Cream, Waffle, Classic oolong","null","null","Mingjian Village, Taiwan","Iron Goddess of Mercy Premium Roast","https://rishi-tea.com/garden-direct-seasonal-tea/iron-goddess-of-mercy-premium-roast?returnurl=%2foolong-tea-organic-loose-leaf%2f%3fcount%3d18"
"1636391355-461","https://rishi-tea.com/oolong-tea-organic-loose-leaf/?count=18","Whisky Barrel Aged Ruby Oolong","Garden Direct Oolong Tea","/product/image/medium/robat100-rp_rubyoolongbarrelagedtea_looseleaf_sana.jpg","$32.00","Origin: Doi Mae Salong, Thailand
Cultivar: Ruan Zhi
Elevation: 1800m
Harvest: Spring 2020

Our Garden Direct whisky barrel aged teas are a unique expression of Rishi’s core values: Selector, Importer and Maker. We chose two teas for this inventive project: Ruby Oolong and Gui Fei Oolong. After the spring harvest and traditional processing, we sent them to our close partners in the high mountain Honyama region of Okouchi  to begin the whisky barrel aging process.

Ruby Oolong is a special type of oolong tea produced in the Doi Mae Salong mountainous region in northern Thailand and is a full-bodied oolong tea, deeply oxidized and slowly baked to bring out complex layers of tasting notes including a silken mouthfeel and notes of cacao, raisins and black cherry. Thailand has beautiful soil, which is rich and loamy, providing ample nutrients exclusive to this region.

The combination of barrel aging and the style of tea result in unique and brilliant flavors highlighted by the flavors of peat with a long-lasting sweetness touched by vanilla. With each infusion the whisky flavor mellows and rounds, allowing for the quintessential cacao and black cherry nuance to emerge.","Barrel aged oolong tea","Lingering whisky heat, crème de cacao, dark cherry and baking chocolate","null","null","Doi Mae Salong, Thailand","Whisky Barrel Aged Ruby Oolong","https://rishi-tea.com/garden-direct-seasonal-tea/whisky-barrel-aged-ruby-oolong-2021?returnurl=%2foolong-tea-organic-loose-leaf%2f%3fcount%3d18"
"1636391370-465","https://rishi-tea.com/oolong-tea-organic-loose-leaf/?count=18","Ruby Oolong Special Vintage 2014","Garden Direct Organic Oolong Tea","/product/image/medium/oroqx14100-rp_rubyoolongvintage-looseleaf-sana.png","$20.00","Origin: Doi Mae Salong, Thailand
Cultivar: Qingxing
Elevation: 1,250m
Harvest: Spring 2014

Ruby Oolong is a special type of oolong tea produced in the Doi Mae Salong mountainous region in northern Thailand and is a full-bodied oolong tea, deeply oxidized and slowly baked to bring out complex layers of tasting notes. Thailand has beautiful soil, which is rich and loamy, providing ample nutrients unique to this region. One can truly experience the distinctive terroir of the picturesque Doi Mae Salong region of northern Thailand through tea. This is a truly spectacular micro-lot of Ruby Oolong, with a silken mouthfeel and notes of dark cherry, aged balsamic, ruby port, and dark chocolate.","Organic oolong tea","Silken mouthfeel and notes of dark cherry, aged balsamic, ruby port, and dark chocolate","null","null","Doi Mae Salong, Thailand","Ruby Oolong Special Vintage 2014","https://rishi-tea.com/ruby-oolong-special-vintage-2014?returnurl=%2foolong-tea-organic-loose-leaf%2f%3fcount%3d18"
"1636391366-464","https://rishi-tea.com/oolong-tea-organic-loose-leaf/?count=18","Shan Lin Xi Spring Harvest","Garden Direct Oolong Tea","/product/image/medium/slxgsc1sp21100-rp_shanlinxispringharvest-looseleaftea-sana.png","$44.00","Origin: Shan Lin Xi, Taiwan
Cultivar: Qingxin
Elevation: 1,800m
Harvest: May 1-6, 2021

 Taiwan is a celebrated origin of highly-specialized teas. Tea gardens above 1,000 masl are designated as Gao Shan Cha, directly translating as “High Mountain Tea.” Tea from these elevations are extremely precious, and the best lots are produced in the winter and spring harvests. Another notable taste found in superior Gao Shan Cha is Dan Bai Wei—“egg white’s aroma,” referencing the richness of amino acids and creamy mouthfeel. In the West, this essence is perceived as buttery or even umami. The flavors are densely packed due to the influx of nutrients from the plants coming out of their winter hibernation. The spring teas have overall strength, richness and balance. 

This year’s spring harvest reveals a really fantastic and floral taste, balanced by classic umami. This lot from Shan Lin Xi is very strong performing spring tea selection.","Oolong tea","Lilac, Dan Bai Wei, freesia blossoms","null","null","Shan Lin Xi, Taiwan","Shan Lin Xi Spring Harvest","https://rishi-tea.com/garden-direct-seasonal-tea/shan-lin-xi-spring-harvest-2021?returnurl=%2foolong-tea-organic-loose-leaf%2f%3fcount%3d18"
"1636391347-459","https://rishi-tea.com/oolong-tea-organic-loose-leaf/?count=18","Yunnan Dong Fang Hong","Garden Direct Organic Oolong Tea","/product/image/medium/ohmb100-rp_yunnandongfanghong-looseleaftea-sana.jpg","$28.00","Origin: Wa Shan, Cangyuan county, Yunnan province, China
Cultivar: 金萱 Jin Xuan “Golden Lily”
Elevation: 1600m-1820m
Harvest: March 27- April 11th, 2021

Dong Fang Hong, ""Eastern Beauty Red,"" is a newer style of tea that combines oolong and red tea processing methods. The tea leaves of Dong Fang Hong are tumbled and shaken in the yaoqing which is a bamboo cylinder used to mix and bruise the leaves. This encourages specialized oxidation creating multi-faceted aromas and flavors of fruits and florals. The tea is reminiscent of a Second Flush Darjeeling muscatel with nuances of Eastern Beauty oolong from Taiwan, while at the same time showing off a presentation of flavors that is totally new.

Over the past three years we have witnessed the trend of Eastern Beauty oolong processing tactics pushed to the black tea levels of oxidation that mark a new trend amongst South-Eastern Asia, Taiwanese and Yunnan producers. We chose a few this year to share with our discerning and tea-curious drinkers.","Organic oolong tea","Violet, ripe lychee, Natal plum flowers, nectarine, complex tannin and elegance","null","null","Wa Shan, Cangyuan county, Yunnan province, China","Yunnan Dong Fang Hong","https://rishi-tea.com/yunnan-dong-fang-hong-2021?returnurl=%2foolong-tea-organic-loose-leaf%2f%3fcount%3d18"
"1636391396-472","https://rishi-tea.com/oolong-tea-organic-loose-leaf/?count=18","Iron Goddess of Mercy (Tieguanyin)","Oolong Tea","/product/image/medium/igom-sana_iron-goddess-of-mercy-loose-leaf-tieguanyin-oolong-tea_1.jpg","$18.00","Our Iron Goddess of Mercy is hand-crafted twice each year, in spring and winter, by a fourth generation artisan oolong teamaker in Mingjian Village in Taiwan's central Nantou county. Our Iron Goddess of Mercy is made from Wuyi and Qingxin oolong tea cultivars and is crafted in the traditional style, with medium oxidation and moderate roasting through a controlled baking by electric brazier. This carefully managed process creates a smooth palate that exudes aromas of roasted buckwheat with a subtle note of dried apricot. Also known by the name Tie Guanyin, Iron Goddess of Mercy is said to have been discovered by an elder farmer named Wei who lived in Anxi county, Fujian province. Wei was a poor, but pious man who hiked the long trail to tidy up the dilapidated village temple every week. The merciful bodhisattva Guanyin visited Wei in his dream, telling him to check behind the temple for a gift in honor of his dedication. Wei awoke the next day and hiked to the temple, finding a tea tree growing behind. He cultivated the tea plant and found it made a most fragrant infusion. He shared the seeds with his friends and to this day, the Tie Guanyin cultivar is said to have derived from this legendary lineage.","null","null","null","null","Mingjian Village, Taiwan","Iron Goddess of Mercy (Tieguanyin)","https://rishi-tea.com/oolong-tea-organic-loose-leaf/iron-goddess-of-mercy-tieguanyin?returnurl=%2foolong-tea-organic-loose-leaf%2f%3fcount%3d18"
"1636391400-473","https://rishi-tea.com/oolong-tea-organic-loose-leaf/?count=18","Gui Fei Oolong","Garden Direct Oolong Tea","/product/image/medium/gfo100-rp_1066-gui-fei-sana.jpg","$42.00","Origin: Lugu, Taiwan
Elevation: 800m
Cultivar: 金萱 Jin Xuan “Golden Lily”
Harvest: August 24, 2021

Gui Fei is typically harvested during mid-summer in Lugu, Taiwan from Jin Xuan or Qingxin tea bush cultivars. This lot is crafted from Jin Xuan (Golden Lily), renowned for its versatility and vigor in a variety of growing conditions. The unforgettable aroma and floral, tropical fruity sweetness is a prime characteristic for this type of tea. The term Gui Fei translates to “Royal Concubine,” which refers to the elegant, beautiful yet matured character of the fresh tea leaves selected for this processing.

Gui Fei Cha features thrips or “tealeaf hopper,” bug-bitten leaves that wither on the bush. As is the case of Darjeeling Muscatel or Eastern Beauty teas, the bug bites are a catalyst for uniquely fruity and floral teas. This lot has a medium and multi-colored oxidation level with a complex fruity aroma and an unforgettable nectar taste. The Yaoqing, or bamboo-basket tumbler is used to bruise the leaves before artisan-controlled withering and Dong Ding Oolong type practices are carried out to harnesses and fixate the unique aromas and depth of flavor. These special techniques create a boozy and fermented profile presenting upfront and lasting fruity flavors with floral and honeyed nuance in the later infusions.","Oolong tea","Pear, Osmanthus, Brandy, loquat fruit, jackfruit, Lan Hua Xiang","null","null","Taiwan","Gui Fei Oolong","https://rishi-tea.com/gui-fei-oolong-2021?returnurl=%2foolong-tea-organic-loose-leaf%2f%3fcount%3d18"
"1636391388-470","https://rishi-tea.com/oolong-tea-organic-loose-leaf/?count=18","Li Shan Spring Harvest No. 2","Garden Direct Oolong Tea","/product/image/medium/lsgsc7sp21100-rp_1056-li-shan-spring-harvest-no-2-sana.jpg","$44.00","Origin: Li Shan, Taiwan
Cultivar: Qingxin
Elevation: 1900-2000m
Harvest: May 6, 2021

Taiwan is a celebrated origin of highly-specialized teas. Tea gardens above 1,000 masl are designated as Gao Shan Cha, directly translating to “High Mountain Tea.” Tea from these elevations is extremely precious, and the best lots are produced in the winter and spring harvests. The harvests differ greatly with an abundance of water-based aromas in spring and oil-based aromatics in winter.

This spring harvest is from the Li Shan mountain which translates as “Pear Mountain.” The final light baking captures the freshness and aroma of Li Shan, while the concentrated tropical notes and pervades the air during brewing and translates equally into the cup.","Oolong tea","Stargazer lily, champagne mango","null","null","Li Shan, Taiwan","Li Shan Spring Harvest No. 2","https://rishi-tea.com/garden-direct-seasonal-tea/li-shan-spring-harvest-no-2-2021?returnurl=%2foolong-tea-organic-loose-leaf%2f%3fcount%3d18"
"1636391377-467","https://rishi-tea.com/oolong-tea-organic-loose-leaf/?count=18","Phoenix Dancong Ya Shi “Duck Shit”","Garden Direct Oolong Tea","/content/files/icons/progress-indicator.gif","$56.00","Origin: Wudong Shan, Guangdong, China
Cultivar: Ya Shi 鸭屎 “Duck Shit”
Harvest: Spring 2021
Elevation:  800m

Phoenix Dancong is a special style of oolong tea produced in Fenghuang “Phoenix” Mountain, a coastal region celebrated for its mineral-rich soils, foggy climate and rocky landscape. The region is home to diverse cultivars developed through generations of selective cultivation. Many are named after a xiang or “aroma” type. It is said these tea trees mimic the aromas of various flowers and fruits, like Tuberose, Honey & Orchids, or Almond while others are named from farmer tales. Legend says that when some farmers planted a new tea garden in Wudong Shan, they named the garden Ya Shi or “Duck Shit” to prevent others from stealing their amazing aromatic tea genetics.","Oolong tea","Classic Lan Hua Xiang with notes of cotton candy, magnolia, rare orchids, jasmine and Muscat grapes","null","null","Wudong Shan, Guangdong, China","Phoenix Dancong Ya Shi “Duck Shit”","https://rishi-tea.com/phoenix-dancong-ya-shi-duck-shit-2021?returnurl=%2foolong-tea-organic-loose-leaf%2f%3fcount%3d18"
"1636391363-463","https://rishi-tea.com/oolong-tea-organic-loose-leaf/?count=18","Tropical Coconut","Oolong Tea Blend","/product/image/medium/tcocoo-sana_tropical-coconut-loose-leaf-oolong-tea-blend.jpg","$52.00","Tropical Coconut combines floral and delicately sweet Bao Zhong oolong tea with real juicy pineapple and creamy coconut. With its enticing tropical aroma, this tea is sure to turn tea novices on to the wonders of oolong tea.","Oolong tea, organic pineapple, organic coconut flakes, natural coconut flavor","A rejuvenating blend of flowery oolong tea paired with refreshing, creamy coconut.","3 minutes","Caffeine
    
        
            
                
                    
                        
                            
                            
                        
                        None
                    
                
                
                    
                        
                            
                            
                        
                        Low
                    
                
            
            
                
                    
                        
                            
                            
                        
                        Medium
                    
                
                
                    
                        
                            
                            
                        
                        High","Rishi Herb Lab","Tropical Coconut","https://rishi-tea.com/oolong-tea-organic-loose-leaf/tropical-coconut?returnurl=%2foolong-tea-organic-loose-leaf%2f%3fcount%3d18"
"1636391411-476","https://rishi-tea.com/oolong-tea-organic-loose-leaf/?count=18","Bao Zhong","Oolong Tea","/product/image/medium/bz-sana_bao-zhong-loose-leaf-pouchong-oolong-tea.jpg","$52.00","Bao Zhong is a lightly oxidized oolong tea from Taiwan that is harvested twice per year, with a spring crop in April and a winter harvest in December. Our Bao Zhong is made from the famous Qingxin tea cultivar, which presents a delicate palate with aromas of lilac and orchid when lightly oxidized. This classic style of tea is processed with an oxidation level of less than 20% to preserve these ethereal, high floral aromas. The name Bao Zhong was originally a trade name used to describe any style of tea from Fujian or Taiwan that was wrapped by hand in paper sheets and sold by 150g net weight and is alternatively spelled as Pouchong in the tea trade.","Oolong tea","A delicate palate with aromas of lilac and orchid","3 minutes","Caffeine
    
        
            
                
                    
                        
                            
                            
                        
                        None
                    
                
                
                    
                        
                            
                            
                        
                        Low
                    
                
            
            
                
                    
                        
                            
                            
                        
                        Medium
                    
                
                
                    
                        
                            
                            
                        
                        High","Mingjian Village, Taiwan","Bao Zhong","https://rishi-tea.com/oolong-tea-organic-loose-leaf/bao-zhong?returnurl=%2foolong-tea-organic-loose-leaf%2f%3fcount%3d18"
