﻿web-scraper-order,web-scraper-start-url,Name,Type,Image-src,Price,Description,Ingredients,Flavor,Steeping,Caffeine,Origin,Link,Link-href
"1636391556-480","https://rishi-tea.com/white-tea-organic-loose-leaf/?count=14","White Tea Rose Melange","Organic White Tea Blend","/product/image/medium/owtrm-sana_white-tea-rose-melange-organic-loose-leaf-white-tea-blend.jpg","$55.00","This white tea blend features a base of White Peony and presents a fresh floral bouquet with a bright minty finish. With the addition of comforting elements like lavender and jasmine scented green tea, we created a sophisticated take on the traditional Chinese tea pairing of roses and white tea. Experience the masterful balance of this blend with its cheerful taste and aroma.","Organic rose petals, organic green tea with jasmine, organic white tea, organic peppermint, organic lavender flowers","Floral with a fresh minty finish","4 minutes","Caffeine
    
        
            
                
                    
                        
                            
                            
                        
                        None
                    
                
                
                    
                        
                            
                            
                        
                        Low
                    
                
            
            
                
                    
                        
                            
                            
                        
                        Medium
                    
                
                
                    
                        
                            
                            
                        
                        High","Rishi Herb Lab","White Tea Rose Melange","https://rishi-tea.com/white-tea-organic-loose-leaf/white-tea-rose-melange?returnurl=%2fwhite-tea-organic-loose-leaf%2f%3fcount%3d14"
"1636391581-488","https://rishi-tea.com/white-tea-organic-loose-leaf/?count=14","Ha Giang Fairy Tea","Garden Direct White Tea","/product/image/medium/ft100-rp_fariytea-loose-leaf-sana.jpg","$64.00","Origin:  Hoang Su Phi district, Ha Giang province, Northern Vietnam
Cultivar:  Ha Giang Ancient Trees
Elevation: 2,000m
Harvest: February 2021

This high mountain micro-lot is made from purely wild buds harvested from ancient Snow Shan tea trees in Northern Vietnam by the Dao Ethnic people during early spring. These ancient trees of Ha Giang Province are highly revered in Vietnam and China for the complexity of their tannin structure and richness of flavor. This tea was processed minimally, revealing beautiful aromas of magnolia, fresh honeysuckles, ripe nectarine, and apricot preserves. These uniquely shaped, wild buds are hand-plucked from tea trees that are over 400 years old. They resemble young magnolia buds and are cloaked in layers of pink, purple, scarlet and grey-ish colored leaves. People in the region often call this type of tea “fairy tea” because in order to harvest the buds from the large mossy, lichen coated trees, the harvesters look like woodland fairies levitating in the misty treetops. When brewing, note the lovely light hue of the liquor brewed from the frosted buds.","White tea","Magnolia, fresh honeysuckles, ripe nectarine, apricot preserve","null","null","Hoang Su Phi district, Ha Giang province, Northern Vietnam","Ha Giang Fairy Tea","https://rishi-tea.com/garden-direct-seasonal-tea/ha-giang-fairy-tea-white-tea?returnurl=%2fwhite-tea-organic-loose-leaf%2f%3fcount%3d14"
"1636391565-483","https://rishi-tea.com/white-tea-organic-loose-leaf/?count=14","White Crescent","Garden Direct Organic White Tea","/product/image/medium/owc100-rp_microsoftteams-image%20%2814%29.png","$32.00","Origin: Lincang, Yunnan Province, China
Cultivar: Xiang Gui Yin Hao
Elevation: 1800m
Harvest: March 23rd, 2021

White Crescent is the name we have selected for this special micro-lot of Silver Needles style tea using the Xiang Gui Yin Hao cultivar. Silver Needles is a venerated style of tea regarded for its delicate appearance and elegant, sweet character. Consisting of pure, individually plucked buds harvested in early spring, the buds are thickly coated in a downy coat of tender trichomes. The savory yet sweet character is due to the highly concentrated amino acids and influx of other nutrients that were stored in the plant’s roots during the cold winter. The distinctive crescent shape and taste of the buds makes this 2021 selection of single cultivar Xiang Gui Yin Hao White Crescent a premium experience for white tea fanatics.","Organic white tea","Savory, sweet, corn silk, caramelized baked sweet potato, floral honey","null","null","Lincang Prefecture, Yunnan Province, China","White Crescent","https://rishi-tea.com/garden-direct-seasonal-tea/white-crescent-2021?returnurl=%2fwhite-tea-organic-loose-leaf%2f%3fcount%3d14"
"1636391583-489","https://rishi-tea.com/white-tea-organic-loose-leaf/?count=14","Fuding Silver Needles Vintage 2021","Garden Direct Organic White Tea","/product/image/medium/ofsnp2150-rp_fudingsilverneedlesvintage2021-looseleaf-sana.jpeg","$55.00","Origin: Fuding, Fujian Province, China
Cultivar: Fuding Da Hao
Elevation: 500 - 700m
Harvest: March 28th, 2021

Fuding Silver Needles is a heritage white tea from the coastal town of Fuding, a famous white tea producing region situated on mist-enshrouded mountainsides that overlook an estuary leading out to the sea. The savory quality in the white teas grown here is attributed to the maritime air and oceanic mineral soils rich in basalt. This special batch was harvested during the Mingqian period in early spring, the most prized harvest of the year made from the first tea buds that sprout in the new season. These big buds have a silvery-white down coating of sweet trichomes and are known to be highly stimulating and energetic. The concentration of amino acids, stimulating caffeine and other nutrients that were stored in the plant’s roots during winter are at their peak during this first flush Mingqian harvest season. The result is a sublime and elegant balance of savory umami and floral sweetness.","Organic white tea","Orchid, maple sap, cotton candy, savory and sweet herbaceous essence","null","null","Fuding town, Fujian province, China","Fuding Silver Needles Vintage 2021","https://rishi-tea.com/garden-direct-seasonal-tea/fuding-silver-needles-vintage-2021?returnurl=%2fwhite-tea-organic-loose-leaf%2f%3fcount%3d14"
"1636391553-479","https://rishi-tea.com/white-tea-organic-loose-leaf/?count=14","Wild Silver Needles","Garden Direct White Tea","/product/image/medium/wsn50-rp_wildsilverneedles-looseleaftea-sana.jpg","$30.00","Origin: Qianjiazhai village, Yunnan Province, China
Elevation: 2,100m
Cultivar: Qianjiazhai Wild Tea Trees
Harvest: March 2021

Only 15kg of this extraordinarily rare micro-lot were produced this year and was harvested from the ancient tea forest in Qianjiazhai village, a region famous for its Pu'er teas. Some of the oldest known tea trees in the world are found in the lush forests of Qianjiazhai, many over one thousand years old. This tea was processed minimally, just like Silver Needles, revealing beautiful notes of red rose, honeydew melon, wildflower honey and white grape notes with aromas of magnolia. The precious buds are cloaked in layers of tea leaf. This effect, called yabao or ""shielding the bud"" occurs in late winter or early spring, especially on elder tea trees. Red pigments can sometimes develop on the leaves of old tea trees as a secondary plant defense mechanism.","White tea","red rose, honeydew melon, wildflower honey and white grape notes with aromas of magnolia","null","null","Qianjiazhai village, Yunnan Province, China","Wild Silver Needles","https://rishi-tea.com/mingqian-spring-harvest/wild-silver-needles-2021?returnurl=%2fwhite-tea-organic-loose-leaf%2f%3fcount%3d14"
"1636391572-485","https://rishi-tea.com/white-tea-organic-loose-leaf/?count=14","Peach Blossom","Organic White Tea Blend","/product/image/medium/opbl-sana_peach-blossom-organic-loose-leaf-white-tea-blend.jpg","$17.00","Our most popular white tea blend highlights the natural peachy character of White Peony with the essence of succulent peaches. This tea's juicy peach notes are enhanced with hints of quince and zesty tangerine. With its abundantly fruity flavor, Peach Blossom is an approachable introduction to the category of white tea, offering a sweet flavor that is welcome any time of year.","Organic white tea, organic quince, natural peach flavor, organic peaches, organic essential orange oil, essential tangerine oil","White tea infused with juicy peach, tangerine and aromatic blossoms","4 minutes","Caffeine
    
        
            
                
                    
                        
                            
                            
                        
                        None
                    
                
                
                    
                        
                            
                            
                        
                        Low
                    
                
            
            
                
                    
                        
                            
                            
                        
                        Medium
                    
                
                
                    
                        
                            
                            
                        
                        High","Rishi Herb Lab","Peach Blossom","https://rishi-tea.com/white-tea-organic-loose-leaf/peach-blossom?returnurl=%2fwhite-tea-organic-loose-leaf%2f%3fcount%3d14"
"1636391551-478","https://rishi-tea.com/white-tea-organic-loose-leaf/?count=14","Yunnan Silver Needles Cultivar Blend","Garden Direct Organic White Tea","/product/image/medium/omsn50-rp_silverneedlescultivarblend-looseleaf-sana.png","$32.00","Origin: Jinggu County, Yunnan Province, China
Cultivar: Changye Bai Hao, Jinggu Da Bai, Xue Ya #100, Da Huang Ya
Harvest: March 25-30, 2021
Elevation: 1,400m

This micro-batch of Silver Needles was grown and produced in China’s Yunnan province. White tea is not traditional to this region and has only been made here in recent decades. Just like Silver Needles from the heritage origin of Fuding, this tea is comprised of pure, individually plucked tea buds harvested during the famous Mingqian period in early spring. The unique cultivars in this blend offer a range of amino acid, polyphenol and aromatic complexities that are not found in the average tea garden. The older roots provide ample nourishment to the plants and yield a complex fruity and nectar-like flavor profile not found in traditional Fuding Silver Needles, which emphasizes a savory, umami taste.","Organic white tea","complex fruitiness and tropical flowers with notes of honey corn silk, rose and melon","null","null","Jinggu County, Yunnan province, China","Yunnan Silver Needles Cultivar Blend","https://rishi-tea.com/mingqian-spring-harvest/yunnan-silver-needles-cultivar-blend-2021?returnurl=%2fwhite-tea-organic-loose-leaf%2f%3fcount%3d14"
"1636391575-486","https://rishi-tea.com/white-tea-organic-loose-leaf/?count=14","Himalayan White J3B","Garden Direct Organic White Tea","/product/image/medium/ohimwj3b2150-rp_himalayanwhitej3b-looseleaf-sana.png","$50.00","Origin: Ramché, Bokré & Nigalé Divisions, Jun Chiyabari, Hile, Nepal
Cultivar: Mixed clonal  
Elevation: 1850m
Harvest: March 24, 2021

Jun Chiyabari is located in Hile, a region nestled in the Himalayas in eastern Nepal, due south of Mt. Everest with stunning views of Kangchenjunga. Himalayan White is one of the first harvests of the year from the Ramché, Bokré & Nigalé Division. This style of tea follows a processing method very similar to White Peony (Bai Mu Dan), a popular style of white tea made of young tea leaves and silvery unopened leaf buds, also known as two leaves and a bud. The tea is skillfully withered for a long period of time both indoors and outdoors, at room temperature and with cooler air, then lightly dried in an oven. When stored properly, this tea will age beautifully, and features tasting notes of white peach, lily, fresh cassia, deep umami, lively, complex structure and quenching presence.","Organic white tea","White peach, lily, fresh cassia, deep umami, lively, complex structure and quenching presence","null","null","Jun Chiyabari Tea Garden, Hile, Nepal","Himalayan White J3B","https://rishi-tea.com/garden-direct-seasonal-tea/himalayan-white-lot-j3b-2021?returnurl=%2fwhite-tea-organic-loose-leaf%2f%3fcount%3d14"
"1636391586-490","https://rishi-tea.com/white-tea-organic-loose-leaf/?count=14","Fuding Silver Needles Vintage 2018","Garden Direct Organic White Tea","/product/image/medium/ofsnp1850-rp_fudingsilverneedles-looseleaf-sana.jpg","$53.00","Origin: Fuding town, Fujian province, China
Cultivar: Fuding Da Hao
Elevation: 500 - 700m
Harvest: March 28th, 2018

Fuding Silver Needles is a heritage white tea from the coastal town of Fuding, a famous white tea producing region situated on mist-enshrouded mountainsides that overlook an estuary leading out to the sea. The maritime air and oceanic mineral soils rich in basalt are said to lend a savory quality to the white teas grown here. This special batch was harvested during the Mingqian period in early spring, the most prized harvest of the year made from the first tea buds that sprout in the new season.

These Mingqian buds are thickly coated in a downy white coat of sweet trichomes and are highly concentrated in amino acids and other nutrients that were stored in the plant’s roots during winter. The result is a sublime and elegant balance of savory umami and floral sweetness with hints of wheatgrass, orchid, and maple sap. High-class white teas like these also have the potential to age gracefully, such as this limited 2018 Vintage.","Organic white tea","Wheatgrass, orchid, maple sap","null","null","Fuding town, Fujian province, China","Fuding Silver Needles Vintage 2018","https://rishi-tea.com/garden-direct-seasonal-tea/organic-fuding-silver-needles-vintage-2018?returnurl=%2fwhite-tea-organic-loose-leaf%2f%3fcount%3d14"
"1636391559-481","https://rishi-tea.com/white-tea-organic-loose-leaf/?count=14","White Peony King","Garden Direct Organic White Tea","/product/image/medium/ommdw50-rp_whitepeonyking-looseleaf-sana.png","$30.00","Origin: Fuding, Fujian Province, China
Cultivar: Fuding Da Hao “Big Hair” & Fuding Da Bai “Big White”
Elevation: 500-700m
Harvest: April 1-5, 2021

White Peony King, or Bai Mu Dan Wang, is the grand cru of White Peony tea. From the middle of March through the first week of April the tea producers who farm the gardens in the hills above Fuding in Fujian province keenly monitor the weather. The prime buds of tea leaf must be harvested during brief windows of sunshine amid the generally foggy coastal air. The earliest plucks are taken literally in the first few days and are reserved for Fuding Silver Needles and White Peony King. This special batch was harvested during the Mingqian period in early spring, the most prized harvest of the year. In this vintage of White Peony King, observe a delicate golden infusion with a silky, umami rich body with aromas of wildflowers.","Organic white tea","Peach blossom, magnolia, wild honey, spring herbs and aromas of fresh cassia","null","null","Fuding town, Fujian province, China","White Peony King","https://rishi-tea.com/garden-direct-seasonal-tea/white-peony-king-2021?returnurl=%2fwhite-tea-organic-loose-leaf%2f%3fcount%3d14"
"1636391578-487","https://rishi-tea.com/white-tea-organic-loose-leaf/?count=14","Himalayan White J11A","Garden Direct Organic White Tea","/product/image/medium/ohimwj11a2150-rp_himalayanwhitej11a-looseleaf-sana.png","$44.00","Origin: Ramché & Bokré Divisions, Jun Chiyabari, Hile, Nepal
Cultivar: Mixed clonal
Elevation: 1850m
Harvest: April 5, 2021

Jun Chiyabari is located in Hile, a region nestled in the Himalayas in eastern Nepal, due south of Mt. Everest with stunning views of Kangchenjunga. Himalayan White is one of the first harvests of the year from the Ramché & Bokré Divisions. This style of tea follows a processing method very similar to White Peony (Bai Mu Dan), a popular style of white tea made of young tea leaves and silvery unopened leaf buds, also known as two leaves and a bud. The tea is skillfully withered for a long period of time both indoors and outdoors, at room temperature and with cooler air, then lightly dried in an oven. When stored properly, this tea will age beautifully, and features fresh floral bouquet of iris and orchids, hint of ripe peach with a brisk and elegant tannin structure. This tea has the perfect example of the right strike of baking and fixed rosy that keeps the floral and sweetness.","Organic white tea","Fresh floral bouquet of iris and orchids, hint of ripe peach with a brisk and elegant tannin structure","null","null","Jun Chiyabari Tea Garden, Hile, Nepal","Himalayan White J11A","https://rishi-tea.com/garden-direct-seasonal-tea/himalayan-white-lot-j11a-2021?returnurl=%2fwhite-tea-organic-loose-leaf%2f%3fcount%3d14"
"1636391562-482","https://rishi-tea.com/white-tea-organic-loose-leaf/?count=14","White Peony","Organic White Tea","/product/image/medium/owp-sana_white-peony-organic-loose-leaf-bai-mu-dan-chinese-white-tea.jpg","$39.00","White Peony, also known by the traditional name Bai Mu Dan, is a popular style of white tea made of young tea leaves and silvery unopened leaf buds. Our White Peony comes from Zhenghe town in Fujian Province, the original birthplace of white tea centuries ago. Distinguished by being plucked in ""budsets"" of one or two leaves and a bud, this tea has a sophisticated mouthfeel with a slightly stronger body than Silver Needles. A gentle and slow air-dry withering process results in a brilliant amber infusion with a honey-like viscosity and mild flavor that pairs well with food.","Organic white tea","Pure white tea with mellow-sweet notes of fresh hay and accents of honey and nectar","4 minutes","Caffeine
    
        
            
                
                    
                        
                            
                            
                        
                        None
                    
                
                
                    
                        
                            
                            
                        
                        Low
                    
                
            
            
                
                    
                        
                            
                            
                        
                        Medium
                    
                
                
                    
                        
                            
                            
                        
                        High","Fujian, China","White Peony","https://rishi-tea.com/white-tea-organic-loose-leaf/white-peony?returnurl=%2fwhite-tea-organic-loose-leaf%2f%3fcount%3d14"
"1636391548-477","https://rishi-tea.com/white-tea-organic-loose-leaf/?count=14","Yunnan Silver Needles Single Cultivar Da Huang Ya","Garden Direct Organic White Tea","/product/image/medium/omydhysn50-rp_silverneedlesdahuangya-looseleaf-sana.png","$30.00","Origin: Jinggu county, Yunnan province, China
Cultivar: Da Huang Ya “Big Yellow Bud”
Elevation: 1,400m
Harvest:  March 25-30, 2021

This tea is from the rare single-cultivar Da Huang Ya, or “Big Yellow Buds,” grown in Jinggu county, Yunnan. Several years ago we worked with partners to graft the Da Huang Ya cultivar onto older existing rootstock, a technique used in wine cultivation. We’ve been thrilled to see the successful results as the plants spring back with renewed vigor. Da Huang Ya yields large, plump buds that provide a long-lasting sweetness with a unique amino acid profile, creating a nuanced savory character. The infusion is imbued with the most radiant yellow-gold tints. This year’s vintage has subtly sweet notes of floral nectar, honey and wildflowers.","Organic white tea","floral nectar, honey, wildflowers","null","null","Jinggu County, Yunnan province, China","Yunnan Silver Needles Single Cultivar Da Huang Ya","https://rishi-tea.com/garden-direct-seasonal-tea/yunnan-silver-needles-single-cultivar-da-huang-ya-2021?returnurl=%2fwhite-tea-organic-loose-leaf%2f%3fcount%3d14"
"1636391569-484","https://rishi-tea.com/white-tea-organic-loose-leaf/?count=14","Silver Needles","Organic White Tea","/product/image/medium/osnp-sana_silver-needles-organic-loose-leaf-bai-hao-yin-zhen-chinese-white-tea.jpg","$66.00","Widely esteemed for its delicate appearance, elegant sweetness and noble character, Silver Needles tea is comprised of pure, individually plucked tea buds harvested only in the early springtime. Our Silver Needles is unique in that it is sourced from Menghai and Mengku broad leaf varietal ancient tea tree groves in the remote, mountainous Yunnan Province of China. Like old grape vines, ancient tea trees yield complexities not found in other tea cultivars. This tea's sweet, nectar-like flavor and fruity aroma are examples of that varietal expression. Silver Needles is exceedingly rare and beloved by tea connoisseurs.","Organic white tea","Reserve white tea with a sublime, sweet flavor and rich, savory finish","4 minutes","Caffeine
    
        
            
                
                    
                        
                            
                            
                        
                        None
                    
                
                
                    
                        
                            
                            
                        
                        Low
                    
                
            
            
                
                    
                        
                            
                            
                        
                        Medium
                    
                
                
                    
                        
                            
                            
                        
                        High","Yunnan, China","Silver Needles","https://rishi-tea.com/white-tea-organic-loose-leaf/silver-needles?returnurl=%2fwhite-tea-organic-loose-leaf%2f%3fcount%3d14"
