﻿web-scraper-order,web-scraper-start-url,Name,Type,Image-src,Price,Description,Ingredients,Flavor,Steeping,Caffeine,Origin,Link,Link-href
"1636391185-444","https://rishi-tea.com/black-tea-organic-loose-leaf/?count=29","Himalayan Tulsi","","/product/image/medium/oht-sana_himalayantulsi-looseleaf-sana.jpg","$17.00","Andean Tulsi and Second Flush Darjeeling tea create a unique dynamic in this special blend.

Tulsi, or as it is nicknamed, the ""Queen of Herbs,"" is one of the cornerstones of the Ayurvedic tradition. Ayurveda, translating from Sanskrit as ""the Science of Life,"" is a healing science originating in India over 5,000 years ago. Ayurveda's main principles promote health through balance--balanced mind, diet, lifestyle and application of herbs. Tulsi is renowned for its calming effect, offering cognitive and memory-enhancing properties.

Set high in the Himalayas, Darjeeling is cherished by connoisseurs for yielding teas of extraordinary aromatic depth with each garden has a signature aroma profile. The second flush is treasured for ripened notes of stone fruits and features a lovely orange-red infusion.

This blend is energized by the tea, structured by tannins, and uplifted by Andean tulsi. The synergistic benefits of l-theanine in tea and Ocimumosides A and B found in tulsi are responsible for the nootropic enhancing effects of the blend.

Learn more about Tulsi - The Queen of Herbs.","null","null","null","null","null","Himalayan Tulsi","https://rishi-tea.com/black-tea-organic-loose-leaf/himalayan-tulsi?returnurl=%2fblack-tea-organic-loose-leaf%2f%3fcount%3d29"
"1636391159-436","https://rishi-tea.com/black-tea-organic-loose-leaf/?count=29","Darjeeling First Flush Tumsong EX3","Garden Direct Organic Black Tea","/product/image/medium/otumffex321100-rp_darjeelingfirstflushtumsongex3-looseleaf-sana.png","$40.00","Origin: Tumsong Garden, Darjeeling, India
Cultivar: Ambari Vegetative 2 & Original China Bush
Elevation: 1500m
Harvest: March 22, 2021

Set high in the Himalayas, Darjeeling is cherished by connoisseurs for yielding teas of extraordinary aromatic depth. The Tumsong estate was planted in 1867 on slopes that face the highest Himalayan ranges and are met with constant cold winds. This weather created by the expansive mountain range causes the tea to grow gradually. This slow development concentrates the leaves with the garden’s signature floral and fruity aromas. The eagerly anticipated First Flush harvest in March-April produces teas with a brilliant golden infusion that captures the essence of spring. This lot from the Tumsong garden is extraordinarily floral with iris, orchid, nectarine and lily of the valley. This tea has an amazing bouquet and presence.","Organic black tea","Extraordinarily floral with iris, orchid, nectarine and lily of the valley","null","null","Tumsong Garden, Darjeeling, India","Darjeeling First Flush Tumsong EX3","https://rishi-tea.com/garden-direct-seasonal-tea/tumsong-darjeeling-first-flush-ex3?returnurl=%2fblack-tea-organic-loose-leaf%2f%3fcount%3d29"
"1636391188-445","https://rishi-tea.com/black-tea-organic-loose-leaf/?count=29","Himalayan Spring J9","Garden Direct Organic Black Tea","/product/image/medium/ohspj92150-rp_himalayanspringj9-looseleaf-sana.png","$30.00","Origin: Ramché, Nigalé, Bokré & Chulachuli Divisions, Jun Chiyabari, Hile, Nepal
Cultivar: Phoobsering 312, Takdah 78, Takdah 668 and Bannockburn 157
Elevation: 1850m
Harvest: April 4, 2021

Jun Chiyabari is located in Hile, a region nestled in the Himalayas in eastern Nepal, due south of Mt. Everest with stunning views of Kangchenjunga. Himalayan Spring is a lightly oxidized black tea, crafted by skillful withering, delicate Britannia rolling, and gentle oven baking. The cool, Springtime temperatures at high elevation in the Himalayas inhibits tea leaf oxidation, so while Himalayan Spring is technically a black tea you will notice the leaves are pear green in color. This style of tea is made only in spring and since 2011 our partners have captured the freshness, new life and youthfulness of the season with well-timed harvests and gentle handling, maximizing the fresh, flowery and fruity characters. Lot J9 possesses fresh florals including a distinct lily of the valley note, Lan Hua and a layered balance of challenging tannin, aroma and umami —a bright and lively Himalayan Spring at its best.","Organic black tea","Fresh florals including a distinct lily of the valley note, Lan Hua and layered balance of challenging tannin, aroma and umami","null","null","null","Himalayan Spring J9","https://rishi-tea.com/garden-direct-seasonal-tea/himalayan-spring-lot-j9-2021?returnurl=%2fblack-tea-organic-loose-leaf%2f%3fcount%3d29"
"1636391154-435","https://rishi-tea.com/black-tea-organic-loose-leaf/?count=29","Vanilla Bean","Organic Black Tea Blend","/product/image/medium/ovb-sana_vanilla-bean-organic-loose-black-tea-blend.jpg","$3.00","Decadent and creamy, this is the ultimate vanilla forward black tea. We blend a malty, smooth-bodied tea from Yunnan with premium vanilla and high quality chopped vanilla bean to create a silky, layered taste experience. Our Vanilla Bean is cured before release for a harmonized and integrated flavor.","Organic black tea, organic vanilla bean, natural vanilla flavor","Rich and malty with a smooth, sweet vanilla finish","4 minutes","Caffeine
    
        
            
                
                    
                        
                            
                            
                        
                        None
                    
                
                
                    
                        
                            
                            
                        
                        Low
                    
                
            
            
                
                    
                        
                            
                            
                        
                        Medium
                    
                
                
                    
                        
                            
                            
                        
                        High","Rishi Herb Lab","Vanilla Bean","https://rishi-tea.com/vanilla-tea-organic-loose-leaf/vanilla-bean?returnurl=%2fblack-tea-organic-loose-leaf%2f%3fcount%3d29"
"1636391211-453","https://rishi-tea.com/black-tea-organic-loose-leaf/?count=29","Darjeeling Second Flush Tumsong EX6","Garden Direct Organic Black Tea","/product/image/medium/otsfex621100-rp_darjeelingsecondflushtumsongex6_looseleaf_sana.png","$40.00","Origin: Garden, Darjeeling, India
Cultivar: China variety & Bannockburn 157
Elevation: 1525 meters
Harvest: June 6, 2021

Set high in the Himalayas, Darjeeling is cherished by connoisseurs for yielding teas of extraordinary aromatic depth. Many of the gardens from which we source our teas were founded in the 19th century. While cultivar selection is a factor, the real complexity of Darjeeling teas is to be explored in the diversity of terrain in the gardens. The range in elevation, the pitch of the slope and the amount of sun exposure lead to distinctive differences in character. Each garden has a signature aroma profile. While the first flush produces greenish-golden teas with a tight structure and floral bouquet, the second flush is treasured for more ripened notes of fruits and features a lovely orange-red infusion. The dried leaves feature both chunky tips and buds. In this lot from the Tumsong in the Golden Valley, we are tasting grape Muscatel, floral notes of iris and aromas of peach.","Organic black tea","grape Muscatel, floral notes of iris and aromas of peach","null","null","Tumsong Garden, Darjeeling, India","Darjeeling Second Flush Tumsong EX6","https://rishi-tea.com/garden-direct-seasonal-tea/darjeeling-second-flush-tumsong-ex6-2021?returnurl=%2fblack-tea-organic-loose-leaf%2f%3fcount%3d29"
"1636391165-438","https://rishi-tea.com/black-tea-organic-loose-leaf/?count=29","Spicy Masala Chai","Organic Chai Tea Blend","/product/image/medium/osmc-sana_spicy-masala-chai-organic-loose-black-tea-blend.jpg","$35.00","Do you love your chai hot and extra spicy? Spicy Masala Chai is designed for you. We added cayenne chili flakes in addition to a double concentration of ginger to deliver a thoroughly warming chai experience. Classic aromatic accents of cloves, cinnamon and cardamom add rich depth.","organic cardamom, organic ginger root, organic cinnamon, organic black tea, organic black pepper, organic cloves, organic chili flakes, essential ginger oil","null","5 minutes","Caffeine
    
        
            
                
                    
                        
                            
                            
                        
                        None
                    
                
                
                    
                        
                            
                            
                        
                        Low
                    
                
            
            
                
                    
                        
                            
                            
                        
                        Medium
                    
                
                
                    
                        
                            
                            
                        
                        High","Rishi Herb Lab","Spicy Masala Chai","https://rishi-tea.com/spicy-masala-chai?returnurl=%2fblack-tea-organic-loose-leaf%2f%3fcount%3d29"
"1636391151-434","https://rishi-tea.com/black-tea-organic-loose-leaf/?count=29","Wild Thai Black","Organic Black Tea","/product/image/medium/otbt-sana_otbt-op.jpg","$32.00","Wild Thai Black is an exciting addition to our collection of single-origin black teas. Hailing from a remote mountainous region in northern Thailand, where the growing conditions are truly wild, this ancient forest tea presents an impressive strength and rich flavor. The complex tannic structure and phenolic density of these old roots tea trees provide a bold body and robust ruby red infusion. With its rich vivacity and robust, malty character, Wild Thai Black offers a far more rustic and adventurous black tea experience than the common (and easily accessed) colonial heritage teas from Assam, Darjeeling, or Ceylon.","Organic black tea","Wild Thai Black has energy and heft with aromatic notes of ripe pit fruits, Bing cherry, hints of graham cracker and a tinge of cassia.","4 to 5 minutes","Caffeine
    
        
            
                
                    
                        
                            
                            
                        
                        None
                    
                
                
                    
                        
                            
                            
                        
                        Low
                    
                
            
            
                
                    
                        
                            
                            
                        
                        Medium
                    
                
                
                    
                        
                            
                            
                        
                        High","Doi Chiang Dao, Thailand","Wild Thai Black","https://rishi-tea.com/black-tea-organic-loose-leaf/wild-thai-black?returnurl=%2fblack-tea-organic-loose-leaf%2f%3fcount%3d29"
"1636391182-443","https://rishi-tea.com/black-tea-organic-loose-leaf/?count=29","Hong Yun #21-GD21","","null","$0.00","null","null","null","null","null","Mingjian Village, Taiwan","Hong Yun #21-GD21","https://rishi-tea.com/hong-yun-11-21-gd21-hyun2150--rp?returnurl=%2fblack-tea-organic-loose-leaf%2f%3fcount%3d29"
"1636391143-431","https://rishi-tea.com/black-tea-organic-loose-leaf/?count=29","Yunnan Purple Buds","Organic Garden Direct Black Tea","/product/image/medium/oypb100-rp_yunnanpurplebuds-looseleaftea-sana.jpg","$28.00","Origin: Wa Shan, Cangyuan County, Yunnan Province, China
Cultivar: 紫娟 Zi Juan “Purple Beauty”
Elevation: 1,850m
Harvest Date: March 27- April 11th, 2021

Yunnan Purple Buds is a black tea made from a rare purple leaf tea cultivar called Zi Juan, or ""Purple Beauty."" Zi Juan produces beautiful reddish-purple leaves that are high in anthocyanins, a family of red and blue antioxidants found in fruits like blueberries, blackcurrants, Concord grapes, and bilberries. In recent years, Zi Juan has become a popular tea in China as a unique source for these healthful pigments. Yunnan Purple Buds is grown in a biodiverse and exceptionally well-managed organic tea garden in Wa Shan, a lush mountainous region of southwestern Yunnan named after the Wa ethnic minority group who calls it home.","Organic black tea","Rare cultivar black tea offering a stimulating energy with aromas of white grape skin and wild rose and lingering hints of violet","null","null","Wa Shan, Cangyuan county, Yunnan province, China","Yunnan Purple Buds","https://rishi-tea.com/yunnan-purple-buds-2021?returnurl=%2fblack-tea-organic-loose-leaf%2f%3fcount%3d29"
"1636391140-430","https://rishi-tea.com/black-tea-organic-loose-leaf/?count=29","Yunnan Sun-dried Purple Tea","Garden Direct Organic Black Tea","/product/image/medium/osdp100-rp_yunnansundriedpurpletea-looseleaf-sana.png","$28.00","Origin: Wa Shan, Cangyuan county, Yunnan province, China
Cultivar:  Zi Juan 紫娟 “Purple Beauty”
Elevation: 1,850m
Harvest: April 1-15, 2021

Yunnan Sun-dried Purple Tea was made from a rare purple leaf tea cultivar called Zi Juan, or ""Purple Beauty."" This microlot was processed like shaiqing—the base of all Pu’er teas. Zi Juan is typically used as a black tea cultivar and produces beautiful reddish-purple leaves that are high in anthocyanins, a family of red and blue hued polyphenols found in fruits like blueberries, blackcurrants, Concord grapes and bilberries. In recent years, Zi Juan has risen in popularity in China as a unique source for these healthful pigments. Our 2021 selection of this special sun-dried lot uses traditional methods which harness the energy of the sun during processing and has a robust body that is bold but smooth with a sweet peppery note and slight aroma of wintergreen, grapes and hops.","Organic sun-dried black tea","Robust body that is bold but smooth with a sweet peppery note and slight aroma of wintergreen","null","null","Wa Shan, Cangyuan county, Yunnan province, China","Yunnan Sun-dried Purple Tea","https://rishi-tea.com/loose-leaf-tea-and-botanicals/yunnan-sun-dried-purple-tea?returnurl=%2fblack-tea-organic-loose-leaf%2f%3fcount%3d29"
"1636391168-439","https://rishi-tea.com/black-tea-organic-loose-leaf/?count=29","Rose-scented Dianhong Black Tea","Garden Direct Black Tea","/product/image/medium/rbtbl100-rp_roseredtea-looseleaf-sana%20%281%29.jpg","$36.00","Luxuriate in the aromas of rose in this premium black tea offering. Our top grade of Yunnan Dianhong black tea is scented with red roses in Yunnan featuring an addition of Moroccan rose petals, blended in-house. The black tea is masterfully processed to achieve a rich auburn color flecked with golden buds, highlighted by the pinkish-red hued petals. The elegant tannin structure of the tea is further uplifted with the intoxicating scent of rose.  
 
Morocco is renowned throughout the world as one of the premiere origins of roses, while Yunnan China, is heralded as the birthplace of tea. This propriety blend is delightful when served straight and divine with milk and sugar or prepared as a milk tea. The combination delivers a sumptuous cup, perfect to gift to a loved one or to yourself.","Organic black tea, organic rose petals","Brisk and malty black tea with lofty rose notes","null","null","Wa Shan, Cangyuan county, Yunnan province, China","Rose-scented Dianhong Black Tea","https://rishi-tea.com/garden-direct-seasonal-tea/rose-scented-dianhong-black-tea?returnurl=%2fblack-tea-organic-loose-leaf%2f%3fcount%3d29"
"1636391190-446","https://rishi-tea.com/black-tea-organic-loose-leaf/?count=29","Golden Yunnan","Organic Dianhong Black Tea","/product/image/medium/oagy-sana_golden-yunnan-organic-loose-leaf-black-tea.jpg","$15.00","Our finest grade of Dianhong black tea, harvested from Mengku heirloom varietal tea trees in China's southwestern Yunnan Province, the birthplace of tea. Masterfully oxidized into an auburn color flecked with golden buds, this black tea has an impressive strength, density and refined finish. Golden Yunnan has a richly textured infusion that offers hints of peppery spice, notes of chocolate and sweet lychee with a deep malty finish. This top-shelf black tea is delightful when served straight, and divine with milk and sugar.","Organic black tea","Malty and rich with a mellow,  jammy sweetness and subtle  accents of plum and raisin","4 minutes","Caffeine
    
        
            
                
                    
                        
                            
                            
                        
                        None
                    
                
                
                    
                        
                            
                            
                        
                        Low
                    
                
            
            
                
                    
                        
                            
                            
                        
                        Medium
                    
                
                
                    
                        
                            
                            
                        
                        High","Yunnan, China","Golden Yunnan","https://rishi-tea.com/black-tea-organic-loose-leaf/golden-yunnan?returnurl=%2fblack-tea-organic-loose-leaf%2f%3fcount%3d29"
"1636391226-458","https://rishi-tea.com/black-tea-organic-loose-leaf/?count=29","China Breakfast","Organic Black Tea","/product/image/medium/ocb-sana_china-breakfast-organic-loose-leaf-black-tea.jpg","$35.00","Our signature breakfast tea is a tippy Dian Hong growing between 1,600 - 1,800 meters in elevation at the densely forested Wa Shan Ecological Tea Garden in Yunnan. China Breakfast is beloved for its mellow character and hints of sweet caramel and raisin. Milder than English Breakfast, this tea presents a deep red infusion that is smooth enough to enjoy on its own or exquisite with milk and honey.","Organic black tea","A full-bodied and smooth  breakfast blend with hints of  sweet caramel and spice","4 minutes","Caffeine
    
        
            
                
                    
                        
                            
                            
                        
                        None
                    
                
                
                    
                        
                            
                            
                        
                        Low
                    
                
            
            
                
                    
                        
                            
                            
                        
                        Medium
                    
                
                
                    
                        
                            
                            
                        
                        High","Yunnan, China","China Breakfast","https://rishi-tea.com/black-tea-organic-loose-leaf/china-breakfast?returnurl=%2fblack-tea-organic-loose-leaf%2f%3fcount%3d29"
"1636391205-451","https://rishi-tea.com/black-tea-organic-loose-leaf/?count=29","Earl Grey","Organic Black Tea Blend","/product/image/medium/oeg-sana_earl-grey-organic-15-tea-bag-black-tea-blend.jpg","$39.00","A British tea classic, Earl Grey is the most widely enjoyed black tea blend in the world. Earl Grey dates back to the nineteenth century tea trade when Charles Grey, the 2nd Earl Grey, was presented with a gift of Taitaicha—tea scented with citrus blossoms—during his travels in Canton. After Grey returned home, his namesake tea became wildly popular when the tea salons of Europe infused black teas with the essence of the bergamot citrus fruit that grows in Reggio Di' Calabria, Italy. Our organic Earl Grey combines robust and fruity Thai black tea with mellow, caramel sweet Yunnan Dian Hong. This original blend perfectly complements the floral high notes of geranium and rose found in our first-pressing bergamot essential oil.

On the go? Check out our Earl Grey Tea Bags.","Organic black tea, essential bergamot oil","Smooth and lively with the unique citrusy, floral aroma of bergamot oranges","4 minutes","Caffeine
    
        
            
                
                    
                        
                            
                            
                        
                        None
                    
                
                
                    
                        
                            
                            
                        
                        Low
                    
                
            
            
                
                    
                        
                            
                            
                        
                        Medium
                    
                
                
                    
                        
                            
                            
                        
                        High","Rishi Herb Lab","Earl Grey","https://rishi-tea.com/black-tea-organic-loose-leaf/earl-grey?returnurl=%2fblack-tea-organic-loose-leaf%2f%3fcount%3d29"
"1636391197-448","https://rishi-tea.com/black-tea-organic-loose-leaf/?count=29","English Breakfast","Organic Black Tea","/product/image/medium/oeb-sana_english-breakfast-organic-loose-leaf-black-tea.jpg","$35.00","Our English Breakfast highlights teas from Southeast Asia to produce Rishi's signature profile blend. The origins will vary from time to time, but the blend is always honed to brew consistently. Currently, the origins are Yunnan, Myanmar and Assam.

Our English Breakfast has a rich red infusion color that is malty and robust with sweet, chocolatey undertones and a brisk body that can stand up to milk and sugar. By comparison, our China Breakfast is intended to be more mellow, caramel-sweet and is designed to be smooth enough to drink straight up without milk and sugar.

On the go? Check out our English Breakfast Tea Bags.","Organic black tea","Lively, robust red cup with a brisk flavor and notes of dates and raisins.","4 minutes","Caffeine
    
        
            
                
                    
                        
                            
                            
                        
                        None
                    
                
                
                    
                        
                            
                            
                        
                        Low
                    
                
            
            
                
                    
                        
                            
                            
                        
                        Medium
                    
                
                
                    
                        
                            
                            
                        
                        High","South and Southeast Asia","English Breakfast","https://rishi-tea.com/black-tea-organic-loose-leaf/english-breakfast?returnurl=%2fblack-tea-organic-loose-leaf%2f%3fcount%3d29"
"1636391214-454","https://rishi-tea.com/black-tea-organic-loose-leaf/?count=29","Darjeeling First Flush Pussimbing DJ5","Garden Direct Organic Black Tea","/product/image/medium/opssffdj521100-rp_darjeelingfirstflushpussimbingdj5-looseleaf-sana.png","$38.00","Origin: Pussimbing Garden, Darjeeling, India
Cultivar: Original China Bush
Elevation: 1300-1800m
Harvest: March 24, 2021

Set high in the Himalayas, Darjeeling is cherished by connoisseurs for yielding teas of extraordinary aromatic depth. The Pussimbing Garden is organic certified and features beautiful natural flora in addition to the cultivated tea plants. The name Pussimbing translates as “full of natural streams,” and the garden certainly lives up to its name. The garden sits at a lofty elevation and frequently misted in fog, which contributes to its highly aromatic teas. The eagerly anticipated First Flush harvest in March-April produces teas with a brilliant golden infusion that captures the essence of spring. This lot from the high altitude, 120-year-old Pussimbing Garden is extraordinary with flavors of classic Muscatel, magnolia, wintergreen, natal plum flowers and honey wine. This is an amazing and classic Darjeeling offering.","Organic black tea","classic Muscatel, magnolia, wintergreen, Natal plum flowers and honey wine","null","null","Pussimbing Garden, Darjeeling, India","Darjeeling First Flush Pussimbing DJ5","https://rishi-tea.com/garden-direct-seasonal-tea/pussimbing-darjeeling-first-flush-dj5?returnurl=%2fblack-tea-organic-loose-leaf%2f%3fcount%3d29"
"1636391148-433","https://rishi-tea.com/black-tea-organic-loose-leaf/?count=29","Yunnan Dian Hong Golden Buds","Garden Direct Organic Black Tea","/product/image/medium/oygb100-rp_yunnandianhonggoldenbuds-looseleaftea-sana.jpg","$26.00","Origin: Wa Shan, Cangyuan county, Yunnan province, China
Cultivar: Mengku Da Ye Yunnan broad leaf
Elevation: 1600m-1820m
Harvest: March 20 – April 10, 2021

Our selection of Golden Buds feature single-bud plucks from the Mengku Da Ye Broad Leaf tea variety of Yunnan and is expertly oxidized according to wrapped-pile oxidation tactics developed in the 1950’s. This is an amazing quality of premium black tea with a unique flavor performance and pristine appearance. Yunnan Dian Hong Golden Buds is an excellent tea for brewing in the Gongfu style, using a Gaiwan to capture and savor the lingering, caramelized sweetness that this tea has to offer.

Yunnan Dian Hong Golden Buds is grown in a biodiverse and exceptionally well-managed organic tea garden in Wa Shan, a lush mountainous region of southwestern Yunnan named after the Wa ethnic minority group who calls it home.","Organic black tea","Caramelized brown sugar, sansho leaf, black date, plum, chocolate, leather","null","null","Wa Shan, Cangyuan county, Yunnan province, China","Yunnan Dian Hong Golden Buds","https://rishi-tea.com/garden-direct-seasonal-tea/yunnan-dian-hong-golden-buds-2021?returnurl=%2fblack-tea-organic-loose-leaf%2f%3fcount%3d29"
"1636391202-450","https://rishi-tea.com/black-tea-organic-loose-leaf/?count=29","Earl Grey Lavender","Organic Black Tea Blend","/product/image/medium/oegl-sana_earl-grey-lavender-organic-loose-leaf-black-tea-blend.jpg","$39.00","Earl Grey Lavender combines the enchanting fragrance of organic lavender blossoms with the stimulating citrusy scent of bergamot pressed from real fruit and flowers. With its soothing perfume and smooth taste, this exquisite blend makes a perfect pairing with freshly baked scones or cakes for an authentic afternoon tea.","Organic black tea, organic lavender flowers, essential bergamot oil, natural lavender extract","Enchanting lavender perfectly  complements the floral aromas  and citrus notes of Earl Grey","4 minutes","Caffeine
    
        
            
                
                    
                        
                            
                            
                        
                        None
                    
                
                
                    
                        
                            
                            
                        
                        Low
                    
                
            
            
                
                    
                        
                            
                            
                        
                        Medium
                    
                
                
                    
                        
                            
                            
                        
                        High","Rishi Herb Lab","Earl Grey Lavender","https://rishi-tea.com/black-tea-organic-loose-leaf/earl-grey-lavender?returnurl=%2fblack-tea-organic-loose-leaf%2f%3fcount%3d29"
"1636391175-441","https://rishi-tea.com/black-tea-organic-loose-leaf/?count=29","Lemon Ginger","Organic Black Tea Blend","/product/image/medium/olg-sana_lemon-ginger-organic-loose-leaf-black-tea-blend.jpg","$65.00","Lemon Ginger combines a bold and caramel-sweet black tea with zesty spicy ginger, pungent turmeric, juicy mango and a burst of stimulating lemon. The balancing energy of these botanicals makes Lemon Ginger a perfect traveler's tea.","Organic ginger root, organic black tea, organic lemon peel, organic mango, organic turmeric root, organic licorice root, organic lemongrass, essential lemon, lime and ginger oils","Refreshing citrus and zesty spicy ginger with tropical hints of juicy mango and turmeric.","4 minutes","Caffeine
    
        
            
                
                    
                        
                            
                            
                        
                        None
                    
                
                
                    
                        
                            
                            
                        
                        Low
                    
                
            
            
                
                    
                        
                            
                            
                        
                        Medium
                    
                
                
                    
                        
                            
                            
                        
                        High","Rishi Herb Lab","Lemon Ginger","https://rishi-tea.com/black-tea-organic-loose-leaf/lemon-ginger?returnurl=%2fblack-tea-organic-loose-leaf%2f%3fcount%3d29"
"1636391179-442","https://rishi-tea.com/black-tea-organic-loose-leaf/?count=29","Hong Yun #21","Garden Direct Black Tea","/product/image/medium/hy2150-rp_1085-hong-yun-21-sana.jpg","$25.00","Origin: Mingjian Village, Taiwan
Cultivar: TTES #21 ""Hong Yun"" (Indian Assam x Keemun)
Elevation: 500m
Harvest: September 10, 2021

The Hong Cha grown in the Mingjian Village are supremely special black teas. Grown from cultivars catalogued in the Taiwan Tea Research and Extension Station registry by the Taiwanese government, these teas are truly notable and famous for their distinct characteristics. Hong Yun 21 is a unique tea cultivar grown in Taiwan to produce high-end black teas of exceptional aromatic complexity and rich mouthfeel. Hong Yun #21 紅韻translates to “red charm,” which refers to its vibrant red color and the pleasing effect of its elegantly brisk structure. It is a cross-breed of Keemun (Original Qi Men small-leaf tea from Anhui) and Indian Kyang variety registered in 2008.","null","Luxardo cherry, aged tawny port, and pine resin.","null","null","Nantou, Taiwan","Hong Yun #21","https://rishi-tea.com/garden-direct-seasonal-tea/hong-yun-21-2021?returnurl=%2fblack-tea-organic-loose-leaf%2f%3fcount%3d29"
"1636391200-449","https://rishi-tea.com/black-tea-organic-loose-leaf/?count=29","Earl Grey Supreme","Organic Black Tea Blend","/product/image/medium/oegs-sana_earl-grey-supreme-organic-loose-leaf-black-tea-blend.jpg","$45.00","A special reserve for Earl Grey lovers, we infuse our top grades of Yunnan Dianhong black tea with the essential oil pressed from real bergamot citrus fruits grown in Calabria, Italy to yield our Earl Grey Supreme blend. We select only bergamot oil made during the first pressing of the year, around November-December, which has the most fragrant perfume and floral aromatic complexity.","Organic black tea, essential bergamot oil","Rich, smooth black tea with the lofty floral and citrusy high notes of Italian bergamot.","4 minutes","Caffeine
    
        
            
                
                    
                        
                            
                            
                        
                        None
                    
                
                
                    
                        
                            
                            
                        
                        Low
                    
                
            
            
                
                    
                        
                            
                            
                        
                        Medium
                    
                
                
                    
                        
                            
                            
                        
                        High","South and Southeast Asia","Earl Grey Supreme","https://rishi-tea.com/black-tea-organic-loose-leaf/earl-grey-supreme?returnurl=%2fblack-tea-organic-loose-leaf%2f%3fcount%3d29"
"1636391145-432","https://rishi-tea.com/black-tea-organic-loose-leaf/?count=29","Yunnan Lily Black","Garden Direct Organic Black Tea","/product/image/medium/ojxsp100-rp_yunnanlilyblack-looseleaftea-sana.jpg","$28.00","Origin: Wa Shan, Cangyuan County, Yunnan Province, China
Cultivar:  金萱 Jin Xuan ""Golden Lily""
Elevation: 1,850m
Harvest Date: March 27- April 11th, 2021

Yunnan Lily Black highlights the unforgettable aromas of the Jin Xuan ""Golden Lily"" tea plant cultivar. Jin Xuan was originally developed in Taiwan, where it is processed into a greenish-golden ball-rolled oolong that is often marketed as “Milk Oolong” for its subtly sweet, milky aroma. The Jin Xuan cultivar yields spectacular aromas of East Asian wild rose and lychee fruit when processed into black tea. Yunnan Lily Black is grown in a biodiverse and exceptionally well-managed organic tea garden in Wa Shan, a lush mountainous region of southwestern Yunnan named after the Wa ethnic minority group who calls it home. Yunnan Lily Black is an excellent tea for brewing in the Gongfu Cha style, using a Gaiwan to capture and savor the persistent, lingering rosy aroma that this tea has to offer.","Organic black tea","Exotic black tea with a lush aromatic bouquet of wild rose and lychee","null","null","Wa Shan, Cangyuan county, Yunnan province, China","Yunnan Lily Black","https://rishi-tea.com/yunnan-lily-black-2021?returnurl=%2fblack-tea-organic-loose-leaf%2f%3fcount%3d29"
"1636391171-440","https://rishi-tea.com/black-tea-organic-loose-leaf/?count=29","Masala Chai","Organic Black Tea Blend","/product/image/medium/omc-sana_omc-qp.jpg","$13.00","Literally ""mixed spiced tea,"" Masala Chai is a classic style of black tea blended with traditional spices native to South and Southeast Asia. The tea base consists of a robust and malty Assam balanced with our new, lively Orange Pekoe from northern Thailand. Our recipe is unapologetically spicy yet balanced, highlighting aromatic Guatemalan cardamom, hot and citrusy ginger and sweet cinnamon, with accents of pungent cracked black pepper and fragrant cloves. Designed to be brewed both straight up and via stovetop simmered the traditional way in water and milk often with a touch of sweetness.

On the go? Check out our Masala Chai Tea Bags.","organic black tea, organic cinnamon, organic cardamom, organic ginger root, organic black pepper, organic clove","A robust, full-bodied black  tea blended with aromatic  traditional Indian masala spices","5 minutes","Caffeine
    
        
            
                
                    
                        
                            
                            
                        
                        None
                    
                
                
                    
                        
                            
                            
                        
                        Low
                    
                
            
            
                
                    
                        
                            
                            
                        
                        Medium
                    
                
                
                    
                        
                            
                            
                        
                        High","Rishi Herb Lab","Masala Chai","https://rishi-tea.com/black-tea-organic-loose-leaf/masala-chai-loose-leaf?returnurl=%2fblack-tea-organic-loose-leaf%2f%3fcount%3d29"
"1636391208-452","https://rishi-tea.com/black-tea-organic-loose-leaf/?count=29","Darjeeling Second Flush Chamong DJ70","Garden Direct Organic Black Tea","/product/image/medium/ocsfdj7021100-rp_darjeelingsecondflushchamongdj70_looseleaf_sana.png","$40.00","Origin: Chamong Garden, Darjeeling, India
Cultivar: Ambari Vegetative 2 & China variety
Elevation: 1372m
Harvest: June 6, 2021

Set high in the Himalayas, Darjeeling is cherished by connoisseurs for yielding teas of extraordinary aromatic depth. Many of the gardens from which we source our teas were founded in the 19th century. While cultivar selection is a factor, the real complexity of Darjeeling teas is to be explored in the diversity of terrain in the gardens. The range in elevation, the pitch of the slope and the amount of sun exposure lead to distinctive differences in character. Each garden has a signature aroma profile. While the first flush produces greenish-golden teas with a tight structure and floral bouquet, the second flush is treasured for more ripened notes of fruits and features a lovely orange-red infusion. The dried leaves feature both chunky tips and buds. In this lot from the Chamong Garden in the Rungbong Valley, we taste luscious peach and floral notes.","Organic black tea","luscious peach, floral","null","null","Chamong Garden, Darjeeling, India","Darjeeling Second Flush Chamong DJ70","https://rishi-tea.com/garden-direct-seasonal-tea/darjeeling-second-flush-chamong-dj70-2021?returnurl=%2fblack-tea-organic-loose-leaf%2f%3fcount%3d29"
"1636391220-456","https://rishi-tea.com/black-tea-organic-loose-leaf/?count=29","Darjeeling First Flush Lingia EX2","Garden Direct Organic Black Tea","/product/image/medium/olgaffex221100-rp_darjeelingfirstflushlingiaex2-looseleaf-sana.png","$40.00","Origin: Lingia Garden, Darjeeling, India
Cultivar: Original China Bush
Elevation: 1,250m
Harvest: March 24, 2021

Set high in the Himalayas, Darjeeling is cherished by connoisseurs for yielding teas of extraordinary aromatic depth. The Lingia garden is planted with pure China leaf of the Black China variety which is genetically closest to the rose bush. While cultivar selection is a factor, the real complexity of Darjeeling teas is to be explored in the diversity of terrain in the gardens. The weather created by this expansive mountain range creates varying microclimates and each garden has a signature aroma profile. The Lingia garden is well-known for its floral notes. The eagerly anticipated First Flush harvest in March-April produces teas with a brilliant golden infusion that captures the essence of spring. This lot from the Lingia garden is sublime with hints of orchid, lilac and Concord grape.","Organic black tea","orchid, lilac and Concord grape","null","null","Lingia Garden, Darjeeling, India","Darjeeling First Flush Lingia EX2","https://rishi-tea.com/garden-direct-seasonal-tea/lingia-darjeeling-first-flush-ex2?returnurl=%2fblack-tea-organic-loose-leaf%2f%3fcount%3d29"
"1636391217-455","https://rishi-tea.com/black-tea-organic-loose-leaf/?count=29","Darjeeling First Flush Marybong DJ7","Garden Direct Organic Black Tea","/product/image/medium/ombffdj721100-rp_darjeelingfirstflushmarybongdj7-looseleaf-sana.jpg.png","$38.00","Origin: Marybong Garden, Darjeeling, India
Cultivar: Original China Bush
Elevation: 1,450m
Harvest: March 24, 2021

Set high in the Himalayas, Darjeeling is cherished by connoisseurs for yielding teas of extraordinary aromatic depth. The Marybong Garden is over 130 years old, situated in a misty valley with sublime views of the looming, snowcapped Himalayas. The range in elevation, the pitch of the slope and the amount of sun exposure leads to distinctive aroma and flavor characteristics in the tea bushes. The eagerly anticipated First Flush harvest in March-April produces teas with a brilliant golden infusion that captures the essence of spring. In this lot from the Marybong Garden in the Golden Valley, we taste tuberose, champagne grapes, slight Muscatel, orchid and jasmine with fruity confection notes and good tannin to balance.","Organic black tea","Tuberose, champagne grapes, slight Muscatel, orchid and jasmine with fruity confection notes and good tannin to balance","null","null","Marybong Garden, Darjeeling, India","Darjeeling First Flush Marybong DJ7","https://rishi-tea.com/garden-direct-seasonal-tea/marybong-darjeeling-first-flush-dj7?returnurl=%2fblack-tea-organic-loose-leaf%2f%3fcount%3d29"
"1636391194-447","https://rishi-tea.com/black-tea-organic-loose-leaf/?count=29","Gaba Hong Cha, Bulk-GD21","","null","$0.00","null","null","null","null","null","null","Gaba Hong Cha, Bulk-GD21","https://rishi-tea.com/gaba-hong-cha-bulk-gd21-gabahc--bk?returnurl=%2fblack-tea-organic-loose-leaf%2f%3fcount%3d29"
"1636391223-457","https://rishi-tea.com/black-tea-organic-loose-leaf/?count=29","Chocolate Chai","Organic Black Tea Blend","/product/image/medium/ocmc-sana_chocolate-chai-organic-loose-leaf-black-tea-blend.jpg","$16.00","An enticing, chocolatey blend combining strong black tea, dark cocoa shells and nibs with creamy coconut and sarsaparilla for a rich, decadent cup. Designed to be infused straight like tea, or add milk and brew like traditional chai.","Organic black tea, organic coconut flakes, organic cinnamon, organic cocoa shells, organic sarsaparilla root, organic licorice root, organic cocoa nibs, organic roasted dandelion root, organic cloves, natural chocolate flavor","Decadent cacao and creamy sarsaparilla with rich coconut and bittersweet dandelion root.","5 minutes","Caffeine
    
        
            
                
                    
                        
                            
                            
                        
                        None
                    
                
                
                    
                        
                            
                            
                        
                        Low
                    
                
            
            
                
                    
                        
                            
                            
                        
                        Medium
                    
                
                
                    
                        
                            
                            
                        
                        High","Rishi Herb Lab","Chocolate Chai","https://rishi-tea.com/chocolate-chai?returnurl=%2fblack-tea-organic-loose-leaf%2f%3fcount%3d29"
"1636391162-437","https://rishi-tea.com/black-tea-organic-loose-leaf/?count=29","Tulsi Chai","Organic Chai Tea","/product/image/medium/otc-sana_tulsichai-looseleaftea-sana.jpg","$36.00","Tulsi, also known as the ""Queen of Herbs,"" is renowned for its calming effect, offering cognitive and memory enhancement. A great pairing with cardamom, or as it is similarly nicknamed, ""Queen of Spices,"" is prized for many applications including anti-inflammatory properties. Along with invigorating cinnamon, spiced sarsaparilla, sweet licorice root, uplifting peppermint and brisk Darjeeling, Tulsi Chai is a potent blend perfect for chai season with a special herbal twist.

Learn more about Tulsi - The Queen of Herbs.","Organic black tea, organic cinnamon, organic sarsaparilla root, organic cardamom, organic tulsi, organic licorice root, organic peppermint.","Exotic tulsi and cardamom create mystical high notes that perfectly complement grounding black tea and sarsaparilla.","5 minutes","Caffeine
    
        
            
                
                    
                        
                            
                            
                        
                        None
                    
                
                
                    
                        
                            
                            
                        
                        Low
                    
                
            
            
                
                    
                        
                            
                            
                        
                        Medium
                    
                
                
                    
                        
                            
                            
                        
                        High","Rishi Herb Lab","Tulsi Chai","https://rishi-tea.com/chai-tea-concentrates-organic/tulsi-chai?returnurl=%2fblack-tea-organic-loose-leaf%2f%3fcount%3d29"
