﻿web-scraper-order,web-scraper-start-url,Name,Type,Image-src,Price,Description,Ingredients,Flavor,Steeping,Caffeine,Origin,Link,Link-href
"1636392328-533","https://rishi-tea.com/pure-botanicals/?count=15","Licorice Root","Organic Caffeine-Free Pure Botanical","/product/image/medium/olrcs-sana_licoriceroot-looseleaf-sana.png","$15.00","Licorice root is typically produced in the Middle East where it originates, Southern Europe, parts of Asia, and even western regions of Northeast China. Used as a pairing herb in Traditional Chinese Medicine, licorice root, or Gan cao 甘草, is considered to be neutral in nature and is used in almost two-thirds of classical formulas in herb blending. The component of licorice root that seems to be the active healer is known as glycyrrhizic acid which gives licorice root its sweet taste.","Organic licorice root","sweet, earthy, pungent camphor notes with a smooth mouthfeel","5 minutes","Caffeine
    
        
            
                
                    
                        
                            
                            
                        
                        None
                    
                
                
                    
                        
                            
                            
                        
                        Low
                    
                
            
            
                
                    
                        
                            
                            
                        
                        Medium
                    
                
                
                    
                        
                            
                            
                        
                        High","Uzbekistan","Licorice Root","https://rishi-tea.com/pure-botanicals/licorice-root-organic?returnurl=%2fpure-botanicals%2f%3fcount%3d15"
"1636392351-541","https://rishi-tea.com/pure-botanicals/?count=15","Butterfly Pea Flower","Caffeine Free Botanical","/product/image/medium/bpf100-rp_butterfly-pea-flower-herbal-tea.jpg","$31.00","Blue Butterfly Pea flowers are native to Thailand, Malaysia and can be found in other parts of SE Asia. The scientific name of the plant is ""Clitoria ternatea"" as the flowers resemble the female genitalia. The flowers have a high content of anthocyanin, a beneficial antioxidant. The flowers have a nootropic effect and may trigger vivid dreams, enhanced memory and brain function. In Thailand, the flowers have been used for centuries for hair and scalp health in ancient types of shampoo.

Nowadays, the flowers are very popular in tea and herbal blends because they easily infuse their vivid blue pigment. The flowers are infused in water, sugar, milk or oil as a natural food color. The blue infusion color can change before your eyes to purple and fuchsia with the addition of lemon, lime or other ingredients that change the pH of the infusion (displayed in the image gallery above). Many new cocktail recipes and cool, color changing herbal teas are being created with this wonderful flower from Thailand.","Butterfly Pea Flower","Abounding fresh spring energy with notes of steamed edamame, sugar snap peas, and lightly toasted walnuts.","5 minutes","Caffeine
    
        
            
                
                    
                        
                            
                            
                        
                        None
                    
                
                
                    
                        
                            
                            
                        
                        Low
                    
                
            
            
                
                    
                        
                            
                            
                        
                        Medium
                    
                
                
                    
                        
                            
                            
                        
                        High","null","Butterfly Pea Flower","https://rishi-tea.com/organic-loose-leaf-herbal-tea/butterfly-pea-flower?returnurl=%2fpure-botanicals%2f%3fcount%3d15"
"1636392348-540","https://rishi-tea.com/pure-botanicals/?count=15","Chamomile","Organic Caffeine-Free Herbal Sachets","/product/image/medium/octb-sana_chamomile-organic-double-dose-tea-bag-herbal.jpg","$2.00","Chamomile blossoms have a lovely sweet flavor evoking fruit nectar, apple and quince. Known to botanists as Matricaria recutita, Chamomile has been cultivated and used around the Mediterranean for centuries as a calming herb tea. We select the peak quality blossoms from the most pristine growing regions in Eastern Europe. Chamomile grown here is prized for its purer and brighter taste compared to the common Egyptian type.

These biodegradable, extra-large pyramid sachets hold 2.5g of Chamomile and come in a 35-count bulk bag without individual wrappers.","null","null","null","null","null","Chamomile","https://rishi-tea.com/organic-pyramid-tea-sachets/chamomile-organic-double-dose?returnurl=%2fpure-botanicals%2f%3fcount%3d15"
"1636392322-531","https://rishi-tea.com/pure-botanicals/?count=15","Red Shiso","Organic Caffeine-Free Pure Botanical","/product/image/medium/orshiso-sana_redshiso_looseleaf_sana.png","$20.00","Shiso, also known as Japanese mint, wild sesame or Perilla, is a primary culinary herb of Asia. Scientists have studied shiso tea’s ability to restore health with its high antioxidant value and aromatic compounds. Red shiso contains anthocyanins slightly different from its green shiso counterpart, with a slightly spicier flavor and a basil-like quality. Used frequently in pickling applications, it’s also added for a pop of color. Red shiso provides unique antioxidants, aromas and an enticing infusion hue to infusions and blends.","Organic red shiso","warming, bright, red wine-like quality","5 minutes","Caffeine
    
        
            
                
                    
                        
                            
                            
                        
                        None
                    
                
                
                    
                        
                            
                            
                        
                        Low
                    
                
            
            
                
                    
                        
                            
                            
                        
                        Medium
                    
                
                
                    
                        
                            
                            
                        
                        High","USA","Red Shiso","https://rishi-tea.com/organic-loose-leaf-herbal-tea/red-shiso-tea-organic-loose-leaf?returnurl=%2fpure-botanicals%2f%3fcount%3d15"
"1636392345-539","https://rishi-tea.com/pure-botanicals/?count=15","Ginger","Organic Caffeine-Free Herbal Sachets","/product/image/medium/ogingtb-sana_ginger-organic-double-dose-tea-bag-herbal-tea.jpg","$19.99","Our prized organic ginger is sourced from Mizoram in northeast India and is heralded for its multidimensional flavor profile and warming influence on the body. Ginger is one of the principal ingredients in the traditional herbal medicines and food cultures of Asia. Expect a cup filled with bright and zesty lemony aromas and enlivening, pungent heat.

These biodegradable, extra-large pyramid sachets hold 5.5g of Ginger and come in a 35-count bulk bag without individual wrappers.","Organic ginger root","Our prized organic ginger is sourced from Mizoram in northeast India and is heralded for its multidimensional flavor profile brimming with bright and zesty lemony aromas and enlivening, pungent heat.","5 minutes","Caffeine
    
        
            
                
                    
                        
                            
                            
                        
                        None
                    
                
                
                    
                        
                            
                            
                        
                        Low
                    
                
            
            
                
                    
                        
                            
                            
                        
                        Medium
                    
                
                
                    
                        
                            
                            
                        
                        High","Mizoram, India","Ginger","https://rishi-tea.com/organic-pyramid-tea-sachets/ginger-double-dose?returnurl=%2fpure-botanicals%2f%3fcount%3d15"
"1636392316-529","https://rishi-tea.com/pure-botanicals/?count=15","Schisandra Berries","Organic Caffeine-Free Botanical","/product/image/medium/oomijaber-sana_omija-beauty-berry-organic-loose-leaf-herbal-tea.jpg","$55.00","The Schisandra (also know as Omija) berry is native to northeastern China, Korea and parts of Siberia. It has been cultivated for thousands of years as a special beautifying tonic herb found in numerous traditional culinary and medicinal recipes. Schisandra is celebrated in China and Korea as an adaptogen—herbs that alleviate stress and help the body deal with physical and mental fatigue. The adaptogenic properties of schisandra have been cited for centuries in Asian tradition for helping beautify and protect the skin from environmental stress. It is also said that schisandra's concentrated B-vitamin complex and antioxidant activity help support healthy liver function and hormonal balance. Schisandra is harvested in late summer and can be pressed fresh into juice or sun-dried for use in a variety of preparations such as herbal teas, vitality tonics and infused liquors. Schisandra literally means ""five-flavor berry,"" alluding to its uniquely complex flavor profile with sweet, sour, salty, bitter and pungent aspects found in different parts of the berry.","Organic schisandra berries","Refreshingly tart and fruity with a uniquely quenching balance of five flavors: sweet, sour, salty, bitter, pungent.","5 minutes","Caffeine
    
        
            
                
                    
                        
                            
                            
                        
                        None
                    
                
                
                    
                        
                            
                            
                        
                        Low
                    
                
            
            
                
                    
                        
                            
                            
                        
                        Medium
                    
                
                
                    
                        
                            
                            
                        
                        High","Jilin, China","Schisandra Berries","https://rishi-tea.com/adaptogenic-tea/schisandra-berry?returnurl=%2fpure-botanicals%2f%3fcount%3d15"
"1636392343-538","https://rishi-tea.com/pure-botanicals/?count=15","Ginger","Organic Caffeine-Free Botanical","/product/image/medium/oging-sana_ginger-organic-loose-leaf-herbal-tea.jpg","$22.00","Ginger is one of the principal ingredients in the traditional herbal medicines and food cultures of Asia. Each year we taste ginger from a range of origins to select only the most zesty and energizing. We seek a specific balance of enlivening, pungent spicy heat with a bright, lemony aroma.","Organic ginger root","Enlivening heat with a bright, spicy lemony aroma","5 minutes","Caffeine
    
        
            
                
                    
                        
                            
                            
                        
                        None
                    
                
                
                    
                        
                            
                            
                        
                        Low
                    
                
            
            
                
                    
                        
                            
                            
                        
                        Medium
                    
                
                
                    
                        
                            
                            
                        
                        High","Mizoram, India","Ginger","https://rishi-tea.com/ginger-tea-organic-loose-leaf/ginger?returnurl=%2fpure-botanicals%2f%3fcount%3d15"
"1636392337-536","https://rishi-tea.com/pure-botanicals/?count=15","Green Shiso","Organic Caffeine Free Pure Botanical","/product/image/medium/ogshiso-sana_greenshiso_looseleaf_sana.png","$20.00","Shiso, also known as Japanese mint, wild sesame or Perilla, is a key culinary herb of Asia. Scientists have studied shiso tea’s ability to restore health with its high antioxidant value and aromatic compounds. Other notable uses include cold and flu prevention, skincare, anti-aging, respiratory support and digestion. Green shiso lends an almost tea-like quality to infusions, especially when blended with citrus peels or other brightly acidic ingredients.","Organic green shiso","ume wine, wild oregano and tarragon","5 minutes","Caffeine
    
        
            
                
                    
                        
                            
                            
                        
                        None
                    
                
                
                    
                        
                            
                            
                        
                        Low
                    
                
            
            
                
                    
                        
                            
                            
                        
                        Medium
                    
                
                
                    
                        
                            
                            
                        
                        High","Rishi Herb Lab","Green Shiso","https://rishi-tea.com/organic-loose-leaf-herbal-tea/green-shiso-tea-organic-loose-leaf?returnurl=%2fpure-botanicals%2f%3fcount%3d15"
"1636392354-542","https://rishi-tea.com/pure-botanicals/?count=15","Artemisia","Organic Caffeine-Free Pure Botanical","/product/image/medium/oaan-sana_artemisia_looseleaf_sana.png","$20.00","Artemisia is an herb that has had many names over thousands of years of use, including Qinghai 青蒿, sweet wormwood and Artemisia annua. Culturally rooted in Traditional Chinese Medicine, artemisia was first notated in The Divine Farmer’s Materia Medica. This plant has a tannin structure, notable polyphenols and aromatic compounds like green tea, but is caffeine-free with detoxifying properties. The plant is high in antioxidants and is considered to have a warming effect, while green tea is known for its cooling effects.

Many of the same antioxidants and aromatic compounds in artemisia are also contained in lemongrass, verbena, wintergreen, and other types of herbs. The components coumarin and quinine are also found in the plant, which are a key ingredient in tonic water and tea cocktails.","Organic Artemisia annua","aromas of spring meadows, elegant green teas and a unique herbal sweetness","5 minutes","Caffeine
    
        
            
                
                    
                        
                            
                            
                        
                        None
                    
                
                
                    
                        
                            
                            
                        
                        Low
                    
                
            
            
                
                    
                        
                            
                            
                        
                        Medium
                    
                
                
                    
                        
                            
                            
                        
                        High","USA","Artemisia","https://rishi-tea.com/organic-loose-leaf-herbal-tea/artemisia-tea-organic-loose-leaf?returnurl=%2fpure-botanicals%2f%3fcount%3d15"
"1636392319-530","https://rishi-tea.com/pure-botanicals/?count=15","Rooibos","Organic Caffeine-Free Botanical","/product/image/medium/or-sana_rooibos-organic-loose-leaf-herbal-tea.jpg","$22.00","null","Organic rooibos","Naturally sweet and refreshing  pure African rooibos with a  deep red, nectar-like infusion","5 minutes","Caffeine
    
        
            
                
                    
                        
                            
                            
                        
                        None
                    
                
                
                    
                        
                            
                            
                        
                        Low
                    
                
            
            
                
                    
                        
                            
                            
                        
                        Medium
                    
                
                
                    
                        
                            
                            
                        
                        High","Cederberg Mountains, South Africa","Rooibos","https://rishi-tea.com/rooibos-tea-organic-loose-leaf/rooibos?returnurl=%2fpure-botanicals%2f%3fcount%3d15"
"1636392313-528","https://rishi-tea.com/pure-botanicals/?count=15","Yerba Mate","Organic Botanical","/product/image/medium/oym-sana_yerba-mate-organic-loose-leaf-herbal-tea.jpg","$18.00","Yerba Mate is an uplifting and energizing herb that is indigenous to the Amazon and is wildly popular throughout parts of South America for its robust flavor. Often thought of as the ""tea"" of Latin America, yerba mate is one of just four botanicals in the Americas to contain caffeine. It has a bittersweet, earthy and mineral flavor with nuances of olive leaf and eucalyptus. Traditional roasting and aging of yerba mate creates a pleasant, toasted aroma and ranging complexity.

Learn more about Yerba Mate on our Journal","Organic yerba mate","Bittersweet, toasty herby flavor with nuances of olive leaf and eucalyptus","5 minutes","Caffeine
    
        
            
                
                    
                        
                            
                            
                        
                        None
                    
                
                
                    
                        
                            
                            
                        
                        Low
                    
                
            
            
                
                    
                        
                            
                            
                        
                        Medium
                    
                
                
                    
                        
                            
                            
                        
                        High","Misiones, Argentina","Yerba Mate","https://rishi-tea.com/organic-loose-leaf-herbal-tea/yerba-mate?returnurl=%2fpure-botanicals%2f%3fcount%3d15"
"1636392331-534","https://rishi-tea.com/pure-botanicals/?count=15","Kapoor Tulsi","Organic Caffeine-Free Pure Botanical","/product/image/medium/okt-sana_kapoortulsi_looseleaf_sana.png","$20.00","Tulsi, or Holy Basil, is one of the cornerstone adaptogens of Ayurvedic herbology. Tulsi is renowned for its calming effect, known to offer cognitive and memory-enhancing properties as well as being anti-inflammatory and immune-boosting. There are quite a few types of cultivars referred to as Holy Basil, and this particular variety is sometimes referred to as “Spice Basil” with its unique, spicy aroma. Kapoor Tulsi plants have purple flowers, in contrast to varying colored blooms on other types of Holy Basil. This type of tulsi is frequently applied as a healthful vitality tonic in herbal medicinal practices.","Organic Kapoor tulsi","floral and spicy aromatic complexity, refreshing and calming adaptogenic function","5 minutes","Caffeine
    
        
            
                
                    
                        
                            
                            
                        
                        None
                    
                
                
                    
                        
                            
                            
                        
                        Low
                    
                
            
            
                
                    
                        
                            
                            
                        
                        Medium
                    
                
                
                    
                        
                            
                            
                        
                        High","USA","Kapoor Tulsi","https://rishi-tea.com/organic-loose-leaf-herbal-tea/kapoor-tulsi-tea-organic-loose-leaf?returnurl=%2fpure-botanicals%2f%3fcount%3d15"
"1636392340-537","https://rishi-tea.com/pure-botanicals/?count=15","Golden Chamomile Blossoms","Organic Caffeine-Free Botanical","/product/image/medium/ocbl2-sana_golden-chamomile-blossoms-organic-loose-leaf-herbal-tea.jpg","$38.00","Chamomile blossoms have a lovely sweet flavor evoking fruit nectar, apple and quince. Known to botanists as German Chamomile, Matricaria recutita has been cultivated and used around the Mediterranean for centuries. We select the peak quality blossoms from the most pristine chamomile growing regions in Eastern Europe.","Organic chamomile flowers","Golden liquoring infusion with a fragrance reminiscent of honey and fruit blossoms","5 minutes","Caffeine
    
        
            
                
                    
                        
                            
                            
                        
                        None
                    
                
                
                    
                        
                            
                            
                        
                        Low
                    
                
            
            
                
                    
                        
                            
                            
                        
                        Medium
                    
                
                
                    
                        
                            
                            
                        
                        High","Croatia","Golden Chamomile Blossoms","https://rishi-tea.com/chamomile-tea/golden-chamomile-blossoms?returnurl=%2fpure-botanicals%2f%3fcount%3d15"
"1636392334-535","https://rishi-tea.com/pure-botanicals/?count=15","Hibiscus","Organic Caffeine-Free Botanical","/product/image/medium/ohcs-sana_hibiscus-organic-loose-leaf-herbal-tea.jpg","$20.00","Unlike ornamental hibiscus flowers, it is the calyx of the shrubby Hibiscus sabdariffa plant that is used for making a tangy-sweet herbal tea that is equally delicious brewed hot or iced. Harvested by hand when plump and juicy, hibiscus makes a full-bodied, crimson colored infusion with a flavor similar to tart cranberry. Hibiscus is used in culinary and drinks recipes by cultures spanning equatorial latitudes from Southeast Asia to the Caribbean.","Organic hibiscus flowers","null","5 minutes","Caffeine
    
        
            
                
                    
                        
                            
                            
                        
                        None
                    
                
                
                    
                        
                            
                            
                        
                        Low
                    
                
            
            
                
                    
                        
                            
                            
                        
                        Medium
                    
                
                
                    
                        
                            
                            
                        
                        High","Burkina Faso, Africa","Hibiscus","https://rishi-tea.com/hibiscus-tea-organic-loose-leaf/hibiscus?returnurl=%2fpure-botanicals%2f%3fcount%3d15"
"1636392326-532","https://rishi-tea.com/pure-botanicals/?count=15","Peppermint","Organic Caffeine-Free Botanical","/product/image/medium/opep-sana_peppermint-organic-loose-leaf-herbal-tea.jpg","$9.00","Our pure peppermint leaves hail from the Pacific Northwest, where certain cultivars are prized as some of the most aromatic and potent in the world. We seek a specific strain of Mentha x piperita that offers a bright candy cane flavor.

On the go? Check out our Pacific Peppermint Tea Bags.","Organic peppermint","Distinctive flavor and heady aroma, calms the body and soothes the digestive system","5 minutes","Caffeine
    
        
            
                
                    
                        
                            
                            
                        
                        None
                    
                
                
                    
                        
                            
                            
                        
                        Low
                    
                
            
            
                
                    
                        
                            
                            
                        
                        Medium
                    
                
                
                    
                        
                            
                            
                        
                        High","Washington, USA","Peppermint","https://rishi-tea.com/mint-organic-loose-leaf-tea/peppermint?returnurl=%2fpure-botanicals%2f%3fcount%3d15"
