﻿web-scraper-order,web-scraper-start-url,Link,Link-href,Image-src,Type,Price,Description,Time,Caffeine,Origin,Steeping,Color
"1636403398-1239","https://www.teabox.com/collections/tea","Darjeeling Red Thunder Autumn Oolong","https://www.teabox.com/collections/tea/products/himalayan-red-thunder-autumn-darjeeling-oolong-tea","null","Darjeeling
      
      
    
      
      
      
        Oolong","$41.96","The sweet, smooth, fruity, and floral aromas of the autumn flush are always in complete harmony. This pure blend of fresh Darjeeling autumn teas is a balanced cup of tea. When you start sipping, sweet flavors of candied orange greet the palate with a hint of muskmelon that flows throughout the entire duration of the cup. Light floral hints also begin to appear that adds a rounded character to the cup. The aftertaste of red berries lingers on.","Anytime","Medium","null","5 mins","Dark Orange"
"1636403526-1262","https://www.teabox.com/collections/tea","Darjeeling Giddapahar Spring Chinary Black","https://www.teabox.com/collections/tea/products/giddapahar-spring-darjeeling-black-tea","null","Darjeeling
      
      
    
      
      
      
        Black","$18.99","Established in 1881, located in the heart of Kurseong, the Giddapahar tea estate is one of the oldest plantations in Darjeeling. Known for producing characteristic chinary cups, this 2021 first flush cup is a special one. As you sip, the unique note of greens arrives at your palate. Around the middle, hints of unripe tree fruit with flavors of cantaloupes shore up, rendering intensity to the liquor. Towards the end, delicate notes of green almond linger on, a delightful experience of first flush chinary black tea.","Evening","Medium","Darjeeling, India","4 mins","Light Gold"
"1636403543-1266","https://www.teabox.com/collections/tea","Organic Rose Green","https://www.teabox.com/collections/tea/products/organic-rose-green","null","Green","null","As old as the 16th century, we have blended these fragrant rose petals with whole leaf green tea to provide you a cup that is soothing and incredibly flavorful. The fusion of rose and green tea produces sweet and warm aromas; Perfect to sip all day long.","null","Hot/Cold","null","3-4 mins","null"
"1636403511-1259","https://www.teabox.com/collections/tea","Darjeeling Goomtee Spring Chinary Black","https://www.teabox.com/collections/tea/products/goomtee-classic-spring-darjeeling-chinary-black","null","Darjeeling
      
      
    
      
      
      
        Black","$27.99","Located just one and a half hours away from our facility, the 122-year-old Goomtee tea estate, from majestic Kurseong valley is famed for producing exquisite Darjeeling Spring teas. This year's Goomtee Spring Chinary Black plucked from the vintage chinary bushes, is a firework of taste and texture. As you begin sipping, delicate notes of unripe tree fruit coat your palate. Towards the middle, notes of sweet vegetative flavors and muskmelon entwined with subtle undertones of candied rhubarb arrive, adding a rounded feel to the cup. The green papaya aftertaste lingers making for a distinguished finish.","Evening","Medium","Darjeeling, India","5 mins","Gold"
"1636403427-1244","https://www.teabox.com/collections/tea","Assam Coombergram  Summer Black","https://www.teabox.com/collections/tea/products/coombergram-classic-summer-assam-black","null","Assam
      
      
    
      
      
      
        Black","$6.99","Located in the Barak valley of south Assam, this tea garden is said to be in existence around the 1880s but the official records suggest 1913. A lush green plantation, this garden is home to rich thriving biodiversity. Famed for producing top-notch summer malts, this finest Indian single estate tea is exquisite. As you sip, notes of dates and malts arrive on the palate. Hints of wet wood encircle around the edges with aromas of nuts arriving towards the end, a memorable experience of Indian Summer Harvest 2021!","Morning","High","Assam, India","5 mins","Dark Amber"
"1636403393-1238","https://www.teabox.com/collections/tea","Darjeeling Giddapahar Summer Muscatel Black","https://www.teabox.com/collections/tea/products/giddapahar-special-darjeeling-muscatel-black","null","Darjeeling
      
      
    
      
      
      
        Black","$17.99","From Kurseong Darjeeling at 4864 feet, since 1881, the Giddapahar tea estate is renowned for producing some of the best Muscatels. Plucked meticulously from a dedicated section exclusive for Teabox, these rare Muscatels are prepared from 100-year-old chinary bushes. Located one and a half hours away, we have procured these teas fresh from Giddapahar. Gorgeous amber-hued, medium-bodied, robust with apricots and cherries, the liquor envelopes the palate right at the start. Notes of peaches with subtle oaky hints encircle towards the middle with nutty accents in the aftertaste. This Giddapahar Summer Muscatel Black, the 2021 second flush from Darjeeling, is a real stand-out this summer.","Morning","Medium","Darjeeling, India","5 mins","Dark Amber"
"1636403454-1249","https://www.teabox.com/collections/tea","Darjeeling Singbulli Spring Flowery Oolong","https://www.teabox.com/collections/tea/products/singbuli-organic-flowery-spring-darjeeling-oolong-tea","null","Darjeeling
      
      
    
      
      
      
        Oolong","$28.99","Meaning ‘home of the birds', Singbulli tea estate is located about 40 kms from Darjeeling. Planted in 1924, this estate lies amongst picturesque monasteries and pure, crystal-clear lakes. Year after year, Singbulli is famed for producing exceptional Oolong teas. We have procured this batch, fresh from the finely plucked young, clonal AV2 varietals, from the Tingling division, at 4500 feet, of the estate. An organic offering from this revered tea garden, this cup is immensely smooth with a delicate floral texture and notes of Asiatic lilies and fuchsia peonies. Luscious fruity hints like muskmelon and peaches ebb towards the middle while ending on a hint of radiant camellias. Steep it again and add ice for an even refreshing experience. The freshest and aromatic cup of first flush 2021 from Darjeeling you ever have!","Anytime","Low","Darjeeling, India","5 mins","Champagne"
"1636403470-1251","https://www.teabox.com/collections/tea","Sikkim Bermiok Classic Autumn Black","https://www.teabox.com/collections/tea/products/bermiok-classic-autumn-black-tea","null","Sikkim
      
      
    
      
      
      
        Black","$31.46","One of the specialties of the Bermiok Tea Estate is this exquisite black tea produced during the autumn flush. It's a medium-bodied cup of tea that starts with subtle tart-sweet notes like nectarines. Hints of nuts and wood with a slight earthy nuance grow towards the middle, adding a distinguished texture to the liquor. The aftertaste is stone-fruity.","Afternoon","Medium","Sikkim, India","4 mins","Bright Orange"
"1636403573-1273","https://www.teabox.com/collections/tea","Mountain Rose Black","https://www.teabox.com/collections/tea/products/mountain-rose-black-tea","null","Flavored Blend
      
      
    
      
      
      
        Black","$21.99","null","null","Cold","null","4 Mins","Dark amber"
"1636403421-1243","https://www.teabox.com/collections/tea","Assam Banaspaty Summer Black","https://www.teabox.com/collections/tea/products/banaspaty-summer-black","null","Assam
      
      
    
      
      
      
        Black","$10.99","Situated in Karbi Anglong, the Banaspaty tea garden is one of the first certified organic tea gardens of Assam. Meaning flora, fauna, and trees, Banaspaty is awarded for being the first 'Elephant Friendly Tea Garden' in Assam. This lush green tea garden also spots Rhinos as it is near Kaziranga National Park. Famed for producing top-notch quality teas, the rich alluvial soil of the Brahmaputra valley gives their tea a unique character. We have sampled this gorgeous Indian single malt, the golden tippy orthodox tea. Full-bodied, brisk with exquisite notes of malt arrives right from the start. Hints of yellow raisins encircle around the middle with notes of stone fruits coming in the aftertaste. An immersive experience of Indian Summer Harvest 2021!","Morning","High","Assam, India","5 mins","Dark Amber"
"1636403488-1254","https://www.teabox.com/collections/tea","Darjeeling Samabeong Spring Black","https://www.teabox.com/collections/tea/products/samabeong-spring-darjeeling-black","null","Darjeeling
      
      
    
      
      
      
        Black","$39.99","Samabeong tea estate is one of the highest and remotest tea gardens of Darjeeling. Situated in Kalimpong and surrounded by the dense Neora Valley forests, this estate is home to a diverse range of native and migratory Himalayan birds. Known to produce distinguished first flush cups, this tea is organically cultivated at an altitude of 6000 ft. from a section exclusively planted with young, clonal tea plants. This cup is light-bodied and smooth that starts with soft floral tones! Towards the middle, tropical fruity flavors akin to cantaloupes appear. Zesty citron with sweet notes of candied pear can be perceived towards the end, making it a remarkable cup of First flush 2021.","Anytime","Medium","Darjeeling, India","4 mins","Light gold"
"1636403409-1241","https://www.teabox.com/collections/tea","Darjeeling Seeyok Moonbeam Summer Muscatel Black (Limited Edition)","https://www.teabox.com/collections/tea/products/moonbeam-summer-muscate-black-tea","null","Darjeeling
      
      
    
      
      
      
        Black","null","null","Anytime","Medium","Darjeeling, India","5 mins","Bright  Amber"
"1636403622-1281","https://www.teabox.com/collections/tea","Wayanad Cardamom Masala Chai","https://www.teabox.com/collections/tea/products/cardamom-chai-tea","null","Chai","$15.99","null","CTC BP","Hot","null","5 Mins","Venetian red"
"1636403371-1233","https://www.teabox.com/collections/tea","Darjeeling Margaret's Hope Summer Chinary Black","https://www.teabox.com/collections/tea/products/margaret-s-hope-summer-darjeeling-black-tea","null","Darjeeling
      
      
    
      
      
      
        Black","$12.99","Earlier known as Bara Ringtong, this revered tea estate was established in 1864 and rechristened as Margaret's Hope in 1927. A picturesque garden with two rivers flowing through and hosts a view of the incredible Himalayan peaks. We have traveled to this iconic tea estate to sample this freshly made Indian single estate tea. Medium-bodied, brisk with notes of Mirabelle plums and hints of nuts and red berries, experience a splendid cup of Indian Summer Harvest 2021!","Afternoon","Medium","Darjeeling, India","5 mins","Dark Amber"
"1636403464-1250","https://www.teabox.com/collections/tea","Darjeeling Giddapahar Summer Chinary Black","https://www.teabox.com/collections/tea/products/giddapahar-exotic-summer-darjeeling-black","null","Darjeeling
      
      
    
      
      
      
        Black","$15.99","Located in Kurseong Valley, Darjeeling, the beautiful Giddapahar tea estate is situated at 4864 ft. Known for its 120-year-old Chinary bushes, this garden produces top-notch Indian single estate summer flush teas. This year's produce is invigorating and fruity. As you sip, notes of apricots arrive. Subtle undertones of burnt wood and delicate cocoa greet the palate towards the middle. The base note is of chestnuts. A memorable experience of summer harvest Darjeeling 2021!","Afternoon","Medium","Darjeeling, India","5 mins","Dark Amber"
"1636403492-1255","https://www.teabox.com/collections/tea","Darjeeling Special Summer Oolong","https://www.teabox.com/collections/tea/products/oriental-beauty","null","Darjeeling
      
      
    
      
      
      
        Oolong","$21.99","null","Anytime","Low","null","4 mins","Gold"
"1636403547-1267","https://www.teabox.com/collections/tea","Organic Hibiscus Cinnamon Clove Green","https://www.teabox.com/collections/tea/products/organic-hibiscus-cinnamon-clove-green-tea","null","Green","null","We have blended natural hibiscus flower, cinnamon, clove, and green tea to produce a distinguished cup of green tea with standout spicy-sweet flavors. The mesmerizing color and the tanginess of the cup make it refreshing even when added with ice. Steep a potful of this and sip it all day long, perfect to serve your guests too.","null","Hot/Cold","null","3-4 mins","null"
"1636403614-1279","https://www.teabox.com/collections/tea","Kashmiri Kahwa Saffron (Kesar) Green","https://www.teabox.com/collections/tea/products/kashmiri-kahwa-chai-tea","null","Flavored Blend
      
      
    
      
      
      
        Green","$14.99","null","null","Hot","null","3 Mins","Golden yellow"
"1636403434-1245","https://www.teabox.com/collections/tea","Darjeeling Seeyok Summer Muscatel Black","https://www.teabox.com/collections/tea/products/seeyok-muscatel-summer-darjeeling-black-tea","null","Darjeeling
      
      
    
      
      
      
        Black","$33.99","Established in 1869, the Seeyok Tea Estate in Darjeeling is considered one of the most iconic tea gardens in the world. An organic plantation that is situated in Mirik Darjeeling, we have procured this rare Muscatel picked at 5000 feet. This Indian summer flush 2021 delicacy is medium-bodied, brisk, and fruity. As you begin sipping, notes of Muscat grapes and luscious peach arrive on the palate and stay for the entire length of the cup. Notes of cedar and chestnuts encircle towards the middle with delicious accents of Rainer cherries in the aftertaste. A memorable cup of second flush 2021!","Afternoon","Medium","Darjeeling, India","5 mins","Orange Amber"
"1636403597-1276","https://www.teabox.com/collections/tea","Darjeeling Lopchu Golden Orange Pekoe Black","https://www.teabox.com/collections/tea/products/lopchu-golden-orange-pekoe-darjeeling-black-tea","null","Darjeeling
      
      
    
      
      
      
        Black","$13.99","The flavors of a Lopchu are appreciated far and wide and produced quite consistently in this part of Darjeeling. The earthy aroma of this liquor has hints of raw fruits and red berries. And the sweetness of the earthy flavor is underlined by faint notes of burnt wood giving the liquor an exotic quality incomparable to any. The typical smokiness never leaves the cup making it one to relish and admire for a long time.","Morning","Medium","Darjeeling, India","5 mins","Dark Amber"
"1636403602-1277","https://www.teabox.com/collections/tea","Darjeeling Himalayan Wine","https://www.teabox.com/collections/tea/products/himalayan-wine-summer-darjeeling-black-tea","null","Darjeeling
      
      
    
      
      
      
        Black","$12.99","null","Hot","Morning","null","5 Mins","Light amber"
"1636403476-1252","https://www.teabox.com/collections/tea","Darjeeling Goomtee Summer Muscatel Black","https://www.teabox.com/collections/tea/products/goomtee-summer-darjeeling-black-tea1","null","Darjeeling
      
      
    
      
      
      
        Black","null","One of the oldest tea estates in Darjeeling, standing tall since 1899, the Goomtee tea estate is situated in the south of Kurseong. Grown at 4000 feet under the mist of hills, we have traveled to this estate and sampled this exquisite Muscatel. This Indian single estate tea is medium-bodied, pleasant, and fruity. From the start, notes of nectarines and apricots can be felt along with hints of musk. Notes of grapes come towards the middle that stays on the palate till the end. The aftertaste is tart-fruity, an exceptional cup of Indian Summer Flush 2021!","Evening","Medium","Darjeeling, India","5 mins","Amber"
"1636403439-1246","https://www.teabox.com/collections/tea","Darjeeling Castleton  Summer Muscatel Black","https://www.teabox.com/collections/tea/products/castleton-muscatel-summer-darjeeling-black-tea","null","Darjeeling
      
      
    
      
      
      
        Black","$31.99","One of the most iconic gardens in Darjeeling, established in 1885, the Castleton tea estate is where the Muscatels were first made. It was our chief master taster Mr. Arun Gomden who made the first batch of these elusive teas. The Muscatels from Castleton are sought after by tea aficionados around the world. Situated at 6000 ft. and plucked from a designated section of the estate, this tea is made only during summer flush. Located just an hour and a half away from our facility, we have procured this rare Muscatel fresh. As you sip this medium-bodied tea, delectable notes of peaches and prunes arrive. Notes of cedar and hazelnuts circle toward the middle with accents of Muscat grapes in the end. An unforgettable experience of Indian Second Harvest 2021, a true connoisseur's delight!","Afternoon","Medium","Darjeeling, India","5 mins","Light Amber"
"1636403483-1253","https://www.teabox.com/collections/tea","Darjeeling Oaks Spring Chinary Black","https://www.teabox.com/collections/tea/products/oaks-special-spring-darjeeling-chinary-black-tea","null","Darjeeling
      
      
    
      
      
      
        Black","$21.99","From the beautiful green Sonada valley in Darjeeling, located at 4500 feet, the Oaks Tea Estate is one of the oldest tea plantations in Darjeeling. Known for producing good quality chinary teas, this 2021 first flush tea is a fresh and brisk black tea. Distinct raw fruity notes grow into prominence as you begin sipping this cup. The aromas of cantaloupes emerge towards the middle with lingering raw guava hints in the aftertaste. A memorable experience of first flush chinary black tea!","Evening","Medium","Darjeeling, India","4 mins","Light gold"
"1636403534-1264","https://www.teabox.com/collections/tea","Organic Jasmine Green","https://www.teabox.com/collections/tea/products/teabox-organic-jasmine-green","null","Green","null","A cup to help you calm down! A century-old flower, known for its alluring fragrance, Jasmine's natural aroma is gentle. We have blended soothing Jasmine flowers with green tea to produce a cup that is refreshing, mellow with a soothing aroma. A cup to unwind after a long day!","null","Hot/Cold","null","3-4 mins","null"
"1636403530-1263","https://www.teabox.com/collections/tea","Organic Mint Green","https://www.teabox.com/collections/tea/products/teabox-organic-mint-green","null","Green","null","An everyday herb in Indian households, mint is consumed extensively in Indian kitchens. We have blended this incredibly refreshing peppermint and natural mint flavor with green tea to provide you a keep that enlivens you all day long. Steep it hot or iced, this green tea can be sipped any time of the day.","null","Hot/Cold","null","3-4 mins","null"
"1636403539-1265","https://www.teabox.com/collections/tea","Organic Turmeric Ginger Tulsi Green","https://www.teabox.com/collections/tea/products/organic-turmeric-ginger-tulsi-green-tea","null","Green","null","We have made this rejuvenating cup of green tea with the richness of turmeric, ginger, tulsi, and whole leaf green tea. Made for all timings of the day, it's a cup that will help your body enhance immunity and keep it warm and light. A delicious cup of green tea that will keep you longing for more.","null","Hot","null","3-4 mins","null"
"1636403360-1231","https://www.teabox.com/collections/tea","White Tea Collection","https://www.teabox.com/collections/tea/products/sample-of-all-white-teas","null","Sample Packs","null","null","null","null","null","null","null"
"1636403555-1269","https://www.teabox.com/collections/tea","Organic Chamomile Green","https://www.teabox.com/collections/tea/products/organic-chamomile-green-tea","null","Green","null","It's an evening indulgence! Known for its relaxing properties, a cup of chamomile is all you need after a long day to relax and calm yourself. This Egyptian botanical is blended with natural chamomile flowers and whole leaf green tea. A cup that needs no complements best enjoyed on its own. We remove the stalks so that you enjoy the goodness of only the flowers.","null","Hot","null","3-4 mins","null"
"1636403564-1271","https://www.teabox.com/collections/tea","Darjeeling Special Spring Silver Needle White","https://www.teabox.com/collections/tea/products/himalayan-silver-needle-spring-white-tea","null","Darjeeling
      
      
    
      
      
      
        White","$19.99","null","Afternoon","Low","null","5 mins","Champagne"
"1636403501-1257","https://www.teabox.com/collections/tea","Rose Mist White","https://www.teabox.com/collections/tea/products/rose-mist-summer-darjeeling-white-tea","null","Flavored Blend
      
      
    
      
      
      
        White","null","Suspended in the clouds, as our procurement teas source the finest white picked from high elevations, this blend is our representation of Darjeeling's ethereal beauty. An in-house blend of rare, premium Bai Mudan white tea and delicate rosebuds, our master blenders have handcrafted this blend gently. Lightly rolled, plucked fine two leaf and a bud white tea, delicately processed when mixed with lightly scented rosebuds, add just the right amount of fragrance and flavor not overwhelming the senses. The fine, tender rosebuds reminiscent of the rose valley in Bulgaria impart immense sweetness and a captivating aroma to the cup. An exotic blend, this low-caffeine tea is a perfect cup to indulge in at any time of the day.","null","Hot/Cold","null","5 Mins","Luminous greenish-cream"
"1636403646-1287","https://www.teabox.com/collections/tea","Assam Doomni Gold Summer Black","https://www.teabox.com/collections/tea/products/doomni-golden-pekoe-summer-assam-black-tea","null","Assam
      
      
    
      
      
      
        Black","$14.99","Established around 1928, the Doomni tea estate is one of the oldest tea plantations in Assam. Situated in the Baksa district, this estate is famed for producing top-quality summer malts. We have procured these classic summer teas, fresh from Doomni. With sweet notes of malts and hints of wood and yellow raisins, it's a sublime experience of the Indian Summer Harvest 2021!","Morning","High","Assam, India","5 mins","Dark Amber"
"1636403366-1232","https://www.teabox.com/collections/tea","Assam Singlijan Summer Black","https://www.teabox.com/collections/tea/products/singlijan-summer-black","null","Assam
      
      
    
      
      
      
        Black","$11.99","Singlijan tea estate gets its name from the Assamese word ‘Hingoolijan’ which means the ‘river of the Hingooli fish.’ About 271 hectares of the 400 hectare-wide estate is under tea, planted with high-quality clones. We have sourced these attractive golden tips fresh from Singlijan. Full-bodied, vibrant with notes of malt, dates & yellow raisins, making this cup a memorable cup of the Indian summer harvest!","Morning","High","Assam, India","5 mins","Dark amber"
"1636403652-1288","https://www.teabox.com/collections/tea","Assam Mangalam Gold Summer Black","https://www.teabox.com/collections/tea/products/mangalam-gold-summer-assam-black-tea","null","Assam
      
      
    
      
      
      
        Black","$24.99","Spread across 118-hectares in the Sibsagar district of Assam, the Mangalam tea estate is a proponent of the ideal layout of modern tea plantations. Close tea bush planting with 100% high-quality clonal teas, we have procured this exceptional black tea fresh and full of golden tips. Full-bodied, brisk, malty with notes of maple syrup, dried raisins & cocoa, it's an unforgettable experience of Indian Summer Harvest 2021.","Afternoon","High","Assam, India","5 mins","Amber"
"1636403618-1280","https://www.teabox.com/collections/tea","Kolkata Street Masala Chai","https://www.teabox.com/collections/tea/products/kolkata-street-chai-tea","null","Chai","$17.99","null","CTC BP","Hot","null","5 Mins","Bright deep red"
"1636403569-1272","https://www.teabox.com/collections/tea","Darjeeling Summer Muscatel Black","https://www.teabox.com/collections/tea/products/teabox-classic-summer-darjeeling-muscatel-black","null","Darjeeling
      
      
    
      
      
      
        Black","$19.99","This cup comes from the misty hills of Darjeeling. The only place in the world that can produce Muscatels. This blend, crafted by our master tea tasters by hand-selecting the finest Muscatels from iconic plantations of Darjeeling, is lively & medium-bodied. The sip feels strong with distinctive notes of Muscat grapes and nectarines that stay throughout the length of the cup. Luscious notes of stone-fruits with mild woody accents render a rounded feel on the palate. The aftertaste is of tart fruits.","Anytime","Medium","null","5 mins","Dark Amber"
"1636403497-1256","https://www.teabox.com/collections/tea","Nilgiri Havukal Winter Frost Black","https://www.teabox.com/collections/tea/products/havukal-frost-winter-nilgiri-black-tea","null","Nilgiri
      
      
    
      
      
      
        Black","$17.99","From the western ghats of Nilgiris, situated at an altitude of 5500 to 6000 feet, Havukal Tea Estate is one of the pristine tea gardens there. Known for producing exceptional winter flush teas, this tea is an incredibly aromatic black tea. A lively, medium-bodied cup that starts with subtle floral flavors, akin to yellow lilies and gardenia! Subtle tropical fruity undertones similar to cantaloupe arrive towards the middle. Light winter-green hints shore up towards the end to reveal refreshing floral accents. A memorable experience of winter flush tea.","Afternoon","Medium","null","5 mins","Bright Orange"
"1636403388-1237","https://www.teabox.com/collections/tea","Kewra Delight Oolong","https://www.teabox.com/collections/tea/products/kewra-delight-oolong","null","Flavored Blend
      
      
    
      
      
      
        Oolong","$9.99","Ring in the celebrations with a TEABOX exclusive Kewra flavored oolong. Kewra is a liquid extract from the flower of the Pandanus plant. It gives out a sweet rose-like floral fragrance which is pleasing and alluring. Kewra makes this oolong uniquely Indian in flavor and fits right into your bright celebrations. A subtle hint of chocolate uplifts the cup while the sweet spiciness of cardamom rounds it up refreshingly.","null","Hot","null","4 mins","Gold"
"1636403415-1242","https://www.teabox.com/collections/tea","Meghalaya Lakyrsiew Summer Clonal Black","https://www.teabox.com/collections/tea/products/lakyrsiew-summer-north-east-india-black-tea","null","Meghalaya
      
      
    
      
      
      
        Black","$38.99","Known as the best-kept secret tea garden of the North East, Lakysiew Tea Estate, is a true hidden gem situated in the Khasi Hills of Meghalaya. Facing the southern bank of Umiam Lake at an altitude of between 3000-4000 ft, the plantation involves dedicated contour planting on steep slopes. Paired with organic methods of cultivation results in a craft of producing delicate teas with magnificent quality. The summer arrival from this boutique plantation is a clonal black tea that greets the palate with a soft floral texture reminiscent of honeysuckle and Oriental lilies. Mesial notes of cantaloupe with subtle stone-fruity accents render depth and variety to the cup. The aftertaste of sweet grapes creates a sublime experience of the Indian Harvest 2021!","Afternoon","Medium","Meghalya, India","5 mins","Tangerine"
"1636403376-1234","https://www.teabox.com/collections/tea","Hibiscus Lemongrass Tisane","https://www.teabox.com/collections/tea/products/hibiscus-lush-herbal-tea","null","Flavored Blend","$14.99","null","null","Hot/Cold","null","5 Mins","Hibiscus red"
"1636403551-1268","https://www.teabox.com/collections/tea","Organic Dandelion Green","https://www.teabox.com/collections/tea/products/organic-dandelion-green-tea","null","Green","null","Rooted in history, the Dandelion root is a well-known botanical. We have blended this one for your everyday green tea drinking regime. Sip it at the start of the day or towards the end, its rich antioxidants keep you lively. Feel light; feel cleansed all day.","null","Hot","null","3-4 mins","null"
"1636403516-1260","https://www.teabox.com/collections/tea","Butterfly Blue Pea Flowers (Blue Amore)","https://www.teabox.com/collections/tea/products/blue-amore","null","Herbal","null","Butterfly blue pea flower","null","Hot/Cold","null","6 mins","Royal Blue"
"1636403449-1248","https://www.teabox.com/collections/tea","Darjeeling Upper Namring Spring Black","https://www.teabox.com/collections/tea/products/upper-namring-exotic-spring-darjeeling-black-tea","null","Darjeeling
      
      
    
      
      
      
        Black","$65.99","Dating back to 1855, located under the breathtaking views of Mount Kanchenjunga, the Upper Namring tea estate is known to produce exceptional Darjeeling teas. This year 2021, the spring has arrived in full bloom at Upper Namring. As you begin sipping this cup, delicate flavors of white lilies and geranium envelope your palate. Towards the middle, fresh tropical fruits akin to muskmelon add a fruity character. Hints of citrus fruits and spring sap come right before the end. Steep it again to relish the succulent flavors of raw mangoes. Add ice for an enthralling experience of first flush 2021!","Anytime","Medium","Darjeeling, India","4 mins","Champagne"
"1636403354-1230","https://www.teabox.com/collections/tea","Darjeeling Spring Chinary Black","https://www.teabox.com/collections/tea/products/darjeeling-himalayan-blend","null","Darjeeling
      
      
    
      
      
      
        Black","$21.99","Handcrafted by our master tea tasters, we have picked fresh 2021 chinary first flush teas from Darjeeling. This black tea is pleasant, medium-bodied, and brisk. As you sip, vibrant green attributes arrive with notes of unripe tree fruit. With aromas of mangosteen and base notes of dried figs, the experience of this Darjeeling is a memorable one.","Evening","Medium","null","5 mins","Gold"
"1636403521-1261","https://www.teabox.com/collections/tea","Ivory Geranium Blossom White","https://www.teabox.com/collections/tea/products/ivory-blossom","null","White","$35.99","null","null","Hot/Cold","null","5 mins","Bright, luminous ivory"
"1636403444-1247","https://www.teabox.com/collections/tea","Darjeeling Jungpana Summer Muscatel Black","https://www.teabox.com/collections/tea/products/jungpana-muscatel-summer-darjeeling-organic-black-tea","null","Darjeeling
      
      
    
      
      
      
        Black","null","Located in Kurseong Darjeeling, the Jungpana tea estate earlier used to be accessed through 600 man-made steps, now can be reached through a metallic bridge. However, the estate remains in the abode of two lush Himalayan rivers. Located at 4854 feet, we have traveled to Jungpana and procured this Muscatel fresh. Luscious fruity attributes define the experience of this Indian cup. Tart drupes and Mirabelle plums envelop the palate right at the start. Hints of musk and cherries circle around the middle. The base note is of nuts and blackcurrants. A distinguished experience of summer flush 2021!","Afternoon","Medium","Darjeeling, India","5 mins","Dark Amber"
"1636403380-1235","https://www.teabox.com/collections/tea","Darjeeling Exotic Moonlight White","https://www.teabox.com/collections/tea/products/darjeeling-exotic-moonlight-white","null","Darjeeling
      
      
    
      
      
      
        White","$29.99","Our expert master tasters have crafted this batch only from the finest Darjeeling tea. Fresh moonlights sourced from the iconic estates of Darjeeling that are earlier plucked and manufactured with a certain technique in the early morning, allowing the fresh mountain air from the Himalayas to seep in the tea. And the result, incredibly soft white silvery buds with downy hair that makes for an immensely aromatic cup. Notes of Asiatic lilies and fuchsia peonies with tropical fruity undertones hum for a long duration of the cup. Around the middle, white peaches and green mangoes circle with fresh green hints towards the end. Add ice for a second steep to experience flavors of raw mangoes. A memorable experience of the First flush 2021 Darjeeling tea!","Evening","Low","null","5 mins","Champagne"
"1636403629-1283","https://www.teabox.com/collections/tea","Bombay Cutting Masala Chai","https://www.teabox.com/collections/tea/products/bombay-cutting-chai-tea","null","Chai","$15.99","null","CTC BP","Hot","null","5 Mins","Deep copper"
"1636403578-1274","https://www.teabox.com/collections/tea","Champer's Holiday","https://www.teabox.com/collections/tea/products/champers-holiday","null","Flavored Blend
      
      
    
      
      
      
        White","$34.99","null","null","Hot","null","5 min","White gold"
"1636403404-1240","https://www.teabox.com/collections/tea","Nilgiri Glendale Winter Frost Twirl Black","https://www.teabox.com/collections/tea/products/glendale-winter-frost-twirl-black","null","Nilgiri
      
      
    
      
      
      
        Black","$31.99","In the last few years, Glendale has gained recognition for producing exquisite winter flush teas. With a distinct character and a unique flavor profile- the winter flush teas from this estate have earned a great appreciation from tea aficionados. This year's winter cup is a memorable one. As you start tasting this cup, delicate fruity flavors arrive and stay for the entire duration. Notes of wintergreen oil add a distinguished texture in the middle and end on a sweet fragrance of amaryllis, a rare medium-bodied cup of winter flush from the blue hills!","Anytime","Medium","null","5 mins","Light Orange"
"1636403560-1270","https://www.teabox.com/collections/tea","Organic Ashwagandha Green","https://www.teabox.com/collections/tea/products/organic-ashwagandha-green-tea","null","Green","null","Consumed for centuries, Ashwagandha, or Indian Ginseng, is a traditional Indian wonder herb well-known for its diverse beneficial properties, ranging from immunity to stress relief. A balanced powerhouse of energy, we have blended Ashwagandha with green cardamom and organic whole leaf green tea to give you a unique and delicious woody cup. Relish any time of the day!","null","Hot","null","3-4 mins","null"
"1636403637-1285","https://www.teabox.com/collections/tea","Rum & Raisin","https://www.teabox.com/collections/tea/products/arum-raisin-tea","null","Flavored Blend
      
      
    
      
      
      
        Black","null","This tea is made for celebrations! It's sweet, full-flavored and brims with luscious notes of dark rum, black raisins, and dry dates. The cup is superbly rounded and smooth, hooking your senses right from the first sip. Drink it hot or make it a part of one of your winter cocktails, just be sure to make a large batch for those second and third servings that are sure to come.","null","Hot","null","5 min","Deep Amber"
"1636403506-1258","https://www.teabox.com/collections/tea","Darjeeling Margaret's Hope Moonlight Spring White","https://www.teabox.com/collections/tea/products/margaret-s-hope-moonlight-spring-darjeeling-white-tea","null","Darjeeling
      
      
    
      
      
      
        White","null","Established in 1864 in the breathtaking valleys of Kurseong, Margaret's Hope is synonyms to Darjeeling. Earlier known as Bara Ringtong, it's a picturesque tea garden with two rivers flowing through it. This gorgeous tea garden is Rainforest and Utz certified which makes their offering sustainable. Located at 5000 feet with views of the Himalayas, this estate is famed to produce exceptional first flush cups. This offering from 2021 is light-bodied and velvety. Notes of Asiatic lilies and hyacinth arrive and hum throughout the length. Luscious notes of fruits akin to muskmelon with subtle hints of moonflowers linger in the aftertaste. An incredible experience for the palate and can be steeped twice. Add ice for a captivating experience. An outstanding cup of First Flush 2021, must-have for Darjeeling tea lovers.","Anytime","Low","Darjeeling, India","4 mins","Light Gold"
"1636403610-1278","https://www.teabox.com/collections/tea","Darjeeling Giddapahar Classic Autumn Black","https://www.teabox.com/collections/tea/products/giddapahar-autumn-darjeeling-black-tea","null","Darjeeling
      
      
    
      
      
      
        Black","$34.96","Autumn flush brings well-balanced flavors, sweet and earthy. This black tea from Giddapahar blooms with such earthy aromas. As you begin tasting this medium-bodied cup of tea, notes of wood and nuts greet your palate. Delicate vegetal notes and hints of unripe tree fruits in the middle add a great texture to the liquor. A light nutty aftertaste lingers on.","Afternoon","Medium","Darjeeling, India","4 mins","Orange Amber"
"1636403384-1236","https://www.teabox.com/collections/tea","Be CALM - Stress Reliever Herbal Tea","https://www.teabox.com/collections/tea/products/be-calm-stress-reliever-tea","null","Wellness","$18.99","null","null","Hot","null","7 Mins","null"
"1636403589-1275","https://www.teabox.com/collections/tea","Darjeeling Goomtee Classic Autumn Black","https://www.teabox.com/collections/tea/products/goomtee-autumn-darjeeling-black-tea","null","Darjeeling
      
      
    
      
      
      
        Black","$31.46","Before temperatures begin to drop in Darjeeling, the autumn flush arrives. A small-batch picking, this tea brings out delicate flavors. One such delicacy is this autumn tea from Goomtee. As you sip this fragrant black tea, notes of citrus fruits and drupes arrive on the palate. Subtle hints of stone fruits come in the middle adding strength to the cup. The aftertaste is sweet pulpy.","Anytime","Medium","Darjeeling, India","5 mins","Orange maple"
"1636403351-1229","https://www.teabox.com/collections/tea","Darjeeling Makaibari Summer Clonal Black","https://www.teabox.com/collections/tea/products/makaibari-summer-clonal-black","null","Darjeeling
      
      
    
      
      
      
        Black","$32.99","The world's first tea factory, established in 1859, Makaibari is one of the oldest tea gardens in India. Located in Kurseong, it is the only tea garden in Darjeeling owned by an Indian family throughout from its inception with no British connections. We have traveled and sampled their exquisite clonal cups of summer 2021 that are rare to find this season. This cup is immensely smooth. As you sip, soft floral notes of honeysuckle and amaryllis envelop the palate right at the start. Muskmelon with notes of grapes envelops the palate towards the middle. The aftertaste is of honey, a sublime experience of Indian Summer Harvest 2021.","Anytime","Medium","Darjeeling, India","4 mins","Apricot-Orange"
"1636403641-1286","https://www.teabox.com/collections/tea","Darjeeling Special Spring White","https://www.teabox.com/collections/tea/products/wonder-spring-darjeeling-white-tea","null","Darjeeling
      
      
    
      
      
      
        White","$20.99","If you are looking to get acquainted with white teas then you can safely start here. This outstanding tea is a crafty blend of superior clonals giving out complex flavors to keep you piqued. The flavors are topped with a prominent citrusy note alongside typical floral-fruity flavors. This tea is a great way to enjoy and explore the prized Darjeeling whites and get a little ahead in your tea journey.","Anytime","Low","null","5 mins","Light Gold"
"1636403633-1284","https://www.teabox.com/collections/tea","Rasayana Ayurvedic Chai (Evening)","https://www.teabox.com/collections/tea/products/rasayana-ayurvedic-chai","null","Chai
      
      
    
      
      
      
        Wellness","$17.99","Masterfully blended and crafted to perfection with Ayurvedic herbs & spices, we have created Rasayana Ayurvedic Chai to help you calm down at the end of the day. Ashwagandha aids in busting anxiety, stress, and exhaustion. Turmeric is rich in anti-microbial and anti-inflammatory properties. The aromatic green cardamom and licorice, heady notes of cinnamon, and star anise help you unwind and feel at home. Sip every evening and be at peace!","null","Hot","null","5 Mins","null"
"1636403625-1282","https://www.teabox.com/collections/tea","Caramel Spice Chai","https://www.teabox.com/collections/tea/products/caramel-spice-chai","null","Chai","$17.99","A celebration’s not complete until you’ve had some delectable dessert. This brisk chai is made exclusively for grand festivities and celebrations. The luscious caramel and cinnamon fills the cup making it truly jubilant with their pleasant sweetness and lending the liquor a creamy texture. The warmth and subtle aroma of cinnamon can be traced around the edges which makes the experience lively ending in a soft note of butterscotch. Revel in the flavors of this hearty drink and liven up the festivities.","null","Hot","null","5 mins","Dark amber"
